filepath,true_label,predicted_label
/Users/nafisebahoosh/Developer/DataScience/brain-tumor-classification/data/raw/brain_mri/test/glioma_tumor/bright_img_101_1308.png,0,0
/Users/nafisebahoosh/Developer/DataScience/brain-tumor-classification/data/raw/brain_mri/test/glioma_tumor/bright_img_104_1311.png,0,1
/Users/nafisebahoosh/Developer/DataScience/brain-tumor-classification/data/raw/brain_mri/test/glioma_tumor/bright_img_108_1315.png,0,0
/Users/nafisebahoosh/Developer/DataScience/brain-tumor-classification/data/raw/brain_mri/test/glioma_tumor/bright_img_10_1306.png,0,1
/Users/nafisebahoosh/Developer/DataScience/brain-tumor-classification/data/raw/brain_mri/test/glioma_tumor/bright_img_114_1322.png,0,0
/Users/nafisebahoosh/Developer/DataScience/brain-tumor-classification/data/raw/brain_mri/test/glioma_tumor/bright_img_11_1317.png,0,0
/Users/nafisebahoosh/Developer/DataScience/brain-tumor-classification/data/raw/brain_mri/test/glioma_tumor/bright_img_120_1329.png,0,1
/Users/nafisebahoosh/Developer/DataScience/brain-tumor-classification/data/raw/brain_mri/test/glioma_tumor/bright_img_129_1338.png,0,0
/Users/nafisebahoosh/Developer/DataScience/brain-tumor-classification/data/raw/brain_mri/test/glioma_tumor/bright_img_130_1340.png,0,0
/Users/nafisebahoosh/Developer/DataScience/brain-tumor-classification/data/raw/brain_mri/test/glioma_tumor/bright_img_136_1346.png,0,1
/Users/nafisebahoosh/Developer/DataScience/brain-tumor-classification/data/raw/brain_mri/test/glioma_tumor/bright_img_137_1347.png,0,0
/Users/nafisebahoosh/Developer/DataScience/brain-tumor-classification/data/raw/brain_mri/test/glioma_tumor/bright_img_145_1356.png,0,1
/Users/nafisebahoosh/Developer/DataScience/brain-tumor-classification/data/raw/brain_mri/test/glioma_tumor/bright_img_149_1360.png,0,1
/Users/nafisebahoosh/Developer/DataScience/brain-tumor-classification/data/raw/brain_mri/test/glioma_tumor/bright_img_153_1365.png,0,0
/Users/nafisebahoosh/Developer/DataScience/brain-tumor-classification/data/raw/brain_mri/test/glioma_tumor/bright_img_162_1375.png,0,0
/Users/nafisebahoosh/Developer/DataScience/brain-tumor-classification/data/raw/brain_mri/test/glioma_tumor/bright_img_177_1391.png,0,2
/Users/nafisebahoosh/Developer/DataScience/brain-tumor-classification/data/raw/brain_mri/test/glioma_tumor/bright_img_185_1400.png,0,0
/Users/nafisebahoosh/Developer/DataScience/brain-tumor-classification/data/raw/brain_mri/test/glioma_tumor/bright_img_1_1.png,0,0
/Users/nafisebahoosh/Developer/DataScience/brain-tumor-classification/data/raw/brain_mri/test/glioma_tumor/bright_img_202_1420.png,0,0
/Users/nafisebahoosh/Developer/DataScience/brain-tumor-classification/data/raw/brain_mri/test/glioma_tumor/bright_img_209_1427.png,0,0
/Users/nafisebahoosh/Developer/DataScience/brain-tumor-classification/data/raw/brain_mri/test/glioma_tumor/bright_img_213_1432.png,0,0
/Users/nafisebahoosh/Developer/DataScience/brain-tumor-classification/data/raw/brain_mri/test/glioma_tumor/bright_img_227_1447.png,0,1
/Users/nafisebahoosh/Developer/DataScience/brain-tumor-classification/data/raw/brain_mri/test/glioma_tumor/bright_img_22_1439.png,0,0
/Users/nafisebahoosh/Developer/DataScience/brain-tumor-classification/data/raw/brain_mri/test/glioma_tumor/bright_img_242_1464.png,0,0
/Users/nafisebahoosh/Developer/DataScience/brain-tumor-classification/data/raw/brain_mri/test/glioma_tumor/bright_img_247_1469.png,0,0
/Users/nafisebahoosh/Developer/DataScience/brain-tumor-classification/data/raw/brain_mri/test/glioma_tumor/bright_img_248_1470.png,0,1
/Users/nafisebahoosh/Developer/DataScience/brain-tumor-classification/data/raw/brain_mri/test/glioma_tumor/bright_img_24_1461.png,0,0
/Users/nafisebahoosh/Developer/DataScience/brain-tumor-classification/data/raw/brain_mri/test/glioma_tumor/bright_img_258_1481.png,0,0
/Users/nafisebahoosh/Developer/DataScience/brain-tumor-classification/data/raw/brain_mri/test/glioma_tumor/bright_img_27_20.png,0,1
/Users/nafisebahoosh/Developer/DataScience/brain-tumor-classification/data/raw/brain_mri/test/glioma_tumor/bright_img_282_1508.png,0,0
/Users/nafisebahoosh/Developer/DataScience/brain-tumor-classification/data/raw/brain_mri/test/glioma_tumor/bright_img_293_1520.png,0,1
/Users/nafisebahoosh/Developer/DataScience/brain-tumor-classification/data/raw/brain_mri/test/glioma_tumor/bright_img_2_12.png,0,0
/Users/nafisebahoosh/Developer/DataScience/brain-tumor-classification/data/raw/brain_mri/test/glioma_tumor/bright_img_304_1533.png,0,1
/Users/nafisebahoosh/Developer/DataScience/brain-tumor-classification/data/raw/brain_mri/test/glioma_tumor/bright_img_313_1543.png,0,0
/Users/nafisebahoosh/Developer/DataScience/brain-tumor-classification/data/raw/brain_mri/test/glioma_tumor/bright_img_330_1562.png,0,0
/Users/nafisebahoosh/Developer/DataScience/brain-tumor-classification/data/raw/brain_mri/test/glioma_tumor/bright_img_335_1567.png,0,2
/Users/nafisebahoosh/Developer/DataScience/brain-tumor-classification/data/raw/brain_mri/test/glioma_tumor/bright_img_340_1573.png,0,3
/Users/nafisebahoosh/Developer/DataScience/brain-tumor-classification/data/raw/brain_mri/test/glioma_tumor/bright_img_346_1579.png,0,0
/Users/nafisebahoosh/Developer/DataScience/brain-tumor-classification/data/raw/brain_mri/test/glioma_tumor/bright_img_347_1580.png,0,0
/Users/nafisebahoosh/Developer/DataScience/brain-tumor-classification/data/raw/brain_mri/test/glioma_tumor/bright_img_353_1587.png,0,0
/Users/nafisebahoosh/Developer/DataScience/brain-tumor-classification/data/raw/brain_mri/test/glioma_tumor/bright_img_359_1593.png,0,0
/Users/nafisebahoosh/Developer/DataScience/brain-tumor-classification/data/raw/brain_mri/test/glioma_tumor/bright_img_368_1603.png,0,0
/Users/nafisebahoosh/Developer/DataScience/brain-tumor-classification/data/raw/brain_mri/test/glioma_tumor/bright_img_36_1594.png,0,0
/Users/nafisebahoosh/Developer/DataScience/brain-tumor-classification/data/raw/brain_mri/test/glioma_tumor/bright_img_376_1612.png,0,1
/Users/nafisebahoosh/Developer/DataScience/brain-tumor-classification/data/raw/brain_mri/test/glioma_tumor/bright_img_382_1619.png,0,0
/Users/nafisebahoosh/Developer/DataScience/brain-tumor-classification/data/raw/brain_mri/test/glioma_tumor/bright_img_385_1622.png,0,1
/Users/nafisebahoosh/Developer/DataScience/brain-tumor-classification/data/raw/brain_mri/test/glioma_tumor/bright_img_386_1623.png,0,0
/Users/nafisebahoosh/Developer/DataScience/brain-tumor-classification/data/raw/brain_mri/test/glioma_tumor/bright_img_391_1629.png,0,0
/Users/nafisebahoosh/Developer/DataScience/brain-tumor-classification/data/raw/brain_mri/test/glioma_tumor/bright_img_394_1632.png,0,1
/Users/nafisebahoosh/Developer/DataScience/brain-tumor-classification/data/raw/brain_mri/test/glioma_tumor/bright_img_396_1634.png,0,0
/Users/nafisebahoosh/Developer/DataScience/brain-tumor-classification/data/raw/brain_mri/test/glioma_tumor/bright_img_401_1641.png,0,0
/Users/nafisebahoosh/Developer/DataScience/brain-tumor-classification/data/raw/brain_mri/test/glioma_tumor/bright_img_404_1644.png,0,0
/Users/nafisebahoosh/Developer/DataScience/brain-tumor-classification/data/raw/brain_mri/test/glioma_tumor/bright_img_405_1645.png,0,0
/Users/nafisebahoosh/Developer/DataScience/brain-tumor-classification/data/raw/brain_mri/test/glioma_tumor/bright_img_407_1647.png,0,0
/Users/nafisebahoosh/Developer/DataScience/brain-tumor-classification/data/raw/brain_mri/test/glioma_tumor/bright_img_429_1671.png,0,0
/Users/nafisebahoosh/Developer/DataScience/brain-tumor-classification/data/raw/brain_mri/test/glioma_tumor/bright_img_42_1661.png,0,1
/Users/nafisebahoosh/Developer/DataScience/brain-tumor-classification/data/raw/brain_mri/test/glioma_tumor/bright_img_437_1680.png,0,0
/Users/nafisebahoosh/Developer/DataScience/brain-tumor-classification/data/raw/brain_mri/test/glioma_tumor/bright_img_438_1681.png,0,0
/Users/nafisebahoosh/Developer/DataScience/brain-tumor-classification/data/raw/brain_mri/test/glioma_tumor/bright_img_449_1693.png,0,2
/Users/nafisebahoosh/Developer/DataScience/brain-tumor-classification/data/raw/brain_mri/test/glioma_tumor/bright_img_462_1708.png,0,1
/Users/nafisebahoosh/Developer/DataScience/brain-tumor-classification/data/raw/brain_mri/test/glioma_tumor/bright_img_466_1712.png,0,1
/Users/nafisebahoosh/Developer/DataScience/brain-tumor-classification/data/raw/brain_mri/test/glioma_tumor/bright_img_502_1753.png,0,0
/Users/nafisebahoosh/Developer/DataScience/brain-tumor-classification/data/raw/brain_mri/test/glioma_tumor/bright_img_529_1782.png,0,0
/Users/nafisebahoosh/Developer/DataScience/brain-tumor-classification/data/raw/brain_mri/test/glioma_tumor/bright_img_539_1793.png,0,0
/Users/nafisebahoosh/Developer/DataScience/brain-tumor-classification/data/raw/brain_mri/test/glioma_tumor/bright_img_544_1799.png,0,1
/Users/nafisebahoosh/Developer/DataScience/brain-tumor-classification/data/raw/brain_mri/test/glioma_tumor/bright_img_555_1811.png,0,0
/Users/nafisebahoosh/Developer/DataScience/brain-tumor-classification/data/raw/brain_mri/test/glioma_tumor/bright_img_55_1805.png,0,0
/Users/nafisebahoosh/Developer/DataScience/brain-tumor-classification/data/raw/brain_mri/test/glioma_tumor/bright_img_565_1822.png,0,0
/Users/nafisebahoosh/Developer/DataScience/brain-tumor-classification/data/raw/brain_mri/test/glioma_tumor/bright_img_572_1830.png,0,0
/Users/nafisebahoosh/Developer/DataScience/brain-tumor-classification/data/raw/brain_mri/test/glioma_tumor/bright_img_584_1843.png,0,0
/Users/nafisebahoosh/Developer/DataScience/brain-tumor-classification/data/raw/brain_mri/test/glioma_tumor/bright_img_58_11806.png,0,0
/Users/nafisebahoosh/Developer/DataScience/brain-tumor-classification/data/raw/brain_mri/test/glioma_tumor/bright_img_59_1849.png,0,0
/Users/nafisebahoosh/Developer/DataScience/brain-tumor-classification/data/raw/brain_mri/test/glioma_tumor/bright_img_602_1864.png,0,0
/Users/nafisebahoosh/Developer/DataScience/brain-tumor-classification/data/raw/brain_mri/test/glioma_tumor/bright_img_613_1876.png,0,0
/Users/nafisebahoosh/Developer/DataScience/brain-tumor-classification/data/raw/brain_mri/test/glioma_tumor/bright_img_652_1919.png,0,1
/Users/nafisebahoosh/Developer/DataScience/brain-tumor-classification/data/raw/brain_mri/test/glioma_tumor/bright_img_659_1926.png,0,0
/Users/nafisebahoosh/Developer/DataScience/brain-tumor-classification/data/raw/brain_mri/test/glioma_tumor/bright_img_667_1935.png,0,1
/Users/nafisebahoosh/Developer/DataScience/brain-tumor-classification/data/raw/brain_mri/test/glioma_tumor/bright_img_66_63.png,0,0
/Users/nafisebahoosh/Developer/DataScience/brain-tumor-classification/data/raw/brain_mri/test/glioma_tumor/bright_img_671_1940.png,0,0
/Users/nafisebahoosh/Developer/DataScience/brain-tumor-classification/data/raw/brain_mri/test/glioma_tumor/bright_img_686_1956.png,0,0
/Users/nafisebahoosh/Developer/DataScience/brain-tumor-classification/data/raw/brain_mri/test/glioma_tumor/bright_img_68_1949.png,0,0
/Users/nafisebahoosh/Developer/DataScience/brain-tumor-classification/data/raw/brain_mri/test/glioma_tumor/bright_img_70_68.png,0,1
/Users/nafisebahoosh/Developer/DataScience/brain-tumor-classification/data/raw/brain_mri/test/glioma_tumor/bright_img_714_1988.png,0,1
/Users/nafisebahoosh/Developer/DataScience/brain-tumor-classification/data/raw/brain_mri/test/glioma_tumor/bright_img_726_2001.png,0,1
/Users/nafisebahoosh/Developer/DataScience/brain-tumor-classification/data/raw/brain_mri/test/glioma_tumor/bright_img_72_1994.png,0,0
/Users/nafisebahoosh/Developer/DataScience/brain-tumor-classification/data/raw/brain_mri/test/glioma_tumor/bright_img_76_11826.png,0,0
/Users/nafisebahoosh/Developer/DataScience/brain-tumor-classification/data/raw/brain_mri/test/glioma_tumor/bright_img_79_11829.png,0,1
/Users/nafisebahoosh/Developer/DataScience/brain-tumor-classification/data/raw/brain_mri/test/glioma_tumor/bright_img_79_77.png,0,0
/Users/nafisebahoosh/Developer/DataScience/brain-tumor-classification/data/raw/brain_mri/test/glioma_tumor/bright_img_80_2020.png,0,0
/Users/nafisebahoosh/Developer/DataScience/brain-tumor-classification/data/raw/brain_mri/test/glioma_tumor/bright_img_81_11832.png,0,0
/Users/nafisebahoosh/Developer/DataScience/brain-tumor-classification/data/raw/brain_mri/test/glioma_tumor/bright_img_81_80.png,0,0
/Users/nafisebahoosh/Developer/DataScience/brain-tumor-classification/data/raw/brain_mri/test/glioma_tumor/bright_img_82_11833.png,0,1
/Users/nafisebahoosh/Developer/DataScience/brain-tumor-classification/data/raw/brain_mri/test/glioma_tumor/bright_img_87_2027.png,0,0
/Users/nafisebahoosh/Developer/DataScience/brain-tumor-classification/data/raw/brain_mri/test/glioma_tumor/flip_horz_104_2047.png,0,0
/Users/nafisebahoosh/Developer/DataScience/brain-tumor-classification/data/raw/brain_mri/test/glioma_tumor/flip_horz_10_11845.png,0,1
/Users/nafisebahoosh/Developer/DataScience/brain-tumor-classification/data/raw/brain_mri/test/glioma_tumor/flip_horz_10_2042.png,0,1
/Users/nafisebahoosh/Developer/DataScience/brain-tumor-classification/data/raw/brain_mri/test/glioma_tumor/flip_horz_111_2055.png,0,0
/Users/nafisebahoosh/Developer/DataScience/brain-tumor-classification/data/raw/brain_mri/test/glioma_tumor/flip_horz_133_2079.png,0,1
/Users/nafisebahoosh/Developer/DataScience/brain-tumor-classification/data/raw/brain_mri/test/glioma_tumor/flip_horz_138_2084.png,0,1
/Users/nafisebahoosh/Developer/DataScience/brain-tumor-classification/data/raw/brain_mri/test/glioma_tumor/flip_horz_13_104.png,0,1
/Users/nafisebahoosh/Developer/DataScience/brain-tumor-classification/data/raw/brain_mri/test/glioma_tumor/flip_horz_172_2122.png,0,0
/Users/nafisebahoosh/Developer/DataScience/brain-tumor-classification/data/raw/brain_mri/test/glioma_tumor/flip_horz_175_2125.png,0,1
/Users/nafisebahoosh/Developer/DataScience/brain-tumor-classification/data/raw/brain_mri/test/glioma_tumor/flip_horz_194_2146.png,0,0
/Users/nafisebahoosh/Developer/DataScience/brain-tumor-classification/data/raw/brain_mri/test/glioma_tumor/flip_horz_196_2148.png,0,1
/Users/nafisebahoosh/Developer/DataScience/brain-tumor-classification/data/raw/brain_mri/test/glioma_tumor/flip_horz_207_2161.png,0,0
/Users/nafisebahoosh/Developer/DataScience/brain-tumor-classification/data/raw/brain_mri/test/glioma_tumor/flip_horz_210_2165.png,0,0
/Users/nafisebahoosh/Developer/DataScience/brain-tumor-classification/data/raw/brain_mri/test/glioma_tumor/flip_horz_213_2168.png,0,0
/Users/nafisebahoosh/Developer/DataScience/brain-tumor-classification/data/raw/brain_mri/test/glioma_tumor/flip_horz_214_2169.png,0,0
/Users/nafisebahoosh/Developer/DataScience/brain-tumor-classification/data/raw/brain_mri/test/glioma_tumor/flip_horz_21_113.png,0,0
/Users/nafisebahoosh/Developer/DataScience/brain-tumor-classification/data/raw/brain_mri/test/glioma_tumor/flip_horz_224_2180.png,0,1
/Users/nafisebahoosh/Developer/DataScience/brain-tumor-classification/data/raw/brain_mri/test/glioma_tumor/flip_horz_232_2189.png,0,0
/Users/nafisebahoosh/Developer/DataScience/brain-tumor-classification/data/raw/brain_mri/test/glioma_tumor/flip_horz_233_2190.png,0,0
/Users/nafisebahoosh/Developer/DataScience/brain-tumor-classification/data/raw/brain_mri/test/glioma_tumor/flip_horz_248_2206.png,0,1
/Users/nafisebahoosh/Developer/DataScience/brain-tumor-classification/data/raw/brain_mri/test/glioma_tumor/flip_horz_250_2209.png,0,0
/Users/nafisebahoosh/Developer/DataScience/brain-tumor-classification/data/raw/brain_mri/test/glioma_tumor/flip_horz_259_2218.png,0,1
/Users/nafisebahoosh/Developer/DataScience/brain-tumor-classification/data/raw/brain_mri/test/glioma_tumor/flip_horz_264_2224.png,0,3
/Users/nafisebahoosh/Developer/DataScience/brain-tumor-classification/data/raw/brain_mri/test/glioma_tumor/flip_horz_26_2219.png,0,2
/Users/nafisebahoosh/Developer/DataScience/brain-tumor-classification/data/raw/brain_mri/test/glioma_tumor/flip_horz_270_2231.png,0,0
/Users/nafisebahoosh/Developer/DataScience/brain-tumor-classification/data/raw/brain_mri/test/glioma_tumor/flip_horz_280_2242.png,0,1
/Users/nafisebahoosh/Developer/DataScience/brain-tumor-classification/data/raw/brain_mri/test/glioma_tumor/flip_horz_297_2260.png,0,1
/Users/nafisebahoosh/Developer/DataScience/brain-tumor-classification/data/raw/brain_mri/test/glioma_tumor/flip_horz_306_2271.png,0,1
/Users/nafisebahoosh/Developer/DataScience/brain-tumor-classification/data/raw/brain_mri/test/glioma_tumor/flip_horz_314_2280.png,0,0
/Users/nafisebahoosh/Developer/DataScience/brain-tumor-classification/data/raw/brain_mri/test/glioma_tumor/flip_horz_315_2281.png,0,0
/Users/nafisebahoosh/Developer/DataScience/brain-tumor-classification/data/raw/brain_mri/test/glioma_tumor/flip_horz_31_11868.png,0,1
/Users/nafisebahoosh/Developer/DataScience/brain-tumor-classification/data/raw/brain_mri/test/glioma_tumor/flip_horz_352_2322.png,0,1
/Users/nafisebahoosh/Developer/DataScience/brain-tumor-classification/data/raw/brain_mri/test/glioma_tumor/flip_horz_355_2325.png,0,0
/Users/nafisebahoosh/Developer/DataScience/brain-tumor-classification/data/raw/brain_mri/test/glioma_tumor/flip_horz_371_2343.png,0,0
/Users/nafisebahoosh/Developer/DataScience/brain-tumor-classification/data/raw/brain_mri/test/glioma_tumor/flip_horz_377_2349.png,0,1
/Users/nafisebahoosh/Developer/DataScience/brain-tumor-classification/data/raw/brain_mri/test/glioma_tumor/flip_horz_386_2359.png,0,0
/Users/nafisebahoosh/Developer/DataScience/brain-tumor-classification/data/raw/brain_mri/test/glioma_tumor/flip_horz_400_2376.png,0,0
/Users/nafisebahoosh/Developer/DataScience/brain-tumor-classification/data/raw/brain_mri/test/glioma_tumor/flip_horz_402_2378.png,0,1
/Users/nafisebahoosh/Developer/DataScience/brain-tumor-classification/data/raw/brain_mri/test/glioma_tumor/flip_horz_413_2390.png,0,0
/Users/nafisebahoosh/Developer/DataScience/brain-tumor-classification/data/raw/brain_mri/test/glioma_tumor/flip_horz_429_2407.png,0,0
/Users/nafisebahoosh/Developer/DataScience/brain-tumor-classification/data/raw/brain_mri/test/glioma_tumor/flip_horz_42_11880.png,0,0
/Users/nafisebahoosh/Developer/DataScience/brain-tumor-classification/data/raw/brain_mri/test/glioma_tumor/flip_horz_434_2413.png,0,0
/Users/nafisebahoosh/Developer/DataScience/brain-tumor-classification/data/raw/brain_mri/test/glioma_tumor/flip_horz_444_2424.png,0,0
/Users/nafisebahoosh/Developer/DataScience/brain-tumor-classification/data/raw/brain_mri/test/glioma_tumor/flip_horz_44_138.png,0,0
/Users/nafisebahoosh/Developer/DataScience/brain-tumor-classification/data/raw/brain_mri/test/glioma_tumor/flip_horz_44_2419.png,0,0
/Users/nafisebahoosh/Developer/DataScience/brain-tumor-classification/data/raw/brain_mri/test/glioma_tumor/flip_horz_45_11883.png,0,0
/Users/nafisebahoosh/Developer/DataScience/brain-tumor-classification/data/raw/brain_mri/test/glioma_tumor/flip_horz_462_2444.png,0,1
/Users/nafisebahoosh/Developer/DataScience/brain-tumor-classification/data/raw/brain_mri/test/glioma_tumor/flip_horz_493_2478.png,0,0
/Users/nafisebahoosh/Developer/DataScience/brain-tumor-classification/data/raw/brain_mri/test/glioma_tumor/flip_horz_4_11877.png,0,0
/Users/nafisebahoosh/Developer/DataScience/brain-tumor-classification/data/raw/brain_mri/test/glioma_tumor/flip_horz_503_2490.png,0,2
/Users/nafisebahoosh/Developer/DataScience/brain-tumor-classification/data/raw/brain_mri/test/glioma_tumor/flip_horz_509_2496.png,0,0
/Users/nafisebahoosh/Developer/DataScience/brain-tumor-classification/data/raw/brain_mri/test/glioma_tumor/flip_horz_516_2504.png,0,0
/Users/nafisebahoosh/Developer/DataScience/brain-tumor-classification/data/raw/brain_mri/test/glioma_tumor/flip_horz_522_2511.png,0,0
/Users/nafisebahoosh/Developer/DataScience/brain-tumor-classification/data/raw/brain_mri/test/glioma_tumor/flip_horz_526_2515.png,0,0
/Users/nafisebahoosh/Developer/DataScience/brain-tumor-classification/data/raw/brain_mri/test/glioma_tumor/flip_horz_529_2518.png,0,0
/Users/nafisebahoosh/Developer/DataScience/brain-tumor-classification/data/raw/brain_mri/test/glioma_tumor/flip_horz_539_2529.png,0,0
/Users/nafisebahoosh/Developer/DataScience/brain-tumor-classification/data/raw/brain_mri/test/glioma_tumor/flip_horz_543_2534.png,0,0
/Users/nafisebahoosh/Developer/DataScience/brain-tumor-classification/data/raw/brain_mri/test/glioma_tumor/flip_horz_55_2541.png,0,0
/Users/nafisebahoosh/Developer/DataScience/brain-tumor-classification/data/raw/brain_mri/test/glioma_tumor/flip_horz_560_2553.png,0,0
/Users/nafisebahoosh/Developer/DataScience/brain-tumor-classification/data/raw/brain_mri/test/glioma_tumor/flip_horz_56_151.png,0,0
/Users/nafisebahoosh/Developer/DataScience/brain-tumor-classification/data/raw/brain_mri/test/glioma_tumor/flip_horz_579_2573.png,0,0
/Users/nafisebahoosh/Developer/DataScience/brain-tumor-classification/data/raw/brain_mri/test/glioma_tumor/flip_horz_586_2581.png,0,0
/Users/nafisebahoosh/Developer/DataScience/brain-tumor-classification/data/raw/brain_mri/test/glioma_tumor/flip_horz_590_2586.png,0,0
/Users/nafisebahoosh/Developer/DataScience/brain-tumor-classification/data/raw/brain_mri/test/glioma_tumor/flip_horz_593_2589.png,0,1
/Users/nafisebahoosh/Developer/DataScience/brain-tumor-classification/data/raw/brain_mri/test/glioma_tumor/flip_horz_604_2602.png,0,0
/Users/nafisebahoosh/Developer/DataScience/brain-tumor-classification/data/raw/brain_mri/test/glioma_tumor/flip_horz_618_2617.png,0,0
/Users/nafisebahoosh/Developer/DataScience/brain-tumor-classification/data/raw/brain_mri/test/glioma_tumor/flip_horz_627_2627.png,0,0
/Users/nafisebahoosh/Developer/DataScience/brain-tumor-classification/data/raw/brain_mri/test/glioma_tumor/flip_horz_628_2628.png,0,3
/Users/nafisebahoosh/Developer/DataScience/brain-tumor-classification/data/raw/brain_mri/test/glioma_tumor/flip_horz_633_2634.png,0,0
/Users/nafisebahoosh/Developer/DataScience/brain-tumor-classification/data/raw/brain_mri/test/glioma_tumor/flip_horz_646_2648.png,0,3
/Users/nafisebahoosh/Developer/DataScience/brain-tumor-classification/data/raw/brain_mri/test/glioma_tumor/flip_horz_64_11904.png,0,1
/Users/nafisebahoosh/Developer/DataScience/brain-tumor-classification/data/raw/brain_mri/test/glioma_tumor/flip_horz_655_2658.png,0,3
/Users/nafisebahoosh/Developer/DataScience/brain-tumor-classification/data/raw/brain_mri/test/glioma_tumor/flip_horz_669_2673.png,0,1
/Users/nafisebahoosh/Developer/DataScience/brain-tumor-classification/data/raw/brain_mri/test/glioma_tumor/flip_horz_670_2675.png,0,1
/Users/nafisebahoosh/Developer/DataScience/brain-tumor-classification/data/raw/brain_mri/test/glioma_tumor/flip_horz_671_2676.png,0,0
/Users/nafisebahoosh/Developer/DataScience/brain-tumor-classification/data/raw/brain_mri/test/glioma_tumor/flip_horz_678_2683.png,0,1
/Users/nafisebahoosh/Developer/DataScience/brain-tumor-classification/data/raw/brain_mri/test/glioma_tumor/flip_horz_679_2684.png,0,0
/Users/nafisebahoosh/Developer/DataScience/brain-tumor-classification/data/raw/brain_mri/test/glioma_tumor/flip_horz_69_11909.png,0,1
/Users/nafisebahoosh/Developer/DataScience/brain-tumor-classification/data/raw/brain_mri/test/glioma_tumor/flip_horz_704_2713.png,0,1
/Users/nafisebahoosh/Developer/DataScience/brain-tumor-classification/data/raw/brain_mri/test/glioma_tumor/flip_horz_706_2715.png,0,0
/Users/nafisebahoosh/Developer/DataScience/brain-tumor-classification/data/raw/brain_mri/test/glioma_tumor/flip_horz_70_167.png,0,1
/Users/nafisebahoosh/Developer/DataScience/brain-tumor-classification/data/raw/brain_mri/test/glioma_tumor/flip_horz_716_2726.png,0,1
/Users/nafisebahoosh/Developer/DataScience/brain-tumor-classification/data/raw/brain_mri/test/glioma_tumor/flip_horz_72_2730.png,0,0
/Users/nafisebahoosh/Developer/DataScience/brain-tumor-classification/data/raw/brain_mri/test/glioma_tumor/flip_horz_733_2745.png,0,0
/Users/nafisebahoosh/Developer/DataScience/brain-tumor-classification/data/raw/brain_mri/test/glioma_tumor/flip_horz_73_170.png,0,3
/Users/nafisebahoosh/Developer/DataScience/brain-tumor-classification/data/raw/brain_mri/test/glioma_tumor/flip_horz_82_11924.png,0,1
/Users/nafisebahoosh/Developer/DataScience/brain-tumor-classification/data/raw/brain_mri/test/glioma_tumor/flip_horz_85_2761.png,0,0
/Users/nafisebahoosh/Developer/DataScience/brain-tumor-classification/data/raw/brain_mri/test/glioma_tumor/flip_horz_86_184.png,0,0
/Users/nafisebahoosh/Developer/DataScience/brain-tumor-classification/data/raw/brain_mri/test/glioma_tumor/flip_vert_103_2782.png,0,0
/Users/nafisebahoosh/Developer/DataScience/brain-tumor-classification/data/raw/brain_mri/test/glioma_tumor/flip_vert_104_2783.png,0,0
/Users/nafisebahoosh/Developer/DataScience/brain-tumor-classification/data/raw/brain_mri/test/glioma_tumor/flip_vert_105_2784.png,0,0
/Users/nafisebahoosh/Developer/DataScience/brain-tumor-classification/data/raw/brain_mri/test/glioma_tumor/flip_vert_10_2778.png,0,1
/Users/nafisebahoosh/Developer/DataScience/brain-tumor-classification/data/raw/brain_mri/test/glioma_tumor/flip_vert_11_11937.png,0,0
/Users/nafisebahoosh/Developer/DataScience/brain-tumor-classification/data/raw/brain_mri/test/glioma_tumor/flip_vert_137_2819.png,0,0
/Users/nafisebahoosh/Developer/DataScience/brain-tumor-classification/data/raw/brain_mri/test/glioma_tumor/flip_vert_13_203.png,0,1
/Users/nafisebahoosh/Developer/DataScience/brain-tumor-classification/data/raw/brain_mri/test/glioma_tumor/flip_vert_161_2846.png,0,1
/Users/nafisebahoosh/Developer/DataScience/brain-tumor-classification/data/raw/brain_mri/test/glioma_tumor/flip_vert_180_2867.png,0,0
/Users/nafisebahoosh/Developer/DataScience/brain-tumor-classification/data/raw/brain_mri/test/glioma_tumor/flip_vert_184_2871.png,0,0
/Users/nafisebahoosh/Developer/DataScience/brain-tumor-classification/data/raw/brain_mri/test/glioma_tumor/flip_vert_195_2883.png,0,0
/Users/nafisebahoosh/Developer/DataScience/brain-tumor-classification/data/raw/brain_mri/test/glioma_tumor/flip_vert_199_2887.png,0,0
/Users/nafisebahoosh/Developer/DataScience/brain-tumor-classification/data/raw/brain_mri/test/glioma_tumor/flip_vert_19_11945.png,0,0
/Users/nafisebahoosh/Developer/DataScience/brain-tumor-classification/data/raw/brain_mri/test/glioma_tumor/flip_vert_1_199.png,0,0
/Users/nafisebahoosh/Developer/DataScience/brain-tumor-classification/data/raw/brain_mri/test/glioma_tumor/flip_vert_204_2894.png,0,0
/Users/nafisebahoosh/Developer/DataScience/brain-tumor-classification/data/raw/brain_mri/test/glioma_tumor/flip_vert_207_2897.png,0,0
/Users/nafisebahoosh/Developer/DataScience/brain-tumor-classification/data/raw/brain_mri/test/glioma_tumor/flip_vert_20_11947.png,0,1
/Users/nafisebahoosh/Developer/DataScience/brain-tumor-classification/data/raw/brain_mri/test/glioma_tumor/flip_vert_21_11948.png,0,0
/Users/nafisebahoosh/Developer/DataScience/brain-tumor-classification/data/raw/brain_mri/test/glioma_tumor/flip_vert_233_2926.png,0,0
/Users/nafisebahoosh/Developer/DataScience/brain-tumor-classification/data/raw/brain_mri/test/glioma_tumor/flip_vert_234_2927.png,0,2
/Users/nafisebahoosh/Developer/DataScience/brain-tumor-classification/data/raw/brain_mri/test/glioma_tumor/flip_vert_23_2922.png,0,0
/Users/nafisebahoosh/Developer/DataScience/brain-tumor-classification/data/raw/brain_mri/test/glioma_tumor/flip_vert_243_2937.png,0,0
/Users/nafisebahoosh/Developer/DataScience/brain-tumor-classification/data/raw/brain_mri/test/glioma_tumor/flip_vert_24_215.png,0,0
/Users/nafisebahoosh/Developer/DataScience/brain-tumor-classification/data/raw/brain_mri/test/glioma_tumor/flip_vert_24_2933.png,0,0
/Users/nafisebahoosh/Developer/DataScience/brain-tumor-classification/data/raw/brain_mri/test/glioma_tumor/flip_vert_256_2951.png,0,0
/Users/nafisebahoosh/Developer/DataScience/brain-tumor-classification/data/raw/brain_mri/test/glioma_tumor/flip_vert_25_216.png,0,0
/Users/nafisebahoosh/Developer/DataScience/brain-tumor-classification/data/raw/brain_mri/test/glioma_tumor/flip_vert_265_2961.png,0,0
/Users/nafisebahoosh/Developer/DataScience/brain-tumor-classification/data/raw/brain_mri/test/glioma_tumor/flip_vert_269_2965.png,0,0
/Users/nafisebahoosh/Developer/DataScience/brain-tumor-classification/data/raw/brain_mri/test/glioma_tumor/flip_vert_26_11953.png,0,1
/Users/nafisebahoosh/Developer/DataScience/brain-tumor-classification/data/raw/brain_mri/test/glioma_tumor/flip_vert_27_218.png,0,1
/Users/nafisebahoosh/Developer/DataScience/brain-tumor-classification/data/raw/brain_mri/test/glioma_tumor/flip_vert_27_2966.png,0,1
/Users/nafisebahoosh/Developer/DataScience/brain-tumor-classification/data/raw/brain_mri/test/glioma_tumor/flip_vert_303_3004.png,0,1
/Users/nafisebahoosh/Developer/DataScience/brain-tumor-classification/data/raw/brain_mri/test/glioma_tumor/flip_vert_307_3008.png,0,1
/Users/nafisebahoosh/Developer/DataScience/brain-tumor-classification/data/raw/brain_mri/test/glioma_tumor/flip_vert_31_223.png,0,1
/Users/nafisebahoosh/Developer/DataScience/brain-tumor-classification/data/raw/brain_mri/test/glioma_tumor/flip_vert_327_3030.png,0,0
/Users/nafisebahoosh/Developer/DataScience/brain-tumor-classification/data/raw/brain_mri/test/glioma_tumor/flip_vert_333_3037.png,0,0
/Users/nafisebahoosh/Developer/DataScience/brain-tumor-classification/data/raw/brain_mri/test/glioma_tumor/flip_vert_33_225.png,0,1
/Users/nafisebahoosh/Developer/DataScience/brain-tumor-classification/data/raw/brain_mri/test/glioma_tumor/flip_vert_340_3045.png,0,3
/Users/nafisebahoosh/Developer/DataScience/brain-tumor-classification/data/raw/brain_mri/test/glioma_tumor/flip_vert_347_3052.png,0,0
/Users/nafisebahoosh/Developer/DataScience/brain-tumor-classification/data/raw/brain_mri/test/glioma_tumor/flip_vert_34_226.png,0,0
/Users/nafisebahoosh/Developer/DataScience/brain-tumor-classification/data/raw/brain_mri/test/glioma_tumor/flip_vert_359_3065.png,0,0
/Users/nafisebahoosh/Developer/DataScience/brain-tumor-classification/data/raw/brain_mri/test/glioma_tumor/flip_vert_35_3055.png,0,0
/Users/nafisebahoosh/Developer/DataScience/brain-tumor-classification/data/raw/brain_mri/test/glioma_tumor/flip_vert_374_3082.png,0,0
/Users/nafisebahoosh/Developer/DataScience/brain-tumor-classification/data/raw/brain_mri/test/glioma_tumor/flip_vert_37_229.png,0,2
/Users/nafisebahoosh/Developer/DataScience/brain-tumor-classification/data/raw/brain_mri/test/glioma_tumor/flip_vert_381_3090.png,0,0
/Users/nafisebahoosh/Developer/DataScience/brain-tumor-classification/data/raw/brain_mri/test/glioma_tumor/flip_vert_391_3101.png,0,0
/Users/nafisebahoosh/Developer/DataScience/brain-tumor-classification/data/raw/brain_mri/test/glioma_tumor/flip_vert_427_3141.png,0,0
/Users/nafisebahoosh/Developer/DataScience/brain-tumor-classification/data/raw/brain_mri/test/glioma_tumor/flip_vert_431_3146.png,0,0
/Users/nafisebahoosh/Developer/DataScience/brain-tumor-classification/data/raw/brain_mri/test/glioma_tumor/flip_vert_436_3151.png,0,1
/Users/nafisebahoosh/Developer/DataScience/brain-tumor-classification/data/raw/brain_mri/test/glioma_tumor/flip_vert_43_11972.png,0,0
/Users/nafisebahoosh/Developer/DataScience/brain-tumor-classification/data/raw/brain_mri/test/glioma_tumor/flip_vert_45_11974.png,0,0
/Users/nafisebahoosh/Developer/DataScience/brain-tumor-classification/data/raw/brain_mri/test/glioma_tumor/flip_vert_466_3184.png,0,1
/Users/nafisebahoosh/Developer/DataScience/brain-tumor-classification/data/raw/brain_mri/test/glioma_tumor/flip_vert_471_3190.png,0,0
/Users/nafisebahoosh/Developer/DataScience/brain-tumor-classification/data/raw/brain_mri/test/glioma_tumor/flip_vert_472_3191.png,0,0
/Users/nafisebahoosh/Developer/DataScience/brain-tumor-classification/data/raw/brain_mri/test/glioma_tumor/flip_vert_4_3110.png,0,0
/Users/nafisebahoosh/Developer/DataScience/brain-tumor-classification/data/raw/brain_mri/test/glioma_tumor/flip_vert_500_3223.png,0,0
/Users/nafisebahoosh/Developer/DataScience/brain-tumor-classification/data/raw/brain_mri/test/glioma_tumor/flip_vert_512_3236.png,0,0
/Users/nafisebahoosh/Developer/DataScience/brain-tumor-classification/data/raw/brain_mri/test/glioma_tumor/flip_vert_523_3248.png,0,1
/Users/nafisebahoosh/Developer/DataScience/brain-tumor-classification/data/raw/brain_mri/test/glioma_tumor/flip_vert_530_3256.png,0,1
/Users/nafisebahoosh/Developer/DataScience/brain-tumor-classification/data/raw/brain_mri/test/glioma_tumor/flip_vert_540_3267.png,0,0
/Users/nafisebahoosh/Developer/DataScience/brain-tumor-classification/data/raw/brain_mri/test/glioma_tumor/flip_vert_592_3324.png,0,0
/Users/nafisebahoosh/Developer/DataScience/brain-tumor-classification/data/raw/brain_mri/test/glioma_tumor/flip_vert_599_3331.png,0,0
/Users/nafisebahoosh/Developer/DataScience/brain-tumor-classification/data/raw/brain_mri/test/glioma_tumor/flip_vert_59_3321.png,0,0
/Users/nafisebahoosh/Developer/DataScience/brain-tumor-classification/data/raw/brain_mri/test/glioma_tumor/flip_vert_609_3343.png,0,0
/Users/nafisebahoosh/Developer/DataScience/brain-tumor-classification/data/raw/brain_mri/test/glioma_tumor/flip_vert_612_3347.png,0,1
/Users/nafisebahoosh/Developer/DataScience/brain-tumor-classification/data/raw/brain_mri/test/glioma_tumor/flip_vert_616_3351.png,0,0
/Users/nafisebahoosh/Developer/DataScience/brain-tumor-classification/data/raw/brain_mri/test/glioma_tumor/flip_vert_624_3360.png,0,0
/Users/nafisebahoosh/Developer/DataScience/brain-tumor-classification/data/raw/brain_mri/test/glioma_tumor/flip_vert_62_11993.png,0,0
/Users/nafisebahoosh/Developer/DataScience/brain-tumor-classification/data/raw/brain_mri/test/glioma_tumor/flip_vert_63_11994.png,0,0
/Users/nafisebahoosh/Developer/DataScience/brain-tumor-classification/data/raw/brain_mri/test/glioma_tumor/flip_vert_641_3379.png,0,0
/Users/nafisebahoosh/Developer/DataScience/brain-tumor-classification/data/raw/brain_mri/test/glioma_tumor/flip_vert_644_3382.png,0,0
/Users/nafisebahoosh/Developer/DataScience/brain-tumor-classification/data/raw/brain_mri/test/glioma_tumor/flip_vert_64_259.png,0,1
/Users/nafisebahoosh/Developer/DataScience/brain-tumor-classification/data/raw/brain_mri/test/glioma_tumor/flip_vert_65_260.png,0,0
/Users/nafisebahoosh/Developer/DataScience/brain-tumor-classification/data/raw/brain_mri/test/glioma_tumor/flip_vert_671_3412.png,0,0
/Users/nafisebahoosh/Developer/DataScience/brain-tumor-classification/data/raw/brain_mri/test/glioma_tumor/flip_vert_674_3415.png,0,0
/Users/nafisebahoosh/Developer/DataScience/brain-tumor-classification/data/raw/brain_mri/test/glioma_tumor/flip_vert_677_3418.png,0,1
/Users/nafisebahoosh/Developer/DataScience/brain-tumor-classification/data/raw/brain_mri/test/glioma_tumor/flip_vert_684_3426.png,0,0
/Users/nafisebahoosh/Developer/DataScience/brain-tumor-classification/data/raw/brain_mri/test/glioma_tumor/flip_vert_688_3430.png,0,1
/Users/nafisebahoosh/Developer/DataScience/brain-tumor-classification/data/raw/brain_mri/test/glioma_tumor/flip_vert_695_3438.png,0,0
/Users/nafisebahoosh/Developer/DataScience/brain-tumor-classification/data/raw/brain_mri/test/glioma_tumor/flip_vert_69_264.png,0,0
/Users/nafisebahoosh/Developer/DataScience/brain-tumor-classification/data/raw/brain_mri/test/glioma_tumor/flip_vert_701_3446.png,0,0
/Users/nafisebahoosh/Developer/DataScience/brain-tumor-classification/data/raw/brain_mri/test/glioma_tumor/flip_vert_705_3450.png,0,0
/Users/nafisebahoosh/Developer/DataScience/brain-tumor-classification/data/raw/brain_mri/test/glioma_tumor/flip_vert_70_266.png,0,1
/Users/nafisebahoosh/Developer/DataScience/brain-tumor-classification/data/raw/brain_mri/test/glioma_tumor/flip_vert_70_3444.png,0,1
/Users/nafisebahoosh/Developer/DataScience/brain-tumor-classification/data/raw/brain_mri/test/glioma_tumor/flip_vert_710_3456.png,0,0
/Users/nafisebahoosh/Developer/DataScience/brain-tumor-classification/data/raw/brain_mri/test/glioma_tumor/flip_vert_711_3457.png,0,0
/Users/nafisebahoosh/Developer/DataScience/brain-tumor-classification/data/raw/brain_mri/test/glioma_tumor/flip_vert_721_3468.png,0,0
/Users/nafisebahoosh/Developer/DataScience/brain-tumor-classification/data/raw/brain_mri/test/glioma_tumor/flip_vert_727_3474.png,0,0
/Users/nafisebahoosh/Developer/DataScience/brain-tumor-classification/data/raw/brain_mri/test/glioma_tumor/flip_vert_72_12004.png,0,0
/Users/nafisebahoosh/Developer/DataScience/brain-tumor-classification/data/raw/brain_mri/test/glioma_tumor/flip_vert_74_270.png,0,1
/Users/nafisebahoosh/Developer/DataScience/brain-tumor-classification/data/raw/brain_mri/test/glioma_tumor/flip_vert_7_3443.png,0,0
/Users/nafisebahoosh/Developer/DataScience/brain-tumor-classification/data/raw/brain_mri/test/glioma_tumor/flip_vert_81_278.png,0,0
/Users/nafisebahoosh/Developer/DataScience/brain-tumor-classification/data/raw/brain_mri/test/glioma_tumor/flip_vert_84_3496.png,0,1
/Users/nafisebahoosh/Developer/DataScience/brain-tumor-classification/data/raw/brain_mri/test/glioma_tumor/flip_vert_88_12021.png,0,0
/Users/nafisebahoosh/Developer/DataScience/brain-tumor-classification/data/raw/brain_mri/test/glioma_tumor/flip_vert_8_3491.png,0,0
/Users/nafisebahoosh/Developer/DataScience/brain-tumor-classification/data/raw/brain_mri/test/glioma_tumor/flip_vert_96_294.png,0,0
/Users/nafisebahoosh/Developer/DataScience/brain-tumor-classification/data/raw/brain_mri/test/glioma_tumor/original_101_3516.png,0,0
/Users/nafisebahoosh/Developer/DataScience/brain-tumor-classification/data/raw/brain_mri/test/glioma_tumor/original_119_3535.png,0,0
/Users/nafisebahoosh/Developer/DataScience/brain-tumor-classification/data/raw/brain_mri/test/glioma_tumor/original_13_3547.png,0,0
/Users/nafisebahoosh/Developer/DataScience/brain-tumor-classification/data/raw/brain_mri/test/glioma_tumor/original_141_3560.png,0,1
/Users/nafisebahoosh/Developer/DataScience/brain-tumor-classification/data/raw/brain_mri/test/glioma_tumor/original_14_303.png,0,1
/Users/nafisebahoosh/Developer/DataScience/brain-tumor-classification/data/raw/brain_mri/test/glioma_tumor/original_159_3579.png,0,0
/Users/nafisebahoosh/Developer/DataScience/brain-tumor-classification/data/raw/brain_mri/test/glioma_tumor/original_181_3604.png,0,1
/Users/nafisebahoosh/Developer/DataScience/brain-tumor-classification/data/raw/brain_mri/test/glioma_tumor/original_186_3609.png,0,1
/Users/nafisebahoosh/Developer/DataScience/brain-tumor-classification/data/raw/brain_mri/test/glioma_tumor/original_187_3610.png,0,1
/Users/nafisebahoosh/Developer/DataScience/brain-tumor-classification/data/raw/brain_mri/test/glioma_tumor/original_191_3615.png,0,2
/Users/nafisebahoosh/Developer/DataScience/brain-tumor-classification/data/raw/brain_mri/test/glioma_tumor/original_192_3616.png,0,0
/Users/nafisebahoosh/Developer/DataScience/brain-tumor-classification/data/raw/brain_mri/test/glioma_tumor/original_203_3629.png,0,0
/Users/nafisebahoosh/Developer/DataScience/brain-tumor-classification/data/raw/brain_mri/test/glioma_tumor/original_206_3632.png,0,0
/Users/nafisebahoosh/Developer/DataScience/brain-tumor-classification/data/raw/brain_mri/test/glioma_tumor/original_213_3640.png,0,0
/Users/nafisebahoosh/Developer/DataScience/brain-tumor-classification/data/raw/brain_mri/test/glioma_tumor/original_226_3654.png,0,0
/Users/nafisebahoosh/Developer/DataScience/brain-tumor-classification/data/raw/brain_mri/test/glioma_tumor/original_229_3657.png,0,3
/Users/nafisebahoosh/Developer/DataScience/brain-tumor-classification/data/raw/brain_mri/test/glioma_tumor/original_237_3666.png,0,0
/Users/nafisebahoosh/Developer/DataScience/brain-tumor-classification/data/raw/brain_mri/test/glioma_tumor/original_245_3675.png,0,0
/Users/nafisebahoosh/Developer/DataScience/brain-tumor-classification/data/raw/brain_mri/test/glioma_tumor/original_24_3669.png,0,0
/Users/nafisebahoosh/Developer/DataScience/brain-tumor-classification/data/raw/brain_mri/test/glioma_tumor/original_251_3682.png,0,0
/Users/nafisebahoosh/Developer/DataScience/brain-tumor-classification/data/raw/brain_mri/test/glioma_tumor/original_253_3684.png,0,0
/Users/nafisebahoosh/Developer/DataScience/brain-tumor-classification/data/raw/brain_mri/test/glioma_tumor/original_262_3694.png,0,0
/Users/nafisebahoosh/Developer/DataScience/brain-tumor-classification/data/raw/brain_mri/test/glioma_tumor/original_274_3707.png,0,1
/Users/nafisebahoosh/Developer/DataScience/brain-tumor-classification/data/raw/brain_mri/test/glioma_tumor/original_27_12045.png,0,0
/Users/nafisebahoosh/Developer/DataScience/brain-tumor-classification/data/raw/brain_mri/test/glioma_tumor/original_289_3723.png,0,1
/Users/nafisebahoosh/Developer/DataScience/brain-tumor-classification/data/raw/brain_mri/test/glioma_tumor/original_28_12046.png,0,3
/Users/nafisebahoosh/Developer/DataScience/brain-tumor-classification/data/raw/brain_mri/test/glioma_tumor/original_293_3728.png,0,1
/Users/nafisebahoosh/Developer/DataScience/brain-tumor-classification/data/raw/brain_mri/test/glioma_tumor/original_310_3748.png,0,1
/Users/nafisebahoosh/Developer/DataScience/brain-tumor-classification/data/raw/brain_mri/test/glioma_tumor/original_313_3751.png,0,0
/Users/nafisebahoosh/Developer/DataScience/brain-tumor-classification/data/raw/brain_mri/test/glioma_tumor/original_32_3758.png,0,0
/Users/nafisebahoosh/Developer/DataScience/brain-tumor-classification/data/raw/brain_mri/test/glioma_tumor/original_341_3782.png,0,0
/Users/nafisebahoosh/Developer/DataScience/brain-tumor-classification/data/raw/brain_mri/test/glioma_tumor/original_34_3780.png,0,1
/Users/nafisebahoosh/Developer/DataScience/brain-tumor-classification/data/raw/brain_mri/test/glioma_tumor/original_362_3805.png,0,1
/Users/nafisebahoosh/Developer/DataScience/brain-tumor-classification/data/raw/brain_mri/test/glioma_tumor/original_364_3807.png,0,0
/Users/nafisebahoosh/Developer/DataScience/brain-tumor-classification/data/raw/brain_mri/test/glioma_tumor/original_36_3802.png,0,0
/Users/nafisebahoosh/Developer/DataScience/brain-tumor-classification/data/raw/brain_mri/test/glioma_tumor/original_371_3815.png,0,0
/Users/nafisebahoosh/Developer/DataScience/brain-tumor-classification/data/raw/brain_mri/test/glioma_tumor/original_37_3813.png,0,0
/Users/nafisebahoosh/Developer/DataScience/brain-tumor-classification/data/raw/brain_mri/test/glioma_tumor/original_390_3836.png,0,0
/Users/nafisebahoosh/Developer/DataScience/brain-tumor-classification/data/raw/brain_mri/test/glioma_tumor/original_401_3849.png,0,1
/Users/nafisebahoosh/Developer/DataScience/brain-tumor-classification/data/raw/brain_mri/test/glioma_tumor/original_403_3851.png,0,0
/Users/nafisebahoosh/Developer/DataScience/brain-tumor-classification/data/raw/brain_mri/test/glioma_tumor/original_407_3855.png,0,0
/Users/nafisebahoosh/Developer/DataScience/brain-tumor-classification/data/raw/brain_mri/test/glioma_tumor/original_40_332.png,0,1
/Users/nafisebahoosh/Developer/DataScience/brain-tumor-classification/data/raw/brain_mri/test/glioma_tumor/original_412_3861.png,0,0
/Users/nafisebahoosh/Developer/DataScience/brain-tumor-classification/data/raw/brain_mri/test/glioma_tumor/original_426_3876.png,0,1
/Users/nafisebahoosh/Developer/DataScience/brain-tumor-classification/data/raw/brain_mri/test/glioma_tumor/original_42_334.png,0,0
/Users/nafisebahoosh/Developer/DataScience/brain-tumor-classification/data/raw/brain_mri/test/glioma_tumor/original_440_3892.png,0,0
/Users/nafisebahoosh/Developer/DataScience/brain-tumor-classification/data/raw/brain_mri/test/glioma_tumor/original_44_12064.png,0,1
/Users/nafisebahoosh/Developer/DataScience/brain-tumor-classification/data/raw/brain_mri/test/glioma_tumor/original_455_3908.png,0,1
/Users/nafisebahoosh/Developer/DataScience/brain-tumor-classification/data/raw/brain_mri/test/glioma_tumor/original_47_12067.png,0,0
/Users/nafisebahoosh/Developer/DataScience/brain-tumor-classification/data/raw/brain_mri/test/glioma_tumor/original_480_3936.png,0,3
/Users/nafisebahoosh/Developer/DataScience/brain-tumor-classification/data/raw/brain_mri/test/glioma_tumor/original_482_3938.png,0,1
/Users/nafisebahoosh/Developer/DataScience/brain-tumor-classification/data/raw/brain_mri/test/glioma_tumor/original_486_3942.png,0,0
/Users/nafisebahoosh/Developer/DataScience/brain-tumor-classification/data/raw/brain_mri/test/glioma_tumor/original_491_3948.png,0,0
/Users/nafisebahoosh/Developer/DataScience/brain-tumor-classification/data/raw/brain_mri/test/glioma_tumor/original_495_3952.png,0,3
/Users/nafisebahoosh/Developer/DataScience/brain-tumor-classification/data/raw/brain_mri/test/glioma_tumor/original_4_331.png,0,3
/Users/nafisebahoosh/Developer/DataScience/brain-tumor-classification/data/raw/brain_mri/test/glioma_tumor/original_501_3960.png,0,0
/Users/nafisebahoosh/Developer/DataScience/brain-tumor-classification/data/raw/brain_mri/test/glioma_tumor/original_518_3978.png,0,1
/Users/nafisebahoosh/Developer/DataScience/brain-tumor-classification/data/raw/brain_mri/test/glioma_tumor/original_521_3982.png,0,1
/Users/nafisebahoosh/Developer/DataScience/brain-tumor-classification/data/raw/brain_mri/test/glioma_tumor/original_530_3992.png,0,1
/Users/nafisebahoosh/Developer/DataScience/brain-tumor-classification/data/raw/brain_mri/test/glioma_tumor/original_543_4006.png,0,0
/Users/nafisebahoosh/Developer/DataScience/brain-tumor-classification/data/raw/brain_mri/test/glioma_tumor/original_555_4019.png,0,0
/Users/nafisebahoosh/Developer/DataScience/brain-tumor-classification/data/raw/brain_mri/test/glioma_tumor/original_556_4020.png,0,2
/Users/nafisebahoosh/Developer/DataScience/brain-tumor-classification/data/raw/brain_mri/test/glioma_tumor/original_571_4037.png,0,0
/Users/nafisebahoosh/Developer/DataScience/brain-tumor-classification/data/raw/brain_mri/test/glioma_tumor/original_574_4040.png,0,0
/Users/nafisebahoosh/Developer/DataScience/brain-tumor-classification/data/raw/brain_mri/test/glioma_tumor/original_575_4041.png,0,0
/Users/nafisebahoosh/Developer/DataScience/brain-tumor-classification/data/raw/brain_mri/test/glioma_tumor/original_587_4054.png,0,0
/Users/nafisebahoosh/Developer/DataScience/brain-tumor-classification/data/raw/brain_mri/test/glioma_tumor/original_590_4058.png,0,0
/Users/nafisebahoosh/Developer/DataScience/brain-tumor-classification/data/raw/brain_mri/test/glioma_tumor/original_59_352.png,0,2
/Users/nafisebahoosh/Developer/DataScience/brain-tumor-classification/data/raw/brain_mri/test/glioma_tumor/original_59_4057.png,0,0
/Users/nafisebahoosh/Developer/DataScience/brain-tumor-classification/data/raw/brain_mri/test/glioma_tumor/original_605_4075.png,0,0
/Users/nafisebahoosh/Developer/DataScience/brain-tumor-classification/data/raw/brain_mri/test/glioma_tumor/original_60_12082.png,0,0
/Users/nafisebahoosh/Developer/DataScience/brain-tumor-classification/data/raw/brain_mri/test/glioma_tumor/original_615_4086.png,0,0
/Users/nafisebahoosh/Developer/DataScience/brain-tumor-classification/data/raw/brain_mri/test/glioma_tumor/original_635_4108.png,0,0
/Users/nafisebahoosh/Developer/DataScience/brain-tumor-classification/data/raw/brain_mri/test/glioma_tumor/original_637_4110.png,0,0
/Users/nafisebahoosh/Developer/DataScience/brain-tumor-classification/data/raw/brain_mri/test/glioma_tumor/original_643_4117.png,0,0
/Users/nafisebahoosh/Developer/DataScience/brain-tumor-classification/data/raw/brain_mri/test/glioma_tumor/original_645_4119.png,0,0
/Users/nafisebahoosh/Developer/DataScience/brain-tumor-classification/data/raw/brain_mri/test/glioma_tumor/original_64_12086.png,0,0
/Users/nafisebahoosh/Developer/DataScience/brain-tumor-classification/data/raw/brain_mri/test/glioma_tumor/original_657_4132.png,0,0
/Users/nafisebahoosh/Developer/DataScience/brain-tumor-classification/data/raw/brain_mri/test/glioma_tumor/original_663_4139.png,0,0
/Users/nafisebahoosh/Developer/DataScience/brain-tumor-classification/data/raw/brain_mri/test/glioma_tumor/original_671_4148.png,0,0
/Users/nafisebahoosh/Developer/DataScience/brain-tumor-classification/data/raw/brain_mri/test/glioma_tumor/original_686_4164.png,0,0
/Users/nafisebahoosh/Developer/DataScience/brain-tumor-classification/data/raw/brain_mri/test/glioma_tumor/original_687_4165.png,0,0
/Users/nafisebahoosh/Developer/DataScience/brain-tumor-classification/data/raw/brain_mri/test/glioma_tumor/original_68_362.png,0,0
/Users/nafisebahoosh/Developer/DataScience/brain-tumor-classification/data/raw/brain_mri/test/glioma_tumor/original_68_4157.png,0,0
/Users/nafisebahoosh/Developer/DataScience/brain-tumor-classification/data/raw/brain_mri/test/glioma_tumor/original_693_4172.png,0,1
/Users/nafisebahoosh/Developer/DataScience/brain-tumor-classification/data/raw/brain_mri/test/glioma_tumor/original_695_4174.png,0,0
/Users/nafisebahoosh/Developer/DataScience/brain-tumor-classification/data/raw/brain_mri/test/glioma_tumor/original_708_4189.png,0,1
/Users/nafisebahoosh/Developer/DataScience/brain-tumor-classification/data/raw/brain_mri/test/glioma_tumor/original_717_4199.png,0,1
/Users/nafisebahoosh/Developer/DataScience/brain-tumor-classification/data/raw/brain_mri/test/glioma_tumor/original_725_4208.png,0,0
/Users/nafisebahoosh/Developer/DataScience/brain-tumor-classification/data/raw/brain_mri/test/glioma_tumor/original_729_4212.png,0,0
/Users/nafisebahoosh/Developer/DataScience/brain-tumor-classification/data/raw/brain_mri/test/glioma_tumor/original_73_12096.png,0,1
/Users/nafisebahoosh/Developer/DataScience/brain-tumor-classification/data/raw/brain_mri/test/glioma_tumor/original_91_4240.png,0,0
/Users/nafisebahoosh/Developer/DataScience/brain-tumor-classification/data/raw/brain_mri/test/glioma_tumor/original_98_4247.png,0,1
/Users/nafisebahoosh/Developer/DataScience/brain-tumor-classification/data/raw/brain_mri/test/glioma_tumor/original_99_396.png,0,0
/Users/nafisebahoosh/Developer/DataScience/brain-tumor-classification/data/raw/brain_mri/test/meningioma_tumor/bright_img_104_4255.png,1,1
/Users/nafisebahoosh/Developer/DataScience/brain-tumor-classification/data/raw/brain_mri/test/meningioma_tumor/bright_img_111_4263.png,1,1
/Users/nafisebahoosh/Developer/DataScience/brain-tumor-classification/data/raw/brain_mri/test/meningioma_tumor/bright_img_115_4267.png,1,1
/Users/nafisebahoosh/Developer/DataScience/brain-tumor-classification/data/raw/brain_mri/test/meningioma_tumor/bright_img_11_4261.png,1,1
/Users/nafisebahoosh/Developer/DataScience/brain-tumor-classification/data/raw/brain_mri/test/meningioma_tumor/bright_img_120_4273.png,1,1
/Users/nafisebahoosh/Developer/DataScience/brain-tumor-classification/data/raw/brain_mri/test/meningioma_tumor/bright_img_126_4279.png,1,0
/Users/nafisebahoosh/Developer/DataScience/brain-tumor-classification/data/raw/brain_mri/test/meningioma_tumor/bright_img_128_4281.png,1,1
/Users/nafisebahoosh/Developer/DataScience/brain-tumor-classification/data/raw/brain_mri/test/meningioma_tumor/bright_img_131_4285.png,1,1
/Users/nafisebahoosh/Developer/DataScience/brain-tumor-classification/data/raw/brain_mri/test/meningioma_tumor/bright_img_140_4295.png,1,1
/Users/nafisebahoosh/Developer/DataScience/brain-tumor-classification/data/raw/brain_mri/test/meningioma_tumor/bright_img_145_4300.png,1,1
/Users/nafisebahoosh/Developer/DataScience/brain-tumor-classification/data/raw/brain_mri/test/meningioma_tumor/bright_img_149_4304.png,1,1
/Users/nafisebahoosh/Developer/DataScience/brain-tumor-classification/data/raw/brain_mri/test/meningioma_tumor/bright_img_166_4323.png,1,1
/Users/nafisebahoosh/Developer/DataScience/brain-tumor-classification/data/raw/brain_mri/test/meningioma_tumor/bright_img_167_4324.png,1,1
/Users/nafisebahoosh/Developer/DataScience/brain-tumor-classification/data/raw/brain_mri/test/meningioma_tumor/bright_img_168_4325.png,1,1
/Users/nafisebahoosh/Developer/DataScience/brain-tumor-classification/data/raw/brain_mri/test/meningioma_tumor/bright_img_172_4330.png,1,1
/Users/nafisebahoosh/Developer/DataScience/brain-tumor-classification/data/raw/brain_mri/test/meningioma_tumor/bright_img_179_4337.png,1,1
/Users/nafisebahoosh/Developer/DataScience/brain-tumor-classification/data/raw/brain_mri/test/meningioma_tumor/bright_img_184_4343.png,1,1
/Users/nafisebahoosh/Developer/DataScience/brain-tumor-classification/data/raw/brain_mri/test/meningioma_tumor/bright_img_18_12126.png,1,1
/Users/nafisebahoosh/Developer/DataScience/brain-tumor-classification/data/raw/brain_mri/test/meningioma_tumor/bright_img_197_4357.png,1,1
/Users/nafisebahoosh/Developer/DataScience/brain-tumor-classification/data/raw/brain_mri/test/meningioma_tumor/bright_img_211_4374.png,1,1
/Users/nafisebahoosh/Developer/DataScience/brain-tumor-classification/data/raw/brain_mri/test/meningioma_tumor/bright_img_21_4372.png,1,2
/Users/nafisebahoosh/Developer/DataScience/brain-tumor-classification/data/raw/brain_mri/test/meningioma_tumor/bright_img_220_4384.png,1,2
/Users/nafisebahoosh/Developer/DataScience/brain-tumor-classification/data/raw/brain_mri/test/meningioma_tumor/bright_img_222_4386.png,1,1
/Users/nafisebahoosh/Developer/DataScience/brain-tumor-classification/data/raw/brain_mri/test/meningioma_tumor/bright_img_226_4390.png,1,2
/Users/nafisebahoosh/Developer/DataScience/brain-tumor-classification/data/raw/brain_mri/test/meningioma_tumor/bright_img_233_4398.png,1,1
/Users/nafisebahoosh/Developer/DataScience/brain-tumor-classification/data/raw/brain_mri/test/meningioma_tumor/bright_img_234_4399.png,1,2
/Users/nafisebahoosh/Developer/DataScience/brain-tumor-classification/data/raw/brain_mri/test/meningioma_tumor/bright_img_23_412.png,1,3
/Users/nafisebahoosh/Developer/DataScience/brain-tumor-classification/data/raw/brain_mri/test/meningioma_tumor/bright_img_254_4421.png,1,1
/Users/nafisebahoosh/Developer/DataScience/brain-tumor-classification/data/raw/brain_mri/test/meningioma_tumor/bright_img_256_4423.png,1,1
/Users/nafisebahoosh/Developer/DataScience/brain-tumor-classification/data/raw/brain_mri/test/meningioma_tumor/bright_img_258_4425.png,1,1
/Users/nafisebahoosh/Developer/DataScience/brain-tumor-classification/data/raw/brain_mri/test/meningioma_tumor/bright_img_269_4437.png,1,1
/Users/nafisebahoosh/Developer/DataScience/brain-tumor-classification/data/raw/brain_mri/test/meningioma_tumor/bright_img_26_12135.png,1,1
/Users/nafisebahoosh/Developer/DataScience/brain-tumor-classification/data/raw/brain_mri/test/meningioma_tumor/bright_img_284_4454.png,1,1
/Users/nafisebahoosh/Developer/DataScience/brain-tumor-classification/data/raw/brain_mri/test/meningioma_tumor/bright_img_288_4458.png,1,1
/Users/nafisebahoosh/Developer/DataScience/brain-tumor-classification/data/raw/brain_mri/test/meningioma_tumor/bright_img_291_4462.png,1,1
/Users/nafisebahoosh/Developer/DataScience/brain-tumor-classification/data/raw/brain_mri/test/meningioma_tumor/bright_img_299_4470.png,1,1
/Users/nafisebahoosh/Developer/DataScience/brain-tumor-classification/data/raw/brain_mri/test/meningioma_tumor/bright_img_302_4475.png,1,3
/Users/nafisebahoosh/Developer/DataScience/brain-tumor-classification/data/raw/brain_mri/test/meningioma_tumor/bright_img_306_4479.png,1,3
/Users/nafisebahoosh/Developer/DataScience/brain-tumor-classification/data/raw/brain_mri/test/meningioma_tumor/bright_img_309_4482.png,1,1
/Users/nafisebahoosh/Developer/DataScience/brain-tumor-classification/data/raw/brain_mri/test/meningioma_tumor/bright_img_30_4472.png,1,1
/Users/nafisebahoosh/Developer/DataScience/brain-tumor-classification/data/raw/brain_mri/test/meningioma_tumor/bright_img_315_4489.png,1,1
/Users/nafisebahoosh/Developer/DataScience/brain-tumor-classification/data/raw/brain_mri/test/meningioma_tumor/bright_img_31_421.png,1,1
/Users/nafisebahoosh/Developer/DataScience/brain-tumor-classification/data/raw/brain_mri/test/meningioma_tumor/bright_img_322_4497.png,1,2
/Users/nafisebahoosh/Developer/DataScience/brain-tumor-classification/data/raw/brain_mri/test/meningioma_tumor/bright_img_329_4504.png,1,0
/Users/nafisebahoosh/Developer/DataScience/brain-tumor-classification/data/raw/brain_mri/test/meningioma_tumor/bright_img_33_423.png,1,1
/Users/nafisebahoosh/Developer/DataScience/brain-tumor-classification/data/raw/brain_mri/test/meningioma_tumor/bright_img_350_4528.png,1,1
/Users/nafisebahoosh/Developer/DataScience/brain-tumor-classification/data/raw/brain_mri/test/meningioma_tumor/bright_img_35_425.png,1,1
/Users/nafisebahoosh/Developer/DataScience/brain-tumor-classification/data/raw/brain_mri/test/meningioma_tumor/bright_img_396_4578.png,1,1
/Users/nafisebahoosh/Developer/DataScience/brain-tumor-classification/data/raw/brain_mri/test/meningioma_tumor/bright_img_39_4571.png,1,1
/Users/nafisebahoosh/Developer/DataScience/brain-tumor-classification/data/raw/brain_mri/test/meningioma_tumor/bright_img_406_4590.png,1,1
/Users/nafisebahoosh/Developer/DataScience/brain-tumor-classification/data/raw/brain_mri/test/meningioma_tumor/bright_img_409_4593.png,1,2
/Users/nafisebahoosh/Developer/DataScience/brain-tumor-classification/data/raw/brain_mri/test/meningioma_tumor/bright_img_40_12151.png,1,1
/Users/nafisebahoosh/Developer/DataScience/brain-tumor-classification/data/raw/brain_mri/test/meningioma_tumor/bright_img_415_4600.png,1,1
/Users/nafisebahoosh/Developer/DataScience/brain-tumor-classification/data/raw/brain_mri/test/meningioma_tumor/bright_img_44_12155.png,1,1
/Users/nafisebahoosh/Developer/DataScience/brain-tumor-classification/data/raw/brain_mri/test/meningioma_tumor/bright_img_44_4627.png,1,1
/Users/nafisebahoosh/Developer/DataScience/brain-tumor-classification/data/raw/brain_mri/test/meningioma_tumor/bright_img_467_4657.png,1,1
/Users/nafisebahoosh/Developer/DataScience/brain-tumor-classification/data/raw/brain_mri/test/meningioma_tumor/bright_img_470_4661.png,1,1
/Users/nafisebahoosh/Developer/DataScience/brain-tumor-classification/data/raw/brain_mri/test/meningioma_tumor/bright_img_474_4665.png,1,1
/Users/nafisebahoosh/Developer/DataScience/brain-tumor-classification/data/raw/brain_mri/test/meningioma_tumor/bright_img_49_4682.png,1,3
/Users/nafisebahoosh/Developer/DataScience/brain-tumor-classification/data/raw/brain_mri/test/meningioma_tumor/bright_img_506_4701.png,1,1
/Users/nafisebahoosh/Developer/DataScience/brain-tumor-classification/data/raw/brain_mri/test/meningioma_tumor/bright_img_513_4709.png,1,1
/Users/nafisebahoosh/Developer/DataScience/brain-tumor-classification/data/raw/brain_mri/test/meningioma_tumor/bright_img_51_12163.png,1,1
/Users/nafisebahoosh/Developer/DataScience/brain-tumor-classification/data/raw/brain_mri/test/meningioma_tumor/bright_img_526_4723.png,1,1
/Users/nafisebahoosh/Developer/DataScience/brain-tumor-classification/data/raw/brain_mri/test/meningioma_tumor/bright_img_535_4733.png,1,1
/Users/nafisebahoosh/Developer/DataScience/brain-tumor-classification/data/raw/brain_mri/test/meningioma_tumor/bright_img_537_4735.png,1,1
/Users/nafisebahoosh/Developer/DataScience/brain-tumor-classification/data/raw/brain_mri/test/meningioma_tumor/bright_img_541_4740.png,1,1
/Users/nafisebahoosh/Developer/DataScience/brain-tumor-classification/data/raw/brain_mri/test/meningioma_tumor/bright_img_546_4745.png,1,1
/Users/nafisebahoosh/Developer/DataScience/brain-tumor-classification/data/raw/brain_mri/test/meningioma_tumor/bright_img_549_4748.png,1,1
/Users/nafisebahoosh/Developer/DataScience/brain-tumor-classification/data/raw/brain_mri/test/meningioma_tumor/bright_img_564_4765.png,1,1
/Users/nafisebahoosh/Developer/DataScience/brain-tumor-classification/data/raw/brain_mri/test/meningioma_tumor/bright_img_56_12168.png,1,1
/Users/nafisebahoosh/Developer/DataScience/brain-tumor-classification/data/raw/brain_mri/test/meningioma_tumor/bright_img_576_4778.png,1,3
/Users/nafisebahoosh/Developer/DataScience/brain-tumor-classification/data/raw/brain_mri/test/meningioma_tumor/bright_img_578_4780.png,1,1
/Users/nafisebahoosh/Developer/DataScience/brain-tumor-classification/data/raw/brain_mri/test/meningioma_tumor/bright_img_580_4783.png,1,1
/Users/nafisebahoosh/Developer/DataScience/brain-tumor-classification/data/raw/brain_mri/test/meningioma_tumor/bright_img_593_4797.png,1,3
/Users/nafisebahoosh/Developer/DataScience/brain-tumor-classification/data/raw/brain_mri/test/meningioma_tumor/bright_img_5_441.png,1,1
/Users/nafisebahoosh/Developer/DataScience/brain-tumor-classification/data/raw/brain_mri/test/meningioma_tumor/bright_img_610_4817.png,1,1
/Users/nafisebahoosh/Developer/DataScience/brain-tumor-classification/data/raw/brain_mri/test/meningioma_tumor/bright_img_611_4818.png,1,1
/Users/nafisebahoosh/Developer/DataScience/brain-tumor-classification/data/raw/brain_mri/test/meningioma_tumor/bright_img_625_4833.png,1,1
/Users/nafisebahoosh/Developer/DataScience/brain-tumor-classification/data/raw/brain_mri/test/meningioma_tumor/bright_img_641_4851.png,1,1
/Users/nafisebahoosh/Developer/DataScience/brain-tumor-classification/data/raw/brain_mri/test/meningioma_tumor/bright_img_65_458.png,1,2
/Users/nafisebahoosh/Developer/DataScience/brain-tumor-classification/data/raw/brain_mri/test/meningioma_tumor/bright_img_687_4901.png,1,1
/Users/nafisebahoosh/Developer/DataScience/brain-tumor-classification/data/raw/brain_mri/test/meningioma_tumor/bright_img_689_4903.png,1,1
/Users/nafisebahoosh/Developer/DataScience/brain-tumor-classification/data/raw/brain_mri/test/meningioma_tumor/bright_img_69_12182.png,1,1
/Users/nafisebahoosh/Developer/DataScience/brain-tumor-classification/data/raw/brain_mri/test/meningioma_tumor/bright_img_708_4925.png,1,1
/Users/nafisebahoosh/Developer/DataScience/brain-tumor-classification/data/raw/brain_mri/test/meningioma_tumor/bright_img_70_464.png,1,1
/Users/nafisebahoosh/Developer/DataScience/brain-tumor-classification/data/raw/brain_mri/test/meningioma_tumor/bright_img_70_4916.png,1,1
/Users/nafisebahoosh/Developer/DataScience/brain-tumor-classification/data/raw/brain_mri/test/meningioma_tumor/bright_img_713_4931.png,1,1
/Users/nafisebahoosh/Developer/DataScience/brain-tumor-classification/data/raw/brain_mri/test/meningioma_tumor/bright_img_726_4945.png,1,1
/Users/nafisebahoosh/Developer/DataScience/brain-tumor-classification/data/raw/brain_mri/test/meningioma_tumor/bright_img_72_466.png,1,1
/Users/nafisebahoosh/Developer/DataScience/brain-tumor-classification/data/raw/brain_mri/test/meningioma_tumor/bright_img_735_4955.png,1,1
/Users/nafisebahoosh/Developer/DataScience/brain-tumor-classification/data/raw/brain_mri/test/meningioma_tumor/bright_img_738_4958.png,1,1
/Users/nafisebahoosh/Developer/DataScience/brain-tumor-classification/data/raw/brain_mri/test/meningioma_tumor/bright_img_75_12189.png,1,1
/Users/nafisebahoosh/Developer/DataScience/brain-tumor-classification/data/raw/brain_mri/test/meningioma_tumor/bright_img_78_472.png,1,1
/Users/nafisebahoosh/Developer/DataScience/brain-tumor-classification/data/raw/brain_mri/test/meningioma_tumor/bright_img_79_473.png,1,2
/Users/nafisebahoosh/Developer/DataScience/brain-tumor-classification/data/raw/brain_mri/test/meningioma_tumor/bright_img_95_491.png,1,1
/Users/nafisebahoosh/Developer/DataScience/brain-tumor-classification/data/raw/brain_mri/test/meningioma_tumor/bright_img_95_5001.png,1,1
/Users/nafisebahoosh/Developer/DataScience/brain-tumor-classification/data/raw/brain_mri/test/meningioma_tumor/flip_horz_109_5017.png,1,1
/Users/nafisebahoosh/Developer/DataScience/brain-tumor-classification/data/raw/brain_mri/test/meningioma_tumor/flip_horz_10_12200.png,1,1
/Users/nafisebahoosh/Developer/DataScience/brain-tumor-classification/data/raw/brain_mri/test/meningioma_tumor/flip_horz_117_5026.png,1,2
/Users/nafisebahoosh/Developer/DataScience/brain-tumor-classification/data/raw/brain_mri/test/meningioma_tumor/flip_horz_12_5029.png,1,1
/Users/nafisebahoosh/Developer/DataScience/brain-tumor-classification/data/raw/brain_mri/test/meningioma_tumor/flip_horz_137_5048.png,1,1
/Users/nafisebahoosh/Developer/DataScience/brain-tumor-classification/data/raw/brain_mri/test/meningioma_tumor/flip_horz_179_5094.png,1,1
/Users/nafisebahoosh/Developer/DataScience/brain-tumor-classification/data/raw/brain_mri/test/meningioma_tumor/flip_horz_187_5103.png,1,1
/Users/nafisebahoosh/Developer/DataScience/brain-tumor-classification/data/raw/brain_mri/test/meningioma_tumor/flip_horz_18_504.png,1,1
/Users/nafisebahoosh/Developer/DataScience/brain-tumor-classification/data/raw/brain_mri/test/meningioma_tumor/flip_horz_18_5095.png,1,3
/Users/nafisebahoosh/Developer/DataScience/brain-tumor-classification/data/raw/brain_mri/test/meningioma_tumor/flip_horz_191_5108.png,1,1
/Users/nafisebahoosh/Developer/DataScience/brain-tumor-classification/data/raw/brain_mri/test/meningioma_tumor/flip_horz_211_5131.png,1,1
/Users/nafisebahoosh/Developer/DataScience/brain-tumor-classification/data/raw/brain_mri/test/meningioma_tumor/flip_horz_213_5133.png,1,1
/Users/nafisebahoosh/Developer/DataScience/brain-tumor-classification/data/raw/brain_mri/test/meningioma_tumor/flip_horz_217_5137.png,1,1
/Users/nafisebahoosh/Developer/DataScience/brain-tumor-classification/data/raw/brain_mri/test/meningioma_tumor/flip_horz_227_5148.png,1,1
/Users/nafisebahoosh/Developer/DataScience/brain-tumor-classification/data/raw/brain_mri/test/meningioma_tumor/flip_horz_239_5161.png,1,1
/Users/nafisebahoosh/Developer/DataScience/brain-tumor-classification/data/raw/brain_mri/test/meningioma_tumor/flip_horz_269_5194.png,1,1
/Users/nafisebahoosh/Developer/DataScience/brain-tumor-classification/data/raw/brain_mri/test/meningioma_tumor/flip_horz_26_513.png,1,1
/Users/nafisebahoosh/Developer/DataScience/brain-tumor-classification/data/raw/brain_mri/test/meningioma_tumor/flip_horz_278_5204.png,1,1
/Users/nafisebahoosh/Developer/DataScience/brain-tumor-classification/data/raw/brain_mri/test/meningioma_tumor/flip_horz_289_5216.png,1,1
/Users/nafisebahoosh/Developer/DataScience/brain-tumor-classification/data/raw/brain_mri/test/meningioma_tumor/flip_horz_294_5222.png,1,1
/Users/nafisebahoosh/Developer/DataScience/brain-tumor-classification/data/raw/brain_mri/test/meningioma_tumor/flip_horz_301_5231.png,1,1
/Users/nafisebahoosh/Developer/DataScience/brain-tumor-classification/data/raw/brain_mri/test/meningioma_tumor/flip_horz_30_5229.png,1,1
/Users/nafisebahoosh/Developer/DataScience/brain-tumor-classification/data/raw/brain_mri/test/meningioma_tumor/flip_horz_312_5243.png,1,1
/Users/nafisebahoosh/Developer/DataScience/brain-tumor-classification/data/raw/brain_mri/test/meningioma_tumor/flip_horz_31_519.png,1,1
/Users/nafisebahoosh/Developer/DataScience/brain-tumor-classification/data/raw/brain_mri/test/meningioma_tumor/flip_horz_328_5260.png,1,1
/Users/nafisebahoosh/Developer/DataScience/brain-tumor-classification/data/raw/brain_mri/test/meningioma_tumor/flip_horz_339_5272.png,1,2
/Users/nafisebahoosh/Developer/DataScience/brain-tumor-classification/data/raw/brain_mri/test/meningioma_tumor/flip_horz_33_12225.png,1,1
/Users/nafisebahoosh/Developer/DataScience/brain-tumor-classification/data/raw/brain_mri/test/meningioma_tumor/flip_horz_347_5281.png,1,1
/Users/nafisebahoosh/Developer/DataScience/brain-tumor-classification/data/raw/brain_mri/test/meningioma_tumor/flip_horz_349_5283.png,1,1
/Users/nafisebahoosh/Developer/DataScience/brain-tumor-classification/data/raw/brain_mri/test/meningioma_tumor/flip_horz_360_5296.png,1,3
/Users/nafisebahoosh/Developer/DataScience/brain-tumor-classification/data/raw/brain_mri/test/meningioma_tumor/flip_horz_36_524.png,1,1
/Users/nafisebahoosh/Developer/DataScience/brain-tumor-classification/data/raw/brain_mri/test/meningioma_tumor/flip_horz_37_525.png,1,1
/Users/nafisebahoosh/Developer/DataScience/brain-tumor-classification/data/raw/brain_mri/test/meningioma_tumor/flip_horz_38_12230.png,1,3
/Users/nafisebahoosh/Developer/DataScience/brain-tumor-classification/data/raw/brain_mri/test/meningioma_tumor/flip_horz_392_5331.png,1,1
/Users/nafisebahoosh/Developer/DataScience/brain-tumor-classification/data/raw/brain_mri/test/meningioma_tumor/flip_horz_395_5334.png,1,1
/Users/nafisebahoosh/Developer/DataScience/brain-tumor-classification/data/raw/brain_mri/test/meningioma_tumor/flip_horz_3_5228.png,1,1
/Users/nafisebahoosh/Developer/DataScience/brain-tumor-classification/data/raw/brain_mri/test/meningioma_tumor/flip_horz_406_5347.png,1,1
/Users/nafisebahoosh/Developer/DataScience/brain-tumor-classification/data/raw/brain_mri/test/meningioma_tumor/flip_horz_407_5348.png,1,1
/Users/nafisebahoosh/Developer/DataScience/brain-tumor-classification/data/raw/brain_mri/test/meningioma_tumor/flip_horz_40_12233.png,1,1
/Users/nafisebahoosh/Developer/DataScience/brain-tumor-classification/data/raw/brain_mri/test/meningioma_tumor/flip_horz_410_5352.png,1,1
/Users/nafisebahoosh/Developer/DataScience/brain-tumor-classification/data/raw/brain_mri/test/meningioma_tumor/flip_horz_419_5361.png,1,1
/Users/nafisebahoosh/Developer/DataScience/brain-tumor-classification/data/raw/brain_mri/test/meningioma_tumor/flip_horz_424_5367.png,1,1
/Users/nafisebahoosh/Developer/DataScience/brain-tumor-classification/data/raw/brain_mri/test/meningioma_tumor/flip_horz_42_531.png,1,1
/Users/nafisebahoosh/Developer/DataScience/brain-tumor-classification/data/raw/brain_mri/test/meningioma_tumor/flip_horz_434_5378.png,1,3
/Users/nafisebahoosh/Developer/DataScience/brain-tumor-classification/data/raw/brain_mri/test/meningioma_tumor/flip_horz_435_5379.png,1,1
/Users/nafisebahoosh/Developer/DataScience/brain-tumor-classification/data/raw/brain_mri/test/meningioma_tumor/flip_horz_436_5380.png,1,1
/Users/nafisebahoosh/Developer/DataScience/brain-tumor-classification/data/raw/brain_mri/test/meningioma_tumor/flip_horz_439_5383.png,1,1
/Users/nafisebahoosh/Developer/DataScience/brain-tumor-classification/data/raw/brain_mri/test/meningioma_tumor/flip_horz_45_12238.png,1,1
/Users/nafisebahoosh/Developer/DataScience/brain-tumor-classification/data/raw/brain_mri/test/meningioma_tumor/flip_horz_45_534.png,1,1
/Users/nafisebahoosh/Developer/DataScience/brain-tumor-classification/data/raw/brain_mri/test/meningioma_tumor/flip_horz_464_5411.png,1,1
/Users/nafisebahoosh/Developer/DataScience/brain-tumor-classification/data/raw/brain_mri/test/meningioma_tumor/flip_horz_469_5416.png,1,3
/Users/nafisebahoosh/Developer/DataScience/brain-tumor-classification/data/raw/brain_mri/test/meningioma_tumor/flip_horz_46_12239.png,1,1
/Users/nafisebahoosh/Developer/DataScience/brain-tumor-classification/data/raw/brain_mri/test/meningioma_tumor/flip_horz_471_5419.png,1,1
/Users/nafisebahoosh/Developer/DataScience/brain-tumor-classification/data/raw/brain_mri/test/meningioma_tumor/flip_horz_486_5435.png,1,1
/Users/nafisebahoosh/Developer/DataScience/brain-tumor-classification/data/raw/brain_mri/test/meningioma_tumor/flip_horz_48_12241.png,1,1
/Users/nafisebahoosh/Developer/DataScience/brain-tumor-classification/data/raw/brain_mri/test/meningioma_tumor/flip_horz_50_12244.png,1,2
/Users/nafisebahoosh/Developer/DataScience/brain-tumor-classification/data/raw/brain_mri/test/meningioma_tumor/flip_horz_535_5490.png,1,1
/Users/nafisebahoosh/Developer/DataScience/brain-tumor-classification/data/raw/brain_mri/test/meningioma_tumor/flip_horz_540_5496.png,1,1
/Users/nafisebahoosh/Developer/DataScience/brain-tumor-classification/data/raw/brain_mri/test/meningioma_tumor/flip_horz_547_5503.png,1,1
/Users/nafisebahoosh/Developer/DataScience/brain-tumor-classification/data/raw/brain_mri/test/meningioma_tumor/flip_horz_556_5513.png,1,1
/Users/nafisebahoosh/Developer/DataScience/brain-tumor-classification/data/raw/brain_mri/test/meningioma_tumor/flip_horz_559_5516.png,1,1
/Users/nafisebahoosh/Developer/DataScience/brain-tumor-classification/data/raw/brain_mri/test/meningioma_tumor/flip_horz_55_12249.png,1,1
/Users/nafisebahoosh/Developer/DataScience/brain-tumor-classification/data/raw/brain_mri/test/meningioma_tumor/flip_horz_55_5506.png,1,1
/Users/nafisebahoosh/Developer/DataScience/brain-tumor-classification/data/raw/brain_mri/test/meningioma_tumor/flip_horz_565_5523.png,1,0
/Users/nafisebahoosh/Developer/DataScience/brain-tumor-classification/data/raw/brain_mri/test/meningioma_tumor/flip_horz_56_546.png,1,1
/Users/nafisebahoosh/Developer/DataScience/brain-tumor-classification/data/raw/brain_mri/test/meningioma_tumor/flip_horz_59_549.png,1,1
/Users/nafisebahoosh/Developer/DataScience/brain-tumor-classification/data/raw/brain_mri/test/meningioma_tumor/flip_horz_606_5569.png,1,1
/Users/nafisebahoosh/Developer/DataScience/brain-tumor-classification/data/raw/brain_mri/test/meningioma_tumor/flip_horz_61_552.png,1,1
/Users/nafisebahoosh/Developer/DataScience/brain-tumor-classification/data/raw/brain_mri/test/meningioma_tumor/flip_horz_631_5597.png,1,1
/Users/nafisebahoosh/Developer/DataScience/brain-tumor-classification/data/raw/brain_mri/test/meningioma_tumor/flip_horz_642_5609.png,1,1
/Users/nafisebahoosh/Developer/DataScience/brain-tumor-classification/data/raw/brain_mri/test/meningioma_tumor/flip_horz_646_5613.png,1,1
/Users/nafisebahoosh/Developer/DataScience/brain-tumor-classification/data/raw/brain_mri/test/meningioma_tumor/flip_horz_648_5615.png,1,2
/Users/nafisebahoosh/Developer/DataScience/brain-tumor-classification/data/raw/brain_mri/test/meningioma_tumor/flip_horz_650_5618.png,1,1
/Users/nafisebahoosh/Developer/DataScience/brain-tumor-classification/data/raw/brain_mri/test/meningioma_tumor/flip_horz_656_5624.png,1,1
/Users/nafisebahoosh/Developer/DataScience/brain-tumor-classification/data/raw/brain_mri/test/meningioma_tumor/flip_horz_660_5629.png,1,1
/Users/nafisebahoosh/Developer/DataScience/brain-tumor-classification/data/raw/brain_mri/test/meningioma_tumor/flip_horz_661_5630.png,1,1
/Users/nafisebahoosh/Developer/DataScience/brain-tumor-classification/data/raw/brain_mri/test/meningioma_tumor/flip_horz_672_5642.png,1,1
/Users/nafisebahoosh/Developer/DataScience/brain-tumor-classification/data/raw/brain_mri/test/meningioma_tumor/flip_horz_685_5656.png,1,1
/Users/nafisebahoosh/Developer/DataScience/brain-tumor-classification/data/raw/brain_mri/test/meningioma_tumor/flip_horz_686_5657.png,1,1
/Users/nafisebahoosh/Developer/DataScience/brain-tumor-classification/data/raw/brain_mri/test/meningioma_tumor/flip_horz_701_5675.png,1,1
/Users/nafisebahoosh/Developer/DataScience/brain-tumor-classification/data/raw/brain_mri/test/meningioma_tumor/flip_horz_702_5676.png,1,0
/Users/nafisebahoosh/Developer/DataScience/brain-tumor-classification/data/raw/brain_mri/test/meningioma_tumor/flip_horz_711_5686.png,1,2
/Users/nafisebahoosh/Developer/DataScience/brain-tumor-classification/data/raw/brain_mri/test/meningioma_tumor/flip_horz_720_5696.png,1,2
/Users/nafisebahoosh/Developer/DataScience/brain-tumor-classification/data/raw/brain_mri/test/meningioma_tumor/flip_horz_721_5697.png,1,0
/Users/nafisebahoosh/Developer/DataScience/brain-tumor-classification/data/raw/brain_mri/test/meningioma_tumor/flip_horz_747_5725.png,1,1
/Users/nafisebahoosh/Developer/DataScience/brain-tumor-classification/data/raw/brain_mri/test/meningioma_tumor/flip_horz_750_5729.png,1,1
/Users/nafisebahoosh/Developer/DataScience/brain-tumor-classification/data/raw/brain_mri/test/meningioma_tumor/flip_horz_752_5731.png,1,1
/Users/nafisebahoosh/Developer/DataScience/brain-tumor-classification/data/raw/brain_mri/test/meningioma_tumor/flip_horz_77_5738.png,1,1
/Users/nafisebahoosh/Developer/DataScience/brain-tumor-classification/data/raw/brain_mri/test/meningioma_tumor/flip_horz_85_578.png,1,1
/Users/nafisebahoosh/Developer/DataScience/brain-tumor-classification/data/raw/brain_mri/test/meningioma_tumor/flip_horz_88_5750.png,1,1
/Users/nafisebahoosh/Developer/DataScience/brain-tumor-classification/data/raw/brain_mri/test/meningioma_tumor/flip_horz_89_582.png,1,1
/Users/nafisebahoosh/Developer/DataScience/brain-tumor-classification/data/raw/brain_mri/test/meningioma_tumor/flip_horz_8_572.png,1,0
/Users/nafisebahoosh/Developer/DataScience/brain-tumor-classification/data/raw/brain_mri/test/meningioma_tumor/flip_horz_91_585.png,1,1
/Users/nafisebahoosh/Developer/DataScience/brain-tumor-classification/data/raw/brain_mri/test/meningioma_tumor/flip_horz_92_586.png,1,1
/Users/nafisebahoosh/Developer/DataScience/brain-tumor-classification/data/raw/brain_mri/test/meningioma_tumor/flip_horz_97_5760.png,1,1
/Users/nafisebahoosh/Developer/DataScience/brain-tumor-classification/data/raw/brain_mri/test/meningioma_tumor/flip_horz_9_12280.png,1,2
/Users/nafisebahoosh/Developer/DataScience/brain-tumor-classification/data/raw/brain_mri/test/meningioma_tumor/flip_vert_105_5770.png,1,1
/Users/nafisebahoosh/Developer/DataScience/brain-tumor-classification/data/raw/brain_mri/test/meningioma_tumor/flip_vert_110_5776.png,1,1
/Users/nafisebahoosh/Developer/DataScience/brain-tumor-classification/data/raw/brain_mri/test/meningioma_tumor/flip_vert_113_5779.png,1,1
/Users/nafisebahoosh/Developer/DataScience/brain-tumor-classification/data/raw/brain_mri/test/meningioma_tumor/flip_vert_118_5784.png,1,1
/Users/nafisebahoosh/Developer/DataScience/brain-tumor-classification/data/raw/brain_mri/test/meningioma_tumor/flip_vert_141_5810.png,1,3
/Users/nafisebahoosh/Developer/DataScience/brain-tumor-classification/data/raw/brain_mri/test/meningioma_tumor/flip_vert_148_5817.png,1,1
/Users/nafisebahoosh/Developer/DataScience/brain-tumor-classification/data/raw/brain_mri/test/meningioma_tumor/flip_vert_14_5808.png,1,1
/Users/nafisebahoosh/Developer/DataScience/brain-tumor-classification/data/raw/brain_mri/test/meningioma_tumor/flip_vert_155_5825.png,1,1
/Users/nafisebahoosh/Developer/DataScience/brain-tumor-classification/data/raw/brain_mri/test/meningioma_tumor/flip_vert_157_5827.png,1,1
/Users/nafisebahoosh/Developer/DataScience/brain-tumor-classification/data/raw/brain_mri/test/meningioma_tumor/flip_vert_15_5819.png,1,2
/Users/nafisebahoosh/Developer/DataScience/brain-tumor-classification/data/raw/brain_mri/test/meningioma_tumor/flip_vert_172_5844.png,1,1
/Users/nafisebahoosh/Developer/DataScience/brain-tumor-classification/data/raw/brain_mri/test/meningioma_tumor/flip_vert_19_5863.png,1,1
/Users/nafisebahoosh/Developer/DataScience/brain-tumor-classification/data/raw/brain_mri/test/meningioma_tumor/flip_vert_208_5884.png,1,1
/Users/nafisebahoosh/Developer/DataScience/brain-tumor-classification/data/raw/brain_mri/test/meningioma_tumor/flip_vert_217_5894.png,1,1
/Users/nafisebahoosh/Developer/DataScience/brain-tumor-classification/data/raw/brain_mri/test/meningioma_tumor/flip_vert_223_5901.png,1,1
/Users/nafisebahoosh/Developer/DataScience/brain-tumor-classification/data/raw/brain_mri/test/meningioma_tumor/flip_vert_224_5902.png,1,1
/Users/nafisebahoosh/Developer/DataScience/brain-tumor-classification/data/raw/brain_mri/test/meningioma_tumor/flip_vert_253_5934.png,1,1
/Users/nafisebahoosh/Developer/DataScience/brain-tumor-classification/data/raw/brain_mri/test/meningioma_tumor/flip_vert_26_611.png,1,1
/Users/nafisebahoosh/Developer/DataScience/brain-tumor-classification/data/raw/brain_mri/test/meningioma_tumor/flip_vert_281_5965.png,1,1
/Users/nafisebahoosh/Developer/DataScience/brain-tumor-classification/data/raw/brain_mri/test/meningioma_tumor/flip_vert_293_5978.png,1,1
/Users/nafisebahoosh/Developer/DataScience/brain-tumor-classification/data/raw/brain_mri/test/meningioma_tumor/flip_vert_294_5979.png,1,1
/Users/nafisebahoosh/Developer/DataScience/brain-tumor-classification/data/raw/brain_mri/test/meningioma_tumor/flip_vert_297_5982.png,1,3
/Users/nafisebahoosh/Developer/DataScience/brain-tumor-classification/data/raw/brain_mri/test/meningioma_tumor/flip_vert_303_5990.png,1,1
/Users/nafisebahoosh/Developer/DataScience/brain-tumor-classification/data/raw/brain_mri/test/meningioma_tumor/flip_vert_307_5994.png,1,2
/Users/nafisebahoosh/Developer/DataScience/brain-tumor-classification/data/raw/brain_mri/test/meningioma_tumor/flip_vert_311_5999.png,1,1
/Users/nafisebahoosh/Developer/DataScience/brain-tumor-classification/data/raw/brain_mri/test/meningioma_tumor/flip_vert_328_6017.png,1,1
/Users/nafisebahoosh/Developer/DataScience/brain-tumor-classification/data/raw/brain_mri/test/meningioma_tumor/flip_vert_330_6020.png,1,2
/Users/nafisebahoosh/Developer/DataScience/brain-tumor-classification/data/raw/brain_mri/test/meningioma_tumor/flip_vert_33_619.png,1,1
/Users/nafisebahoosh/Developer/DataScience/brain-tumor-classification/data/raw/brain_mri/test/meningioma_tumor/flip_vert_342_6033.png,1,1
/Users/nafisebahoosh/Developer/DataScience/brain-tumor-classification/data/raw/brain_mri/test/meningioma_tumor/flip_vert_343_6034.png,1,3
/Users/nafisebahoosh/Developer/DataScience/brain-tumor-classification/data/raw/brain_mri/test/meningioma_tumor/flip_vert_345_6036.png,1,1
/Users/nafisebahoosh/Developer/DataScience/brain-tumor-classification/data/raw/brain_mri/test/meningioma_tumor/flip_vert_347_6038.png,1,1
/Users/nafisebahoosh/Developer/DataScience/brain-tumor-classification/data/raw/brain_mri/test/meningioma_tumor/flip_vert_34_6030.png,1,1
/Users/nafisebahoosh/Developer/DataScience/brain-tumor-classification/data/raw/brain_mri/test/meningioma_tumor/flip_vert_356_6048.png,1,1
/Users/nafisebahoosh/Developer/DataScience/brain-tumor-classification/data/raw/brain_mri/test/meningioma_tumor/flip_vert_35_621.png,1,1
/Users/nafisebahoosh/Developer/DataScience/brain-tumor-classification/data/raw/brain_mri/test/meningioma_tumor/flip_vert_361_6054.png,1,1
/Users/nafisebahoosh/Developer/DataScience/brain-tumor-classification/data/raw/brain_mri/test/meningioma_tumor/flip_vert_371_6065.png,1,1
/Users/nafisebahoosh/Developer/DataScience/brain-tumor-classification/data/raw/brain_mri/test/meningioma_tumor/flip_vert_378_6072.png,1,1
/Users/nafisebahoosh/Developer/DataScience/brain-tumor-classification/data/raw/brain_mri/test/meningioma_tumor/flip_vert_384_6079.png,1,2
/Users/nafisebahoosh/Developer/DataScience/brain-tumor-classification/data/raw/brain_mri/test/meningioma_tumor/flip_vert_388_6083.png,1,3
/Users/nafisebahoosh/Developer/DataScience/brain-tumor-classification/data/raw/brain_mri/test/meningioma_tumor/flip_vert_38_624.png,1,1
/Users/nafisebahoosh/Developer/DataScience/brain-tumor-classification/data/raw/brain_mri/test/meningioma_tumor/flip_vert_390_6086.png,1,2
/Users/nafisebahoosh/Developer/DataScience/brain-tumor-classification/data/raw/brain_mri/test/meningioma_tumor/flip_vert_393_6089.png,1,1
/Users/nafisebahoosh/Developer/DataScience/brain-tumor-classification/data/raw/brain_mri/test/meningioma_tumor/flip_vert_400_6098.png,1,1
/Users/nafisebahoosh/Developer/DataScience/brain-tumor-classification/data/raw/brain_mri/test/meningioma_tumor/flip_vert_408_6106.png,1,1
/Users/nafisebahoosh/Developer/DataScience/brain-tumor-classification/data/raw/brain_mri/test/meningioma_tumor/flip_vert_411_6110.png,1,1
/Users/nafisebahoosh/Developer/DataScience/brain-tumor-classification/data/raw/brain_mri/test/meningioma_tumor/flip_vert_415_6114.png,1,3
/Users/nafisebahoosh/Developer/DataScience/brain-tumor-classification/data/raw/brain_mri/test/meningioma_tumor/flip_vert_425_6125.png,1,1
/Users/nafisebahoosh/Developer/DataScience/brain-tumor-classification/data/raw/brain_mri/test/meningioma_tumor/flip_vert_434_6135.png,1,3
/Users/nafisebahoosh/Developer/DataScience/brain-tumor-classification/data/raw/brain_mri/test/meningioma_tumor/flip_vert_44_631.png,1,1
/Users/nafisebahoosh/Developer/DataScience/brain-tumor-classification/data/raw/brain_mri/test/meningioma_tumor/flip_vert_458_6161.png,1,1
/Users/nafisebahoosh/Developer/DataScience/brain-tumor-classification/data/raw/brain_mri/test/meningioma_tumor/flip_vert_45_632.png,1,1
/Users/nafisebahoosh/Developer/DataScience/brain-tumor-classification/data/raw/brain_mri/test/meningioma_tumor/flip_vert_462_6166.png,1,1
/Users/nafisebahoosh/Developer/DataScience/brain-tumor-classification/data/raw/brain_mri/test/meningioma_tumor/flip_vert_466_6170.png,1,1
/Users/nafisebahoosh/Developer/DataScience/brain-tumor-classification/data/raw/brain_mri/test/meningioma_tumor/flip_vert_486_6192.png,1,1
/Users/nafisebahoosh/Developer/DataScience/brain-tumor-classification/data/raw/brain_mri/test/meningioma_tumor/flip_vert_48_635.png,1,1
/Users/nafisebahoosh/Developer/DataScience/brain-tumor-classification/data/raw/brain_mri/test/meningioma_tumor/flip_vert_492_6199.png,1,1
/Users/nafisebahoosh/Developer/DataScience/brain-tumor-classification/data/raw/brain_mri/test/meningioma_tumor/flip_vert_501_6210.png,1,2
/Users/nafisebahoosh/Developer/DataScience/brain-tumor-classification/data/raw/brain_mri/test/meningioma_tumor/flip_vert_502_6211.png,1,1
/Users/nafisebahoosh/Developer/DataScience/brain-tumor-classification/data/raw/brain_mri/test/meningioma_tumor/flip_vert_507_6216.png,1,1
/Users/nafisebahoosh/Developer/DataScience/brain-tumor-classification/data/raw/brain_mri/test/meningioma_tumor/flip_vert_51_12327.png,1,1
/Users/nafisebahoosh/Developer/DataScience/brain-tumor-classification/data/raw/brain_mri/test/meningioma_tumor/flip_vert_528_6239.png,1,3
/Users/nafisebahoosh/Developer/DataScience/brain-tumor-classification/data/raw/brain_mri/test/meningioma_tumor/flip_vert_535_6247.png,1,1
/Users/nafisebahoosh/Developer/DataScience/brain-tumor-classification/data/raw/brain_mri/test/meningioma_tumor/flip_vert_549_6262.png,1,1
/Users/nafisebahoosh/Developer/DataScience/brain-tumor-classification/data/raw/brain_mri/test/meningioma_tumor/flip_vert_54_642.png,1,1
/Users/nafisebahoosh/Developer/DataScience/brain-tumor-classification/data/raw/brain_mri/test/meningioma_tumor/flip_vert_554_6268.png,1,1
/Users/nafisebahoosh/Developer/DataScience/brain-tumor-classification/data/raw/brain_mri/test/meningioma_tumor/flip_vert_563_6278.png,1,1
/Users/nafisebahoosh/Developer/DataScience/brain-tumor-classification/data/raw/brain_mri/test/meningioma_tumor/flip_vert_566_6281.png,1,1
/Users/nafisebahoosh/Developer/DataScience/brain-tumor-classification/data/raw/brain_mri/test/meningioma_tumor/flip_vert_56_6274.png,1,1
/Users/nafisebahoosh/Developer/DataScience/brain-tumor-classification/data/raw/brain_mri/test/meningioma_tumor/flip_vert_572_6288.png,1,1
/Users/nafisebahoosh/Developer/DataScience/brain-tumor-classification/data/raw/brain_mri/test/meningioma_tumor/flip_vert_573_6289.png,1,1
/Users/nafisebahoosh/Developer/DataScience/brain-tumor-classification/data/raw/brain_mri/test/meningioma_tumor/flip_vert_576_6292.png,1,3
/Users/nafisebahoosh/Developer/DataScience/brain-tumor-classification/data/raw/brain_mri/test/meningioma_tumor/flip_vert_58_6296.png,1,1
/Users/nafisebahoosh/Developer/DataScience/brain-tumor-classification/data/raw/brain_mri/test/meningioma_tumor/flip_vert_59_6307.png,1,1
/Users/nafisebahoosh/Developer/DataScience/brain-tumor-classification/data/raw/brain_mri/test/meningioma_tumor/flip_vert_59_647.png,1,1
/Users/nafisebahoosh/Developer/DataScience/brain-tumor-classification/data/raw/brain_mri/test/meningioma_tumor/flip_vert_619_6340.png,1,1
/Users/nafisebahoosh/Developer/DataScience/brain-tumor-classification/data/raw/brain_mri/test/meningioma_tumor/flip_vert_61_650.png,1,1
/Users/nafisebahoosh/Developer/DataScience/brain-tumor-classification/data/raw/brain_mri/test/meningioma_tumor/flip_vert_621_6343.png,1,1
/Users/nafisebahoosh/Developer/DataScience/brain-tumor-classification/data/raw/brain_mri/test/meningioma_tumor/flip_vert_642_6366.png,1,1
/Users/nafisebahoosh/Developer/DataScience/brain-tumor-classification/data/raw/brain_mri/test/meningioma_tumor/flip_vert_647_6371.png,1,1
/Users/nafisebahoosh/Developer/DataScience/brain-tumor-classification/data/raw/brain_mri/test/meningioma_tumor/flip_vert_648_6372.png,1,2
/Users/nafisebahoosh/Developer/DataScience/brain-tumor-classification/data/raw/brain_mri/test/meningioma_tumor/flip_vert_666_6392.png,1,1
/Users/nafisebahoosh/Developer/DataScience/brain-tumor-classification/data/raw/brain_mri/test/meningioma_tumor/flip_vert_667_6393.png,1,1
/Users/nafisebahoosh/Developer/DataScience/brain-tumor-classification/data/raw/brain_mri/test/meningioma_tumor/flip_vert_689_6417.png,1,1
/Users/nafisebahoosh/Developer/DataScience/brain-tumor-classification/data/raw/brain_mri/test/meningioma_tumor/flip_vert_694_6423.png,1,1
/Users/nafisebahoosh/Developer/DataScience/brain-tumor-classification/data/raw/brain_mri/test/meningioma_tumor/flip_vert_724_6457.png,1,3
/Users/nafisebahoosh/Developer/DataScience/brain-tumor-classification/data/raw/brain_mri/test/meningioma_tumor/flip_vert_73_6463.png,1,3
/Users/nafisebahoosh/Developer/DataScience/brain-tumor-classification/data/raw/brain_mri/test/meningioma_tumor/flip_vert_741_6476.png,1,1
/Users/nafisebahoosh/Developer/DataScience/brain-tumor-classification/data/raw/brain_mri/test/meningioma_tumor/flip_vert_746_6481.png,1,1
/Users/nafisebahoosh/Developer/DataScience/brain-tumor-classification/data/raw/brain_mri/test/meningioma_tumor/flip_vert_749_6484.png,1,3
/Users/nafisebahoosh/Developer/DataScience/brain-tumor-classification/data/raw/brain_mri/test/meningioma_tumor/flip_vert_74_664.png,1,3
/Users/nafisebahoosh/Developer/DataScience/brain-tumor-classification/data/raw/brain_mri/test/meningioma_tumor/flip_vert_755_6491.png,1,1
/Users/nafisebahoosh/Developer/DataScience/brain-tumor-classification/data/raw/brain_mri/test/meningioma_tumor/flip_vert_76_12354.png,1,1
/Users/nafisebahoosh/Developer/DataScience/brain-tumor-classification/data/raw/brain_mri/test/meningioma_tumor/flip_vert_78_668.png,1,1
/Users/nafisebahoosh/Developer/DataScience/brain-tumor-classification/data/raw/brain_mri/test/meningioma_tumor/flip_vert_80_6499.png,1,1
/Users/nafisebahoosh/Developer/DataScience/brain-tumor-classification/data/raw/brain_mri/test/meningioma_tumor/flip_vert_96_688.png,1,1
/Users/nafisebahoosh/Developer/DataScience/brain-tumor-classification/data/raw/brain_mri/test/meningioma_tumor/original_103_6525.png,1,1
/Users/nafisebahoosh/Developer/DataScience/brain-tumor-classification/data/raw/brain_mri/test/meningioma_tumor/original_108_6530.png,1,1
/Users/nafisebahoosh/Developer/DataScience/brain-tumor-classification/data/raw/brain_mri/test/meningioma_tumor/original_109_6531.png,1,1
/Users/nafisebahoosh/Developer/DataScience/brain-tumor-classification/data/raw/brain_mri/test/meningioma_tumor/original_115_6538.png,1,1
/Users/nafisebahoosh/Developer/DataScience/brain-tumor-classification/data/raw/brain_mri/test/meningioma_tumor/original_12_12366.png,1,1
/Users/nafisebahoosh/Developer/DataScience/brain-tumor-classification/data/raw/brain_mri/test/meningioma_tumor/original_12_694.png,1,1
/Users/nafisebahoosh/Developer/DataScience/brain-tumor-classification/data/raw/brain_mri/test/meningioma_tumor/original_150_6577.png,1,1
/Users/nafisebahoosh/Developer/DataScience/brain-tumor-classification/data/raw/brain_mri/test/meningioma_tumor/original_153_6580.png,1,1
/Users/nafisebahoosh/Developer/DataScience/brain-tumor-classification/data/raw/brain_mri/test/meningioma_tumor/original_155_6582.png,1,1
/Users/nafisebahoosh/Developer/DataScience/brain-tumor-classification/data/raw/brain_mri/test/meningioma_tumor/original_15_697.png,1,1
/Users/nafisebahoosh/Developer/DataScience/brain-tumor-classification/data/raw/brain_mri/test/meningioma_tumor/original_162_6590.png,1,1
/Users/nafisebahoosh/Developer/DataScience/brain-tumor-classification/data/raw/brain_mri/test/meningioma_tumor/original_168_6596.png,1,1
/Users/nafisebahoosh/Developer/DataScience/brain-tumor-classification/data/raw/brain_mri/test/meningioma_tumor/original_179_6608.png,1,1
/Users/nafisebahoosh/Developer/DataScience/brain-tumor-classification/data/raw/brain_mri/test/meningioma_tumor/original_180_6610.png,1,3
/Users/nafisebahoosh/Developer/DataScience/brain-tumor-classification/data/raw/brain_mri/test/meningioma_tumor/original_181_6611.png,1,1
/Users/nafisebahoosh/Developer/DataScience/brain-tumor-classification/data/raw/brain_mri/test/meningioma_tumor/original_195_6626.png,1,1
/Users/nafisebahoosh/Developer/DataScience/brain-tumor-classification/data/raw/brain_mri/test/meningioma_tumor/original_199_6630.png,1,3
/Users/nafisebahoosh/Developer/DataScience/brain-tumor-classification/data/raw/brain_mri/test/meningioma_tumor/original_1_6520.png,1,1
/Users/nafisebahoosh/Developer/DataScience/brain-tumor-classification/data/raw/brain_mri/test/meningioma_tumor/original_21_12376.png,1,1
/Users/nafisebahoosh/Developer/DataScience/brain-tumor-classification/data/raw/brain_mri/test/meningioma_tumor/original_230_6666.png,1,1
/Users/nafisebahoosh/Developer/DataScience/brain-tumor-classification/data/raw/brain_mri/test/meningioma_tumor/original_244_6681.png,1,1
/Users/nafisebahoosh/Developer/DataScience/brain-tumor-classification/data/raw/brain_mri/test/meningioma_tumor/original_24_707.png,1,1
/Users/nafisebahoosh/Developer/DataScience/brain-tumor-classification/data/raw/brain_mri/test/meningioma_tumor/original_256_6694.png,1,1
/Users/nafisebahoosh/Developer/DataScience/brain-tumor-classification/data/raw/brain_mri/test/meningioma_tumor/original_262_6701.png,1,1
/Users/nafisebahoosh/Developer/DataScience/brain-tumor-classification/data/raw/brain_mri/test/meningioma_tumor/original_26_12381.png,1,1
/Users/nafisebahoosh/Developer/DataScience/brain-tumor-classification/data/raw/brain_mri/test/meningioma_tumor/original_279_6719.png,1,1
/Users/nafisebahoosh/Developer/DataScience/brain-tumor-classification/data/raw/brain_mri/test/meningioma_tumor/original_281_6722.png,1,1
/Users/nafisebahoosh/Developer/DataScience/brain-tumor-classification/data/raw/brain_mri/test/meningioma_tumor/original_286_6727.png,1,1
/Users/nafisebahoosh/Developer/DataScience/brain-tumor-classification/data/raw/brain_mri/test/meningioma_tumor/original_288_6729.png,1,1
/Users/nafisebahoosh/Developer/DataScience/brain-tumor-classification/data/raw/brain_mri/test/meningioma_tumor/original_293_6735.png,1,1
/Users/nafisebahoosh/Developer/DataScience/brain-tumor-classification/data/raw/brain_mri/test/meningioma_tumor/original_307_6751.png,1,2
/Users/nafisebahoosh/Developer/DataScience/brain-tumor-classification/data/raw/brain_mri/test/meningioma_tumor/original_311_6756.png,1,1
/Users/nafisebahoosh/Developer/DataScience/brain-tumor-classification/data/raw/brain_mri/test/meningioma_tumor/original_337_6784.png,1,1
/Users/nafisebahoosh/Developer/DataScience/brain-tumor-classification/data/raw/brain_mri/test/meningioma_tumor/original_34_6787.png,1,1
/Users/nafisebahoosh/Developer/DataScience/brain-tumor-classification/data/raw/brain_mri/test/meningioma_tumor/original_363_6813.png,1,1
/Users/nafisebahoosh/Developer/DataScience/brain-tumor-classification/data/raw/brain_mri/test/meningioma_tumor/original_378_6829.png,1,1
/Users/nafisebahoosh/Developer/DataScience/brain-tumor-classification/data/raw/brain_mri/test/meningioma_tumor/original_380_6832.png,1,1
/Users/nafisebahoosh/Developer/DataScience/brain-tumor-classification/data/raw/brain_mri/test/meningioma_tumor/original_38_722.png,1,1
/Users/nafisebahoosh/Developer/DataScience/brain-tumor-classification/data/raw/brain_mri/test/meningioma_tumor/original_407_6862.png,1,1
/Users/nafisebahoosh/Developer/DataScience/brain-tumor-classification/data/raw/brain_mri/test/meningioma_tumor/original_40_6854.png,1,3
/Users/nafisebahoosh/Developer/DataScience/brain-tumor-classification/data/raw/brain_mri/test/meningioma_tumor/original_419_6875.png,1,1
/Users/nafisebahoosh/Developer/DataScience/brain-tumor-classification/data/raw/brain_mri/test/meningioma_tumor/original_423_6880.png,1,1
/Users/nafisebahoosh/Developer/DataScience/brain-tumor-classification/data/raw/brain_mri/test/meningioma_tumor/original_432_6890.png,1,1
/Users/nafisebahoosh/Developer/DataScience/brain-tumor-classification/data/raw/brain_mri/test/meningioma_tumor/original_443_6902.png,1,1
/Users/nafisebahoosh/Developer/DataScience/brain-tumor-classification/data/raw/brain_mri/test/meningioma_tumor/original_447_6906.png,1,3
/Users/nafisebahoosh/Developer/DataScience/brain-tumor-classification/data/raw/brain_mri/test/meningioma_tumor/original_458_6918.png,1,1
/Users/nafisebahoosh/Developer/DataScience/brain-tumor-classification/data/raw/brain_mri/test/meningioma_tumor/original_45_6909.png,1,3
/Users/nafisebahoosh/Developer/DataScience/brain-tumor-classification/data/raw/brain_mri/test/meningioma_tumor/original_469_6930.png,1,3
/Users/nafisebahoosh/Developer/DataScience/brain-tumor-classification/data/raw/brain_mri/test/meningioma_tumor/original_46_12403.png,1,1
/Users/nafisebahoosh/Developer/DataScience/brain-tumor-classification/data/raw/brain_mri/test/meningioma_tumor/original_473_6935.png,1,1
/Users/nafisebahoosh/Developer/DataScience/brain-tumor-classification/data/raw/brain_mri/test/meningioma_tumor/original_479_6941.png,1,1
/Users/nafisebahoosh/Developer/DataScience/brain-tumor-classification/data/raw/brain_mri/test/meningioma_tumor/original_493_6957.png,1,0
/Users/nafisebahoosh/Developer/DataScience/brain-tumor-classification/data/raw/brain_mri/test/meningioma_tumor/original_501_6967.png,1,2
/Users/nafisebahoosh/Developer/DataScience/brain-tumor-classification/data/raw/brain_mri/test/meningioma_tumor/original_508_6974.png,1,1
/Users/nafisebahoosh/Developer/DataScience/brain-tumor-classification/data/raw/brain_mri/test/meningioma_tumor/original_512_6979.png,1,3
/Users/nafisebahoosh/Developer/DataScience/brain-tumor-classification/data/raw/brain_mri/test/meningioma_tumor/original_518_6985.png,1,1
/Users/nafisebahoosh/Developer/DataScience/brain-tumor-classification/data/raw/brain_mri/test/meningioma_tumor/original_525_6993.png,1,1
/Users/nafisebahoosh/Developer/DataScience/brain-tumor-classification/data/raw/brain_mri/test/meningioma_tumor/original_53_739.png,1,1
/Users/nafisebahoosh/Developer/DataScience/brain-tumor-classification/data/raw/brain_mri/test/meningioma_tumor/original_547_7017.png,1,1
/Users/nafisebahoosh/Developer/DataScience/brain-tumor-classification/data/raw/brain_mri/test/meningioma_tumor/original_560_7032.png,1,1
/Users/nafisebahoosh/Developer/DataScience/brain-tumor-classification/data/raw/brain_mri/test/meningioma_tumor/original_567_7039.png,1,1
/Users/nafisebahoosh/Developer/DataScience/brain-tumor-classification/data/raw/brain_mri/test/meningioma_tumor/original_56_12414.png,1,1
/Users/nafisebahoosh/Developer/DataScience/brain-tumor-classification/data/raw/brain_mri/test/meningioma_tumor/original_57_743.png,1,1
/Users/nafisebahoosh/Developer/DataScience/brain-tumor-classification/data/raw/brain_mri/test/meningioma_tumor/original_581_7055.png,1,1
/Users/nafisebahoosh/Developer/DataScience/brain-tumor-classification/data/raw/brain_mri/test/meningioma_tumor/original_598_7073.png,1,1
/Users/nafisebahoosh/Developer/DataScience/brain-tumor-classification/data/raw/brain_mri/test/meningioma_tumor/original_59_12417.png,1,1
/Users/nafisebahoosh/Developer/DataScience/brain-tumor-classification/data/raw/brain_mri/test/meningioma_tumor/original_5_6964.png,1,1
/Users/nafisebahoosh/Developer/DataScience/brain-tumor-classification/data/raw/brain_mri/test/meningioma_tumor/original_608_7085.png,1,0
/Users/nafisebahoosh/Developer/DataScience/brain-tumor-classification/data/raw/brain_mri/test/meningioma_tumor/original_624_7103.png,1,1
/Users/nafisebahoosh/Developer/DataScience/brain-tumor-classification/data/raw/brain_mri/test/meningioma_tumor/original_646_7127.png,1,1
/Users/nafisebahoosh/Developer/DataScience/brain-tumor-classification/data/raw/brain_mri/test/meningioma_tumor/original_654_7136.png,1,1
/Users/nafisebahoosh/Developer/DataScience/brain-tumor-classification/data/raw/brain_mri/test/meningioma_tumor/original_672_7156.png,1,1
/Users/nafisebahoosh/Developer/DataScience/brain-tumor-classification/data/raw/brain_mri/test/meningioma_tumor/original_67_12426.png,1,1
/Users/nafisebahoosh/Developer/DataScience/brain-tumor-classification/data/raw/brain_mri/test/meningioma_tumor/original_67_7153.png,1,1
/Users/nafisebahoosh/Developer/DataScience/brain-tumor-classification/data/raw/brain_mri/test/meningioma_tumor/original_707_7195.png,1,2
/Users/nafisebahoosh/Developer/DataScience/brain-tumor-classification/data/raw/brain_mri/test/meningioma_tumor/original_713_7202.png,1,1
/Users/nafisebahoosh/Developer/DataScience/brain-tumor-classification/data/raw/brain_mri/test/meningioma_tumor/original_719_7208.png,1,3
/Users/nafisebahoosh/Developer/DataScience/brain-tumor-classification/data/raw/brain_mri/test/meningioma_tumor/original_720_7210.png,1,2
/Users/nafisebahoosh/Developer/DataScience/brain-tumor-classification/data/raw/brain_mri/test/meningioma_tumor/original_72_7209.png,1,2
/Users/nafisebahoosh/Developer/DataScience/brain-tumor-classification/data/raw/brain_mri/test/meningioma_tumor/original_749_7241.png,1,3
/Users/nafisebahoosh/Developer/DataScience/brain-tumor-classification/data/raw/brain_mri/test/meningioma_tumor/original_74_12434.png,1,1
/Users/nafisebahoosh/Developer/DataScience/brain-tumor-classification/data/raw/brain_mri/test/meningioma_tumor/original_76_7251.png,1,1
/Users/nafisebahoosh/Developer/DataScience/brain-tumor-classification/data/raw/brain_mri/test/meningioma_tumor/original_78_766.png,1,1
/Users/nafisebahoosh/Developer/DataScience/brain-tumor-classification/data/raw/brain_mri/test/meningioma_tumor/original_79_7254.png,1,1
/Users/nafisebahoosh/Developer/DataScience/brain-tumor-classification/data/raw/brain_mri/test/meningioma_tumor/original_88_777.png,1,1
/Users/nafisebahoosh/Developer/DataScience/brain-tumor-classification/data/raw/brain_mri/test/meningioma_tumor/original_92_7269.png,1,1
/Users/nafisebahoosh/Developer/DataScience/brain-tumor-classification/data/raw/brain_mri/test/meningioma_tumor/original_9_12444.png,1,2
/Users/nafisebahoosh/Developer/DataScience/brain-tumor-classification/data/raw/brain_mri/test/no_tumor/bright_img_117_7297.png,2,1
/Users/nafisebahoosh/Developer/DataScience/brain-tumor-classification/data/raw/brain_mri/test/no_tumor/bright_img_120_7301.png,2,2
/Users/nafisebahoosh/Developer/DataScience/brain-tumor-classification/data/raw/brain_mri/test/no_tumor/bright_img_123_7304.png,2,2
/Users/nafisebahoosh/Developer/DataScience/brain-tumor-classification/data/raw/brain_mri/test/no_tumor/bright_img_133_7315.png,2,2
/Users/nafisebahoosh/Developer/DataScience/brain-tumor-classification/data/raw/brain_mri/test/no_tumor/bright_img_138_7320.png,2,2
/Users/nafisebahoosh/Developer/DataScience/brain-tumor-classification/data/raw/brain_mri/test/no_tumor/bright_img_166_7351.png,2,2
/Users/nafisebahoosh/Developer/DataScience/brain-tumor-classification/data/raw/brain_mri/test/no_tumor/bright_img_16_7344.png,2,2
/Users/nafisebahoosh/Developer/DataScience/brain-tumor-classification/data/raw/brain_mri/test/no_tumor/bright_img_187_7374.png,2,1
/Users/nafisebahoosh/Developer/DataScience/brain-tumor-classification/data/raw/brain_mri/test/no_tumor/bright_img_200_7390.png,2,2
/Users/nafisebahoosh/Developer/DataScience/brain-tumor-classification/data/raw/brain_mri/test/no_tumor/bright_img_21_802.png,2,3
/Users/nafisebahoosh/Developer/DataScience/brain-tumor-classification/data/raw/brain_mri/test/no_tumor/bright_img_222_7414.png,2,2
/Users/nafisebahoosh/Developer/DataScience/brain-tumor-classification/data/raw/brain_mri/test/no_tumor/bright_img_23_804.png,2,1
/Users/nafisebahoosh/Developer/DataScience/brain-tumor-classification/data/raw/brain_mri/test/no_tumor/bright_img_255_7450.png,2,2
/Users/nafisebahoosh/Developer/DataScience/brain-tumor-classification/data/raw/brain_mri/test/no_tumor/bright_img_293_7492.png,2,2
/Users/nafisebahoosh/Developer/DataScience/brain-tumor-classification/data/raw/brain_mri/test/no_tumor/bright_img_318_7520.png,2,2
/Users/nafisebahoosh/Developer/DataScience/brain-tumor-classification/data/raw/brain_mri/test/no_tumor/bright_img_319_7521.png,2,2
/Users/nafisebahoosh/Developer/DataScience/brain-tumor-classification/data/raw/brain_mri/test/no_tumor/bright_img_322_7525.png,2,2
/Users/nafisebahoosh/Developer/DataScience/brain-tumor-classification/data/raw/brain_mri/test/no_tumor/bright_img_324_7527.png,2,2
/Users/nafisebahoosh/Developer/DataScience/brain-tumor-classification/data/raw/brain_mri/test/no_tumor/bright_img_328_7531.png,2,3
/Users/nafisebahoosh/Developer/DataScience/brain-tumor-classification/data/raw/brain_mri/test/no_tumor/bright_img_329_7532.png,2,2
/Users/nafisebahoosh/Developer/DataScience/brain-tumor-classification/data/raw/brain_mri/test/no_tumor/bright_img_32_7522.png,2,1
/Users/nafisebahoosh/Developer/DataScience/brain-tumor-classification/data/raw/brain_mri/test/no_tumor/bright_img_33_12471.png,2,2
/Users/nafisebahoosh/Developer/DataScience/brain-tumor-classification/data/raw/brain_mri/test/no_tumor/bright_img_33_7533.png,2,2
/Users/nafisebahoosh/Developer/DataScience/brain-tumor-classification/data/raw/brain_mri/test/no_tumor/bright_img_35_12473.png,2,2
/Users/nafisebahoosh/Developer/DataScience/brain-tumor-classification/data/raw/brain_mri/test/no_tumor/bright_img_372_7580.png,2,2
/Users/nafisebahoosh/Developer/DataScience/brain-tumor-classification/data/raw/brain_mri/test/no_tumor/bright_img_37_12475.png,2,2
/Users/nafisebahoosh/Developer/DataScience/brain-tumor-classification/data/raw/brain_mri/test/no_tumor/bright_img_383_7592.png,2,2
/Users/nafisebahoosh/Developer/DataScience/brain-tumor-classification/data/raw/brain_mri/test/no_tumor/bright_img_38_7588.png,2,0
/Users/nafisebahoosh/Developer/DataScience/brain-tumor-classification/data/raw/brain_mri/test/no_tumor/bright_img_3_811.png,2,2
/Users/nafisebahoosh/Developer/DataScience/brain-tumor-classification/data/raw/brain_mri/test/no_tumor/bright_img_43_7606.png,2,1
/Users/nafisebahoosh/Developer/DataScience/brain-tumor-classification/data/raw/brain_mri/test/no_tumor/bright_img_49_7612.png,2,2
/Users/nafisebahoosh/Developer/DataScience/brain-tumor-classification/data/raw/brain_mri/test/no_tumor/bright_img_4_7602.png,2,2
/Users/nafisebahoosh/Developer/DataScience/brain-tumor-classification/data/raw/brain_mri/test/no_tumor/bright_img_4_822.png,2,2
/Users/nafisebahoosh/Developer/DataScience/brain-tumor-classification/data/raw/brain_mri/test/no_tumor/bright_img_60_7625.png,2,2
/Users/nafisebahoosh/Developer/DataScience/brain-tumor-classification/data/raw/brain_mri/test/no_tumor/bright_img_83_7650.png,2,2
/Users/nafisebahoosh/Developer/DataScience/brain-tumor-classification/data/raw/brain_mri/test/no_tumor/bright_img_85_7652.png,2,1
/Users/nafisebahoosh/Developer/DataScience/brain-tumor-classification/data/raw/brain_mri/test/no_tumor/bright_img_9_7657.png,2,2
/Users/nafisebahoosh/Developer/DataScience/brain-tumor-classification/data/raw/brain_mri/test/no_tumor/flip_horz_10_7669.png,2,1
/Users/nafisebahoosh/Developer/DataScience/brain-tumor-classification/data/raw/brain_mri/test/no_tumor/flip_horz_139_7712.png,2,2
/Users/nafisebahoosh/Developer/DataScience/brain-tumor-classification/data/raw/brain_mri/test/no_tumor/flip_horz_140_7714.png,2,2
/Users/nafisebahoosh/Developer/DataScience/brain-tumor-classification/data/raw/brain_mri/test/no_tumor/flip_horz_158_7733.png,2,2
/Users/nafisebahoosh/Developer/DataScience/brain-tumor-classification/data/raw/brain_mri/test/no_tumor/flip_horz_170_7747.png,2,1
/Users/nafisebahoosh/Developer/DataScience/brain-tumor-classification/data/raw/brain_mri/test/no_tumor/flip_horz_191_7770.png,2,2
/Users/nafisebahoosh/Developer/DataScience/brain-tumor-classification/data/raw/brain_mri/test/no_tumor/flip_horz_205_7786.png,2,2
/Users/nafisebahoosh/Developer/DataScience/brain-tumor-classification/data/raw/brain_mri/test/no_tumor/flip_horz_209_7790.png,2,2
/Users/nafisebahoosh/Developer/DataScience/brain-tumor-classification/data/raw/brain_mri/test/no_tumor/flip_horz_213_7795.png,2,2
/Users/nafisebahoosh/Developer/DataScience/brain-tumor-classification/data/raw/brain_mri/test/no_tumor/flip_horz_218_7800.png,2,1
/Users/nafisebahoosh/Developer/DataScience/brain-tumor-classification/data/raw/brain_mri/test/no_tumor/flip_horz_225_7808.png,2,2
/Users/nafisebahoosh/Developer/DataScience/brain-tumor-classification/data/raw/brain_mri/test/no_tumor/flip_horz_226_7809.png,2,2
/Users/nafisebahoosh/Developer/DataScience/brain-tumor-classification/data/raw/brain_mri/test/no_tumor/flip_horz_238_7822.png,2,2
/Users/nafisebahoosh/Developer/DataScience/brain-tumor-classification/data/raw/brain_mri/test/no_tumor/flip_horz_241_7826.png,2,3
/Users/nafisebahoosh/Developer/DataScience/brain-tumor-classification/data/raw/brain_mri/test/no_tumor/flip_horz_254_7840.png,2,1
/Users/nafisebahoosh/Developer/DataScience/brain-tumor-classification/data/raw/brain_mri/test/no_tumor/flip_horz_268_7855.png,2,2
/Users/nafisebahoosh/Developer/DataScience/brain-tumor-classification/data/raw/brain_mri/test/no_tumor/flip_horz_271_7859.png,2,2
/Users/nafisebahoosh/Developer/DataScience/brain-tumor-classification/data/raw/brain_mri/test/no_tumor/flip_horz_274_7862.png,2,2
/Users/nafisebahoosh/Developer/DataScience/brain-tumor-classification/data/raw/brain_mri/test/no_tumor/flip_horz_275_7863.png,2,2
/Users/nafisebahoosh/Developer/DataScience/brain-tumor-classification/data/raw/brain_mri/test/no_tumor/flip_horz_276_7864.png,2,2
/Users/nafisebahoosh/Developer/DataScience/brain-tumor-classification/data/raw/brain_mri/test/no_tumor/flip_horz_278_7866.png,2,2
/Users/nafisebahoosh/Developer/DataScience/brain-tumor-classification/data/raw/brain_mri/test/no_tumor/flip_horz_27_851.png,2,2
/Users/nafisebahoosh/Developer/DataScience/brain-tumor-classification/data/raw/brain_mri/test/no_tumor/flip_horz_280_7869.png,2,1
/Users/nafisebahoosh/Developer/DataScience/brain-tumor-classification/data/raw/brain_mri/test/no_tumor/flip_horz_302_7894.png,2,2
/Users/nafisebahoosh/Developer/DataScience/brain-tumor-classification/data/raw/brain_mri/test/no_tumor/flip_horz_310_7903.png,2,2
/Users/nafisebahoosh/Developer/DataScience/brain-tumor-classification/data/raw/brain_mri/test/no_tumor/flip_horz_319_7912.png,2,2
/Users/nafisebahoosh/Developer/DataScience/brain-tumor-classification/data/raw/brain_mri/test/no_tumor/flip_horz_31_7902.png,2,3
/Users/nafisebahoosh/Developer/DataScience/brain-tumor-classification/data/raw/brain_mri/test/no_tumor/flip_horz_325_7919.png,2,1
/Users/nafisebahoosh/Developer/DataScience/brain-tumor-classification/data/raw/brain_mri/test/no_tumor/flip_horz_32_857.png,2,2
/Users/nafisebahoosh/Developer/DataScience/brain-tumor-classification/data/raw/brain_mri/test/no_tumor/flip_horz_348_7944.png,2,2
/Users/nafisebahoosh/Developer/DataScience/brain-tumor-classification/data/raw/brain_mri/test/no_tumor/flip_horz_350_7947.png,2,2
/Users/nafisebahoosh/Developer/DataScience/brain-tumor-classification/data/raw/brain_mri/test/no_tumor/flip_horz_356_7953.png,2,2
/Users/nafisebahoosh/Developer/DataScience/brain-tumor-classification/data/raw/brain_mri/test/no_tumor/flip_horz_360_7958.png,2,1
/Users/nafisebahoosh/Developer/DataScience/brain-tumor-classification/data/raw/brain_mri/test/no_tumor/flip_horz_365_7963.png,2,2
/Users/nafisebahoosh/Developer/DataScience/brain-tumor-classification/data/raw/brain_mri/test/no_tumor/flip_horz_36_12541.png,2,2
/Users/nafisebahoosh/Developer/DataScience/brain-tumor-classification/data/raw/brain_mri/test/no_tumor/flip_horz_36_861.png,2,2
/Users/nafisebahoosh/Developer/DataScience/brain-tumor-classification/data/raw/brain_mri/test/no_tumor/flip_horz_370_7969.png,2,2
/Users/nafisebahoosh/Developer/DataScience/brain-tumor-classification/data/raw/brain_mri/test/no_tumor/flip_horz_37_7968.png,2,2
/Users/nafisebahoosh/Developer/DataScience/brain-tumor-classification/data/raw/brain_mri/test/no_tumor/flip_horz_381_7981.png,2,2
/Users/nafisebahoosh/Developer/DataScience/brain-tumor-classification/data/raw/brain_mri/test/no_tumor/flip_horz_386_7986.png,2,2
/Users/nafisebahoosh/Developer/DataScience/brain-tumor-classification/data/raw/brain_mri/test/no_tumor/flip_horz_387_7987.png,2,2
/Users/nafisebahoosh/Developer/DataScience/brain-tumor-classification/data/raw/brain_mri/test/no_tumor/flip_horz_388_7988.png,2,2
/Users/nafisebahoosh/Developer/DataScience/brain-tumor-classification/data/raw/brain_mri/test/no_tumor/flip_horz_38_12543.png,2,0
/Users/nafisebahoosh/Developer/DataScience/brain-tumor-classification/data/raw/brain_mri/test/no_tumor/flip_horz_38_863.png,2,2
/Users/nafisebahoosh/Developer/DataScience/brain-tumor-classification/data/raw/brain_mri/test/no_tumor/flip_horz_390_7991.png,2,2
/Users/nafisebahoosh/Developer/DataScience/brain-tumor-classification/data/raw/brain_mri/test/no_tumor/flip_horz_43_7997.png,2,1
/Users/nafisebahoosh/Developer/DataScience/brain-tumor-classification/data/raw/brain_mri/test/no_tumor/flip_horz_45_12551.png,2,2
/Users/nafisebahoosh/Developer/DataScience/brain-tumor-classification/data/raw/brain_mri/test/no_tumor/flip_horz_45_7999.png,2,2
/Users/nafisebahoosh/Developer/DataScience/brain-tumor-classification/data/raw/brain_mri/test/no_tumor/flip_horz_4_12545.png,2,2
/Users/nafisebahoosh/Developer/DataScience/brain-tumor-classification/data/raw/brain_mri/test/no_tumor/flip_horz_4_7993.png,2,2
/Users/nafisebahoosh/Developer/DataScience/brain-tumor-classification/data/raw/brain_mri/test/no_tumor/flip_horz_55_8010.png,2,2
/Users/nafisebahoosh/Developer/DataScience/brain-tumor-classification/data/raw/brain_mri/test/no_tumor/flip_horz_60_8016.png,2,2
/Users/nafisebahoosh/Developer/DataScience/brain-tumor-classification/data/raw/brain_mri/test/no_tumor/flip_horz_6_8015.png,2,1
/Users/nafisebahoosh/Developer/DataScience/brain-tumor-classification/data/raw/brain_mri/test/no_tumor/flip_horz_73_8030.png,2,2
/Users/nafisebahoosh/Developer/DataScience/brain-tumor-classification/data/raw/brain_mri/test/no_tumor/flip_horz_86_8044.png,2,2
/Users/nafisebahoosh/Developer/DataScience/brain-tumor-classification/data/raw/brain_mri/test/no_tumor/flip_horz_88_8046.png,2,2
/Users/nafisebahoosh/Developer/DataScience/brain-tumor-classification/data/raw/brain_mri/test/no_tumor/flip_horz_8_12577.png,2,1
/Users/nafisebahoosh/Developer/DataScience/brain-tumor-classification/data/raw/brain_mri/test/no_tumor/flip_horz_9_12578.png,2,2
/Users/nafisebahoosh/Developer/DataScience/brain-tumor-classification/data/raw/brain_mri/test/no_tumor/flip_horz_9_8048.png,2,1
/Users/nafisebahoosh/Developer/DataScience/brain-tumor-classification/data/raw/brain_mri/test/no_tumor/flip_vert_11_12581.png,2,2
/Users/nafisebahoosh/Developer/DataScience/brain-tumor-classification/data/raw/brain_mri/test/no_tumor/flip_vert_11_8071.png,2,2
/Users/nafisebahoosh/Developer/DataScience/brain-tumor-classification/data/raw/brain_mri/test/no_tumor/flip_vert_13_8093.png,2,2
/Users/nafisebahoosh/Developer/DataScience/brain-tumor-classification/data/raw/brain_mri/test/no_tumor/flip_vert_146_8111.png,2,2
/Users/nafisebahoosh/Developer/DataScience/brain-tumor-classification/data/raw/brain_mri/test/no_tumor/flip_vert_155_8121.png,2,2
/Users/nafisebahoosh/Developer/DataScience/brain-tumor-classification/data/raw/brain_mri/test/no_tumor/flip_vert_163_8130.png,2,2
/Users/nafisebahoosh/Developer/DataScience/brain-tumor-classification/data/raw/brain_mri/test/no_tumor/flip_vert_16_882.png,2,2
/Users/nafisebahoosh/Developer/DataScience/brain-tumor-classification/data/raw/brain_mri/test/no_tumor/flip_vert_17_883.png,2,2
/Users/nafisebahoosh/Developer/DataScience/brain-tumor-classification/data/raw/brain_mri/test/no_tumor/flip_vert_183_8152.png,2,2
/Users/nafisebahoosh/Developer/DataScience/brain-tumor-classification/data/raw/brain_mri/test/no_tumor/flip_vert_184_8153.png,2,2
/Users/nafisebahoosh/Developer/DataScience/brain-tumor-classification/data/raw/brain_mri/test/no_tumor/flip_vert_194_8164.png,2,2
/Users/nafisebahoosh/Developer/DataScience/brain-tumor-classification/data/raw/brain_mri/test/no_tumor/flip_vert_196_8166.png,2,2
/Users/nafisebahoosh/Developer/DataScience/brain-tumor-classification/data/raw/brain_mri/test/no_tumor/flip_vert_197_8167.png,2,2
/Users/nafisebahoosh/Developer/DataScience/brain-tumor-classification/data/raw/brain_mri/test/no_tumor/flip_vert_199_8169.png,2,2
/Users/nafisebahoosh/Developer/DataScience/brain-tumor-classification/data/raw/brain_mri/test/no_tumor/flip_vert_206_8178.png,2,2
/Users/nafisebahoosh/Developer/DataScience/brain-tumor-classification/data/raw/brain_mri/test/no_tumor/flip_vert_208_8180.png,2,2
/Users/nafisebahoosh/Developer/DataScience/brain-tumor-classification/data/raw/brain_mri/test/no_tumor/flip_vert_209_8181.png,2,2
/Users/nafisebahoosh/Developer/DataScience/brain-tumor-classification/data/raw/brain_mri/test/no_tumor/flip_vert_20_12591.png,2,2
/Users/nafisebahoosh/Developer/DataScience/brain-tumor-classification/data/raw/brain_mri/test/no_tumor/flip_vert_20_8171.png,2,1
/Users/nafisebahoosh/Developer/DataScience/brain-tumor-classification/data/raw/brain_mri/test/no_tumor/flip_vert_213_8186.png,2,2
/Users/nafisebahoosh/Developer/DataScience/brain-tumor-classification/data/raw/brain_mri/test/no_tumor/flip_vert_215_8188.png,2,2
/Users/nafisebahoosh/Developer/DataScience/brain-tumor-classification/data/raw/brain_mri/test/no_tumor/flip_vert_218_8191.png,2,1
/Users/nafisebahoosh/Developer/DataScience/brain-tumor-classification/data/raw/brain_mri/test/no_tumor/flip_vert_21_8182.png,2,3
/Users/nafisebahoosh/Developer/DataScience/brain-tumor-classification/data/raw/brain_mri/test/no_tumor/flip_vert_228_8202.png,2,2
/Users/nafisebahoosh/Developer/DataScience/brain-tumor-classification/data/raw/brain_mri/test/no_tumor/flip_vert_237_8212.png,2,2
/Users/nafisebahoosh/Developer/DataScience/brain-tumor-classification/data/raw/brain_mri/test/no_tumor/flip_vert_24_891.png,2,2
/Users/nafisebahoosh/Developer/DataScience/brain-tumor-classification/data/raw/brain_mri/test/no_tumor/flip_vert_253_8230.png,2,2
/Users/nafisebahoosh/Developer/DataScience/brain-tumor-classification/data/raw/brain_mri/test/no_tumor/flip_vert_259_8236.png,2,2
/Users/nafisebahoosh/Developer/DataScience/brain-tumor-classification/data/raw/brain_mri/test/no_tumor/flip_vert_25_12596.png,2,2
/Users/nafisebahoosh/Developer/DataScience/brain-tumor-classification/data/raw/brain_mri/test/no_tumor/flip_vert_25_8226.png,2,2
/Users/nafisebahoosh/Developer/DataScience/brain-tumor-classification/data/raw/brain_mri/test/no_tumor/flip_vert_261_8239.png,2,1
/Users/nafisebahoosh/Developer/DataScience/brain-tumor-classification/data/raw/brain_mri/test/no_tumor/flip_vert_281_8261.png,2,2
/Users/nafisebahoosh/Developer/DataScience/brain-tumor-classification/data/raw/brain_mri/test/no_tumor/flip_vert_299_8280.png,2,2
/Users/nafisebahoosh/Developer/DataScience/brain-tumor-classification/data/raw/brain_mri/test/no_tumor/flip_vert_302_8285.png,2,2
/Users/nafisebahoosh/Developer/DataScience/brain-tumor-classification/data/raw/brain_mri/test/no_tumor/flip_vert_30_8282.png,2,2
/Users/nafisebahoosh/Developer/DataScience/brain-tumor-classification/data/raw/brain_mri/test/no_tumor/flip_vert_31_8293.png,2,3
/Users/nafisebahoosh/Developer/DataScience/brain-tumor-classification/data/raw/brain_mri/test/no_tumor/flip_vert_320_8305.png,2,1
/Users/nafisebahoosh/Developer/DataScience/brain-tumor-classification/data/raw/brain_mri/test/no_tumor/flip_vert_331_8317.png,2,2
/Users/nafisebahoosh/Developer/DataScience/brain-tumor-classification/data/raw/brain_mri/test/no_tumor/flip_vert_348_8335.png,2,2
/Users/nafisebahoosh/Developer/DataScience/brain-tumor-classification/data/raw/brain_mri/test/no_tumor/flip_vert_349_8336.png,2,2
/Users/nafisebahoosh/Developer/DataScience/brain-tumor-classification/data/raw/brain_mri/test/no_tumor/flip_vert_374_8364.png,2,2
/Users/nafisebahoosh/Developer/DataScience/brain-tumor-classification/data/raw/brain_mri/test/no_tumor/flip_vert_37_905.png,2,2
/Users/nafisebahoosh/Developer/DataScience/brain-tumor-classification/data/raw/brain_mri/test/no_tumor/flip_vert_382_8373.png,2,2
/Users/nafisebahoosh/Developer/DataScience/brain-tumor-classification/data/raw/brain_mri/test/no_tumor/flip_vert_388_8379.png,2,2
/Users/nafisebahoosh/Developer/DataScience/brain-tumor-classification/data/raw/brain_mri/test/no_tumor/flip_vert_38_906.png,2,2
/Users/nafisebahoosh/Developer/DataScience/brain-tumor-classification/data/raw/brain_mri/test/no_tumor/flip_vert_3_8281.png,2,1
/Users/nafisebahoosh/Developer/DataScience/brain-tumor-classification/data/raw/brain_mri/test/no_tumor/flip_vert_3_897.png,2,2
/Users/nafisebahoosh/Developer/DataScience/brain-tumor-classification/data/raw/brain_mri/test/no_tumor/flip_vert_42_911.png,2,2
/Users/nafisebahoosh/Developer/DataScience/brain-tumor-classification/data/raw/brain_mri/test/no_tumor/flip_vert_43_8388.png,2,1
/Users/nafisebahoosh/Developer/DataScience/brain-tumor-classification/data/raw/brain_mri/test/no_tumor/flip_vert_45_8390.png,2,2
/Users/nafisebahoosh/Developer/DataScience/brain-tumor-classification/data/raw/brain_mri/test/no_tumor/flip_vert_47_12620.png,2,2
/Users/nafisebahoosh/Developer/DataScience/brain-tumor-classification/data/raw/brain_mri/test/no_tumor/flip_vert_49_12622.png,2,2
/Users/nafisebahoosh/Developer/DataScience/brain-tumor-classification/data/raw/brain_mri/test/no_tumor/flip_vert_51_12625.png,2,2
/Users/nafisebahoosh/Developer/DataScience/brain-tumor-classification/data/raw/brain_mri/test/no_tumor/flip_vert_52_12626.png,2,2
/Users/nafisebahoosh/Developer/DataScience/brain-tumor-classification/data/raw/brain_mri/test/no_tumor/flip_vert_53_12627.png,2,2
/Users/nafisebahoosh/Developer/DataScience/brain-tumor-classification/data/raw/brain_mri/test/no_tumor/flip_vert_55_8401.png,2,2
/Users/nafisebahoosh/Developer/DataScience/brain-tumor-classification/data/raw/brain_mri/test/no_tumor/flip_vert_56_8402.png,2,2
/Users/nafisebahoosh/Developer/DataScience/brain-tumor-classification/data/raw/brain_mri/test/no_tumor/flip_vert_57_8403.png,2,2
/Users/nafisebahoosh/Developer/DataScience/brain-tumor-classification/data/raw/brain_mri/test/no_tumor/flip_vert_62_8409.png,2,1
/Users/nafisebahoosh/Developer/DataScience/brain-tumor-classification/data/raw/brain_mri/test/no_tumor/flip_vert_66_8413.png,2,2
/Users/nafisebahoosh/Developer/DataScience/brain-tumor-classification/data/raw/brain_mri/test/no_tumor/flip_vert_81_8430.png,2,2
/Users/nafisebahoosh/Developer/DataScience/brain-tumor-classification/data/raw/brain_mri/test/no_tumor/flip_vert_86_8435.png,2,2
/Users/nafisebahoosh/Developer/DataScience/brain-tumor-classification/data/raw/brain_mri/test/no_tumor/flip_vert_88_8437.png,2,2
/Users/nafisebahoosh/Developer/DataScience/brain-tumor-classification/data/raw/brain_mri/test/no_tumor/flip_vert_8_916.png,2,2
/Users/nafisebahoosh/Developer/DataScience/brain-tumor-classification/data/raw/brain_mri/test/no_tumor/flip_vert_9_917.png,2,2
/Users/nafisebahoosh/Developer/DataScience/brain-tumor-classification/data/raw/brain_mri/test/no_tumor/original_11_8462.png,2,2
/Users/nafisebahoosh/Developer/DataScience/brain-tumor-classification/data/raw/brain_mri/test/no_tumor/original_12_921.png,2,1
/Users/nafisebahoosh/Developer/DataScience/brain-tumor-classification/data/raw/brain_mri/test/no_tumor/original_140_8496.png,2,2
/Users/nafisebahoosh/Developer/DataScience/brain-tumor-classification/data/raw/brain_mri/test/no_tumor/original_143_8499.png,2,2
/Users/nafisebahoosh/Developer/DataScience/brain-tumor-classification/data/raw/brain_mri/test/no_tumor/original_145_8501.png,2,2
/Users/nafisebahoosh/Developer/DataScience/brain-tumor-classification/data/raw/brain_mri/test/no_tumor/original_150_8507.png,2,2
/Users/nafisebahoosh/Developer/DataScience/brain-tumor-classification/data/raw/brain_mri/test/no_tumor/original_202_8565.png,2,2
/Users/nafisebahoosh/Developer/DataScience/brain-tumor-classification/data/raw/brain_mri/test/no_tumor/original_214_8578.png,2,2
/Users/nafisebahoosh/Developer/DataScience/brain-tumor-classification/data/raw/brain_mri/test/no_tumor/original_22_8584.png,2,2
/Users/nafisebahoosh/Developer/DataScience/brain-tumor-classification/data/raw/brain_mri/test/no_tumor/original_234_8600.png,2,2
/Users/nafisebahoosh/Developer/DataScience/brain-tumor-classification/data/raw/brain_mri/test/no_tumor/original_245_8612.png,2,1
/Users/nafisebahoosh/Developer/DataScience/brain-tumor-classification/data/raw/brain_mri/test/no_tumor/original_246_8613.png,2,2
/Users/nafisebahoosh/Developer/DataScience/brain-tumor-classification/data/raw/brain_mri/test/no_tumor/original_247_8614.png,2,2
/Users/nafisebahoosh/Developer/DataScience/brain-tumor-classification/data/raw/brain_mri/test/no_tumor/original_24_934.png,2,2
/Users/nafisebahoosh/Developer/DataScience/brain-tumor-classification/data/raw/brain_mri/test/no_tumor/original_26_12664.png,2,2
/Users/nafisebahoosh/Developer/DataScience/brain-tumor-classification/data/raw/brain_mri/test/no_tumor/original_271_8641.png,2,2
/Users/nafisebahoosh/Developer/DataScience/brain-tumor-classification/data/raw/brain_mri/test/no_tumor/original_272_8642.png,2,2
/Users/nafisebahoosh/Developer/DataScience/brain-tumor-classification/data/raw/brain_mri/test/no_tumor/original_275_8645.png,2,2
/Users/nafisebahoosh/Developer/DataScience/brain-tumor-classification/data/raw/brain_mri/test/no_tumor/original_279_8649.png,2,2
/Users/nafisebahoosh/Developer/DataScience/brain-tumor-classification/data/raw/brain_mri/test/no_tumor/original_27_937.png,2,2
/Users/nafisebahoosh/Developer/DataScience/brain-tumor-classification/data/raw/brain_mri/test/no_tumor/original_288_8659.png,2,2
/Users/nafisebahoosh/Developer/DataScience/brain-tumor-classification/data/raw/brain_mri/test/no_tumor/original_291_8663.png,2,2
/Users/nafisebahoosh/Developer/DataScience/brain-tumor-classification/data/raw/brain_mri/test/no_tumor/original_298_8670.png,2,2
/Users/nafisebahoosh/Developer/DataScience/brain-tumor-classification/data/raw/brain_mri/test/no_tumor/original_325_8701.png,2,2
/Users/nafisebahoosh/Developer/DataScience/brain-tumor-classification/data/raw/brain_mri/test/no_tumor/original_327_8703.png,2,2
/Users/nafisebahoosh/Developer/DataScience/brain-tumor-classification/data/raw/brain_mri/test/no_tumor/original_32_8695.png,2,1
/Users/nafisebahoosh/Developer/DataScience/brain-tumor-classification/data/raw/brain_mri/test/no_tumor/original_32_943.png,2,2
/Users/nafisebahoosh/Developer/DataScience/brain-tumor-classification/data/raw/brain_mri/test/no_tumor/original_345_8723.png,2,2
/Users/nafisebahoosh/Developer/DataScience/brain-tumor-classification/data/raw/brain_mri/test/no_tumor/original_41_953.png,2,1
/Users/nafisebahoosh/Developer/DataScience/brain-tumor-classification/data/raw/brain_mri/test/no_tumor/original_47_8783.png,2,2
/Users/nafisebahoosh/Developer/DataScience/brain-tumor-classification/data/raw/brain_mri/test/no_tumor/original_48_8784.png,2,2
/Users/nafisebahoosh/Developer/DataScience/brain-tumor-classification/data/raw/brain_mri/test/no_tumor/original_50_12691.png,2,2
/Users/nafisebahoosh/Developer/DataScience/brain-tumor-classification/data/raw/brain_mri/test/no_tumor/original_53_8790.png,2,2
/Users/nafisebahoosh/Developer/DataScience/brain-tumor-classification/data/raw/brain_mri/test/no_tumor/original_65_12707.png,2,2
/Users/nafisebahoosh/Developer/DataScience/brain-tumor-classification/data/raw/brain_mri/test/no_tumor/original_6_12701.png,2,2
/Users/nafisebahoosh/Developer/DataScience/brain-tumor-classification/data/raw/brain_mri/test/no_tumor/original_72_8811.png,2,2
/Users/nafisebahoosh/Developer/DataScience/brain-tumor-classification/data/raw/brain_mri/test/no_tumor/original_78_8817.png,2,1
/Users/nafisebahoosh/Developer/DataScience/brain-tumor-classification/data/raw/brain_mri/test/no_tumor/original_84_8824.png,2,1
/Users/nafisebahoosh/Developer/DataScience/brain-tumor-classification/data/raw/brain_mri/test/no_tumor/original_8_8819.png,2,2
/Users/nafisebahoosh/Developer/DataScience/brain-tumor-classification/data/raw/brain_mri/test/no_tumor/original_9_8830.png,2,2
/Users/nafisebahoosh/Developer/DataScience/brain-tumor-classification/data/raw/brain_mri/test/pituitary_tumor/bright_img_10_12714.png,3,3
/Users/nafisebahoosh/Developer/DataScience/brain-tumor-classification/data/raw/brain_mri/test/pituitary_tumor/bright_img_129_8874.png,3,3
/Users/nafisebahoosh/Developer/DataScience/brain-tumor-classification/data/raw/brain_mri/test/pituitary_tumor/bright_img_12_964.png,3,3
/Users/nafisebahoosh/Developer/DataScience/brain-tumor-classification/data/raw/brain_mri/test/pituitary_tumor/bright_img_130_8876.png,3,3
/Users/nafisebahoosh/Developer/DataScience/brain-tumor-classification/data/raw/brain_mri/test/pituitary_tumor/bright_img_13_8875.png,3,3
/Users/nafisebahoosh/Developer/DataScience/brain-tumor-classification/data/raw/brain_mri/test/pituitary_tumor/bright_img_155_8903.png,3,3
/Users/nafisebahoosh/Developer/DataScience/brain-tumor-classification/data/raw/brain_mri/test/pituitary_tumor/bright_img_15_8897.png,3,3
/Users/nafisebahoosh/Developer/DataScience/brain-tumor-classification/data/raw/brain_mri/test/pituitary_tumor/bright_img_16_968.png,3,3
/Users/nafisebahoosh/Developer/DataScience/brain-tumor-classification/data/raw/brain_mri/test/pituitary_tumor/bright_img_180_8931.png,3,3
/Users/nafisebahoosh/Developer/DataScience/brain-tumor-classification/data/raw/brain_mri/test/pituitary_tumor/bright_img_200_8954.png,3,3
/Users/nafisebahoosh/Developer/DataScience/brain-tumor-classification/data/raw/brain_mri/test/pituitary_tumor/bright_img_201_8955.png,3,3
/Users/nafisebahoosh/Developer/DataScience/brain-tumor-classification/data/raw/brain_mri/test/pituitary_tumor/bright_img_212_8967.png,3,1
/Users/nafisebahoosh/Developer/DataScience/brain-tumor-classification/data/raw/brain_mri/test/pituitary_tumor/bright_img_21_12726.png,3,3
/Users/nafisebahoosh/Developer/DataScience/brain-tumor-classification/data/raw/brain_mri/test/pituitary_tumor/bright_img_220_8976.png,3,3
/Users/nafisebahoosh/Developer/DataScience/brain-tumor-classification/data/raw/brain_mri/test/pituitary_tumor/bright_img_234_8991.png,3,3
/Users/nafisebahoosh/Developer/DataScience/brain-tumor-classification/data/raw/brain_mri/test/pituitary_tumor/bright_img_259_9018.png,3,1
/Users/nafisebahoosh/Developer/DataScience/brain-tumor-classification/data/raw/brain_mri/test/pituitary_tumor/bright_img_278_9039.png,3,3
/Users/nafisebahoosh/Developer/DataScience/brain-tumor-classification/data/raw/brain_mri/test/pituitary_tumor/bright_img_27_980.png,3,3
/Users/nafisebahoosh/Developer/DataScience/brain-tumor-classification/data/raw/brain_mri/test/pituitary_tumor/bright_img_280_9042.png,3,3
/Users/nafisebahoosh/Developer/DataScience/brain-tumor-classification/data/raw/brain_mri/test/pituitary_tumor/bright_img_286_9048.png,3,3
/Users/nafisebahoosh/Developer/DataScience/brain-tumor-classification/data/raw/brain_mri/test/pituitary_tumor/bright_img_28_9041.png,3,3
/Users/nafisebahoosh/Developer/DataScience/brain-tumor-classification/data/raw/brain_mri/test/pituitary_tumor/bright_img_297_9060.png,3,3
/Users/nafisebahoosh/Developer/DataScience/brain-tumor-classification/data/raw/brain_mri/test/pituitary_tumor/bright_img_303_9068.png,3,3
/Users/nafisebahoosh/Developer/DataScience/brain-tumor-classification/data/raw/brain_mri/test/pituitary_tumor/bright_img_320_9087.png,3,0
/Users/nafisebahoosh/Developer/DataScience/brain-tumor-classification/data/raw/brain_mri/test/pituitary_tumor/bright_img_328_9095.png,3,3
/Users/nafisebahoosh/Developer/DataScience/brain-tumor-classification/data/raw/brain_mri/test/pituitary_tumor/bright_img_333_9101.png,3,3
/Users/nafisebahoosh/Developer/DataScience/brain-tumor-classification/data/raw/brain_mri/test/pituitary_tumor/bright_img_339_9107.png,3,1
/Users/nafisebahoosh/Developer/DataScience/brain-tumor-classification/data/raw/brain_mri/test/pituitary_tumor/bright_img_353_9123.png,3,3
/Users/nafisebahoosh/Developer/DataScience/brain-tumor-classification/data/raw/brain_mri/test/pituitary_tumor/bright_img_371_9143.png,3,3
/Users/nafisebahoosh/Developer/DataScience/brain-tumor-classification/data/raw/brain_mri/test/pituitary_tumor/bright_img_3_9063.png,3,3
/Users/nafisebahoosh/Developer/DataScience/brain-tumor-classification/data/raw/brain_mri/test/pituitary_tumor/bright_img_403_9179.png,3,3
/Users/nafisebahoosh/Developer/DataScience/brain-tumor-classification/data/raw/brain_mri/test/pituitary_tumor/bright_img_413_9190.png,3,0
/Users/nafisebahoosh/Developer/DataScience/brain-tumor-classification/data/raw/brain_mri/test/pituitary_tumor/bright_img_418_9195.png,3,1
/Users/nafisebahoosh/Developer/DataScience/brain-tumor-classification/data/raw/brain_mri/test/pituitary_tumor/bright_img_419_9196.png,3,3
/Users/nafisebahoosh/Developer/DataScience/brain-tumor-classification/data/raw/brain_mri/test/pituitary_tumor/bright_img_439_9218.png,3,3
/Users/nafisebahoosh/Developer/DataScience/brain-tumor-classification/data/raw/brain_mri/test/pituitary_tumor/bright_img_440_9220.png,3,3
/Users/nafisebahoosh/Developer/DataScience/brain-tumor-classification/data/raw/brain_mri/test/pituitary_tumor/bright_img_441_9221.png,3,3
/Users/nafisebahoosh/Developer/DataScience/brain-tumor-classification/data/raw/brain_mri/test/pituitary_tumor/bright_img_465_9247.png,3,3
/Users/nafisebahoosh/Developer/DataScience/brain-tumor-classification/data/raw/brain_mri/test/pituitary_tumor/bright_img_486_9270.png,3,1
/Users/nafisebahoosh/Developer/DataScience/brain-tumor-classification/data/raw/brain_mri/test/pituitary_tumor/bright_img_50_12758.png,3,3
/Users/nafisebahoosh/Developer/DataScience/brain-tumor-classification/data/raw/brain_mri/test/pituitary_tumor/bright_img_527_9316.png,3,3
/Users/nafisebahoosh/Developer/DataScience/brain-tumor-classification/data/raw/brain_mri/test/pituitary_tumor/bright_img_533_9323.png,3,3
/Users/nafisebahoosh/Developer/DataScience/brain-tumor-classification/data/raw/brain_mri/test/pituitary_tumor/bright_img_534_9324.png,3,3
/Users/nafisebahoosh/Developer/DataScience/brain-tumor-classification/data/raw/brain_mri/test/pituitary_tumor/bright_img_544_9335.png,3,3
/Users/nafisebahoosh/Developer/DataScience/brain-tumor-classification/data/raw/brain_mri/test/pituitary_tumor/bright_img_547_9338.png,3,3
/Users/nafisebahoosh/Developer/DataScience/brain-tumor-classification/data/raw/brain_mri/test/pituitary_tumor/bright_img_560_9353.png,3,3
/Users/nafisebahoosh/Developer/DataScience/brain-tumor-classification/data/raw/brain_mri/test/pituitary_tumor/bright_img_570_9364.png,3,3
/Users/nafisebahoosh/Developer/DataScience/brain-tumor-classification/data/raw/brain_mri/test/pituitary_tumor/bright_img_577_9371.png,3,3
/Users/nafisebahoosh/Developer/DataScience/brain-tumor-classification/data/raw/brain_mri/test/pituitary_tumor/bright_img_578_9372.png,3,3
/Users/nafisebahoosh/Developer/DataScience/brain-tumor-classification/data/raw/brain_mri/test/pituitary_tumor/bright_img_583_9378.png,3,3
/Users/nafisebahoosh/Developer/DataScience/brain-tumor-classification/data/raw/brain_mri/test/pituitary_tumor/bright_img_595_9391.png,3,3
/Users/nafisebahoosh/Developer/DataScience/brain-tumor-classification/data/raw/brain_mri/test/pituitary_tumor/bright_img_597_9393.png,3,1
/Users/nafisebahoosh/Developer/DataScience/brain-tumor-classification/data/raw/brain_mri/test/pituitary_tumor/bright_img_5_12757.png,3,3
/Users/nafisebahoosh/Developer/DataScience/brain-tumor-classification/data/raw/brain_mri/test/pituitary_tumor/bright_img_602_9400.png,3,3
/Users/nafisebahoosh/Developer/DataScience/brain-tumor-classification/data/raw/brain_mri/test/pituitary_tumor/bright_img_612_9411.png,3,3
/Users/nafisebahoosh/Developer/DataScience/brain-tumor-classification/data/raw/brain_mri/test/pituitary_tumor/bright_img_619_9418.png,3,3
/Users/nafisebahoosh/Developer/DataScience/brain-tumor-classification/data/raw/brain_mri/test/pituitary_tumor/bright_img_625_9425.png,3,3
/Users/nafisebahoosh/Developer/DataScience/brain-tumor-classification/data/raw/brain_mri/test/pituitary_tumor/bright_img_630_9431.png,3,3
/Users/nafisebahoosh/Developer/DataScience/brain-tumor-classification/data/raw/brain_mri/test/pituitary_tumor/bright_img_638_9439.png,3,3
/Users/nafisebahoosh/Developer/DataScience/brain-tumor-classification/data/raw/brain_mri/test/pituitary_tumor/bright_img_63_12772.png,3,3
/Users/nafisebahoosh/Developer/DataScience/brain-tumor-classification/data/raw/brain_mri/test/pituitary_tumor/bright_img_642_9444.png,3,3
/Users/nafisebahoosh/Developer/DataScience/brain-tumor-classification/data/raw/brain_mri/test/pituitary_tumor/bright_img_647_9449.png,3,1
/Users/nafisebahoosh/Developer/DataScience/brain-tumor-classification/data/raw/brain_mri/test/pituitary_tumor/bright_img_660_9464.png,3,3
/Users/nafisebahoosh/Developer/DataScience/brain-tumor-classification/data/raw/brain_mri/test/pituitary_tumor/bright_img_670_9475.png,3,3
/Users/nafisebahoosh/Developer/DataScience/brain-tumor-classification/data/raw/brain_mri/test/pituitary_tumor/bright_img_682_9488.png,3,3
/Users/nafisebahoosh/Developer/DataScience/brain-tumor-classification/data/raw/brain_mri/test/pituitary_tumor/bright_img_684_9490.png,3,3
/Users/nafisebahoosh/Developer/DataScience/brain-tumor-classification/data/raw/brain_mri/test/pituitary_tumor/bright_img_686_9492.png,3,3
/Users/nafisebahoosh/Developer/DataScience/brain-tumor-classification/data/raw/brain_mri/test/pituitary_tumor/bright_img_68_12777.png,3,1
/Users/nafisebahoosh/Developer/DataScience/brain-tumor-classification/data/raw/brain_mri/test/pituitary_tumor/bright_img_68_9485.png,3,3
/Users/nafisebahoosh/Developer/DataScience/brain-tumor-classification/data/raw/brain_mri/test/pituitary_tumor/bright_img_6_12768.png,3,3
/Users/nafisebahoosh/Developer/DataScience/brain-tumor-classification/data/raw/brain_mri/test/pituitary_tumor/bright_img_705_9514.png,3,3
/Users/nafisebahoosh/Developer/DataScience/brain-tumor-classification/data/raw/brain_mri/test/pituitary_tumor/bright_img_706_9515.png,3,3
/Users/nafisebahoosh/Developer/DataScience/brain-tumor-classification/data/raw/brain_mri/test/pituitary_tumor/bright_img_726_9537.png,3,3
/Users/nafisebahoosh/Developer/DataScience/brain-tumor-classification/data/raw/brain_mri/test/pituitary_tumor/bright_img_77_1035.png,3,3
/Users/nafisebahoosh/Developer/DataScience/brain-tumor-classification/data/raw/brain_mri/test/pituitary_tumor/bright_img_77_12787.png,3,3
/Users/nafisebahoosh/Developer/DataScience/brain-tumor-classification/data/raw/brain_mri/test/pituitary_tumor/bright_img_80_9548.png,3,3
/Users/nafisebahoosh/Developer/DataScience/brain-tumor-classification/data/raw/brain_mri/test/pituitary_tumor/bright_img_83_1042.png,3,1
/Users/nafisebahoosh/Developer/DataScience/brain-tumor-classification/data/raw/brain_mri/test/pituitary_tumor/bright_img_84_12795.png,3,3
/Users/nafisebahoosh/Developer/DataScience/brain-tumor-classification/data/raw/brain_mri/test/pituitary_tumor/bright_img_8_1038.png,3,3
/Users/nafisebahoosh/Developer/DataScience/brain-tumor-classification/data/raw/brain_mri/test/pituitary_tumor/bright_img_8_9547.png,3,3
/Users/nafisebahoosh/Developer/DataScience/brain-tumor-classification/data/raw/brain_mri/test/pituitary_tumor/bright_img_98_9567.png,3,3
/Users/nafisebahoosh/Developer/DataScience/brain-tumor-classification/data/raw/brain_mri/test/pituitary_tumor/flip_horz_104_9575.png,3,3
/Users/nafisebahoosh/Developer/DataScience/brain-tumor-classification/data/raw/brain_mri/test/pituitary_tumor/flip_horz_106_9577.png,3,3
/Users/nafisebahoosh/Developer/DataScience/brain-tumor-classification/data/raw/brain_mri/test/pituitary_tumor/flip_horz_110_9582.png,3,3
/Users/nafisebahoosh/Developer/DataScience/brain-tumor-classification/data/raw/brain_mri/test/pituitary_tumor/flip_horz_113_9585.png,3,3
/Users/nafisebahoosh/Developer/DataScience/brain-tumor-classification/data/raw/brain_mri/test/pituitary_tumor/flip_horz_123_9596.png,3,3
/Users/nafisebahoosh/Developer/DataScience/brain-tumor-classification/data/raw/brain_mri/test/pituitary_tumor/flip_horz_129_9602.png,3,3
/Users/nafisebahoosh/Developer/DataScience/brain-tumor-classification/data/raw/brain_mri/test/pituitary_tumor/flip_horz_14_12805.png,3,3
/Users/nafisebahoosh/Developer/DataScience/brain-tumor-classification/data/raw/brain_mri/test/pituitary_tumor/flip_horz_157_9633.png,3,3
/Users/nafisebahoosh/Developer/DataScience/brain-tumor-classification/data/raw/brain_mri/test/pituitary_tumor/flip_horz_161_9638.png,3,3
/Users/nafisebahoosh/Developer/DataScience/brain-tumor-classification/data/raw/brain_mri/test/pituitary_tumor/flip_horz_168_9645.png,3,3
/Users/nafisebahoosh/Developer/DataScience/brain-tumor-classification/data/raw/brain_mri/test/pituitary_tumor/flip_horz_175_9653.png,3,3
/Users/nafisebahoosh/Developer/DataScience/brain-tumor-classification/data/raw/brain_mri/test/pituitary_tumor/flip_horz_199_9679.png,3,3
/Users/nafisebahoosh/Developer/DataScience/brain-tumor-classification/data/raw/brain_mri/test/pituitary_tumor/flip_horz_19_12810.png,3,3
/Users/nafisebahoosh/Developer/DataScience/brain-tumor-classification/data/raw/brain_mri/test/pituitary_tumor/flip_horz_1_12800.png,3,3
/Users/nafisebahoosh/Developer/DataScience/brain-tumor-classification/data/raw/brain_mri/test/pituitary_tumor/flip_horz_212_9695.png,3,1
/Users/nafisebahoosh/Developer/DataScience/brain-tumor-classification/data/raw/brain_mri/test/pituitary_tumor/flip_horz_21_12813.png,3,3
/Users/nafisebahoosh/Developer/DataScience/brain-tumor-classification/data/raw/brain_mri/test/pituitary_tumor/flip_horz_229_9713.png,3,3
/Users/nafisebahoosh/Developer/DataScience/brain-tumor-classification/data/raw/brain_mri/test/pituitary_tumor/flip_horz_231_9716.png,3,2
/Users/nafisebahoosh/Developer/DataScience/brain-tumor-classification/data/raw/brain_mri/test/pituitary_tumor/flip_horz_243_9729.png,3,3
/Users/nafisebahoosh/Developer/DataScience/brain-tumor-classification/data/raw/brain_mri/test/pituitary_tumor/flip_horz_24_9725.png,3,3
/Users/nafisebahoosh/Developer/DataScience/brain-tumor-classification/data/raw/brain_mri/test/pituitary_tumor/flip_horz_251_9738.png,3,3
/Users/nafisebahoosh/Developer/DataScience/brain-tumor-classification/data/raw/brain_mri/test/pituitary_tumor/flip_horz_252_9739.png,3,3
/Users/nafisebahoosh/Developer/DataScience/brain-tumor-classification/data/raw/brain_mri/test/pituitary_tumor/flip_horz_257_9744.png,3,3
/Users/nafisebahoosh/Developer/DataScience/brain-tumor-classification/data/raw/brain_mri/test/pituitary_tumor/flip_horz_260_9748.png,3,3
/Users/nafisebahoosh/Developer/DataScience/brain-tumor-classification/data/raw/brain_mri/test/pituitary_tumor/flip_horz_280_9770.png,3,3
/Users/nafisebahoosh/Developer/DataScience/brain-tumor-classification/data/raw/brain_mri/test/pituitary_tumor/flip_horz_290_9781.png,3,3
/Users/nafisebahoosh/Developer/DataScience/brain-tumor-classification/data/raw/brain_mri/test/pituitary_tumor/flip_horz_293_9784.png,3,3
/Users/nafisebahoosh/Developer/DataScience/brain-tumor-classification/data/raw/brain_mri/test/pituitary_tumor/flip_horz_304_9797.png,3,3
/Users/nafisebahoosh/Developer/DataScience/brain-tumor-classification/data/raw/brain_mri/test/pituitary_tumor/flip_horz_318_9812.png,3,3
/Users/nafisebahoosh/Developer/DataScience/brain-tumor-classification/data/raw/brain_mri/test/pituitary_tumor/flip_horz_321_9816.png,3,3
/Users/nafisebahoosh/Developer/DataScience/brain-tumor-classification/data/raw/brain_mri/test/pituitary_tumor/flip_horz_32_12825.png,3,3
/Users/nafisebahoosh/Developer/DataScience/brain-tumor-classification/data/raw/brain_mri/test/pituitary_tumor/flip_horz_341_9838.png,3,3
/Users/nafisebahoosh/Developer/DataScience/brain-tumor-classification/data/raw/brain_mri/test/pituitary_tumor/flip_horz_348_9845.png,3,3
/Users/nafisebahoosh/Developer/DataScience/brain-tumor-classification/data/raw/brain_mri/test/pituitary_tumor/flip_horz_34_12827.png,3,3
/Users/nafisebahoosh/Developer/DataScience/brain-tumor-classification/data/raw/brain_mri/test/pituitary_tumor/flip_horz_357_9855.png,3,0
/Users/nafisebahoosh/Developer/DataScience/brain-tumor-classification/data/raw/brain_mri/test/pituitary_tumor/flip_horz_36_12829.png,3,3
/Users/nafisebahoosh/Developer/DataScience/brain-tumor-classification/data/raw/brain_mri/test/pituitary_tumor/flip_horz_370_9870.png,3,3
/Users/nafisebahoosh/Developer/DataScience/brain-tumor-classification/data/raw/brain_mri/test/pituitary_tumor/flip_horz_376_9876.png,3,1
/Users/nafisebahoosh/Developer/DataScience/brain-tumor-classification/data/raw/brain_mri/test/pituitary_tumor/flip_horz_377_9877.png,3,3
/Users/nafisebahoosh/Developer/DataScience/brain-tumor-classification/data/raw/brain_mri/test/pituitary_tumor/flip_horz_378_9878.png,3,3
/Users/nafisebahoosh/Developer/DataScience/brain-tumor-classification/data/raw/brain_mri/test/pituitary_tumor/flip_horz_383_9884.png,3,3
/Users/nafisebahoosh/Developer/DataScience/brain-tumor-classification/data/raw/brain_mri/test/pituitary_tumor/flip_horz_386_9887.png,3,3
/Users/nafisebahoosh/Developer/DataScience/brain-tumor-classification/data/raw/brain_mri/test/pituitary_tumor/flip_horz_387_9888.png,3,3
/Users/nafisebahoosh/Developer/DataScience/brain-tumor-classification/data/raw/brain_mri/test/pituitary_tumor/flip_horz_38_1078.png,3,3
/Users/nafisebahoosh/Developer/DataScience/brain-tumor-classification/data/raw/brain_mri/test/pituitary_tumor/flip_horz_39_1079.png,3,3
/Users/nafisebahoosh/Developer/DataScience/brain-tumor-classification/data/raw/brain_mri/test/pituitary_tumor/flip_horz_39_9891.png,3,3
/Users/nafisebahoosh/Developer/DataScience/brain-tumor-classification/data/raw/brain_mri/test/pituitary_tumor/flip_horz_430_9937.png,3,3
/Users/nafisebahoosh/Developer/DataScience/brain-tumor-classification/data/raw/brain_mri/test/pituitary_tumor/flip_horz_438_9945.png,3,3
/Users/nafisebahoosh/Developer/DataScience/brain-tumor-classification/data/raw/brain_mri/test/pituitary_tumor/flip_horz_443_9951.png,3,3
/Users/nafisebahoosh/Developer/DataScience/brain-tumor-classification/data/raw/brain_mri/test/pituitary_tumor/flip_horz_462_9972.png,3,3
/Users/nafisebahoosh/Developer/DataScience/brain-tumor-classification/data/raw/brain_mri/test/pituitary_tumor/flip_horz_465_9975.png,3,3
/Users/nafisebahoosh/Developer/DataScience/brain-tumor-classification/data/raw/brain_mri/test/pituitary_tumor/flip_horz_469_9979.png,3,3
/Users/nafisebahoosh/Developer/DataScience/brain-tumor-classification/data/raw/brain_mri/test/pituitary_tumor/flip_horz_46_9969.png,3,3
/Users/nafisebahoosh/Developer/DataScience/brain-tumor-classification/data/raw/brain_mri/test/pituitary_tumor/flip_horz_479_9990.png,3,3
/Users/nafisebahoosh/Developer/DataScience/brain-tumor-classification/data/raw/brain_mri/test/pituitary_tumor/flip_horz_492_10005.png,3,3
/Users/nafisebahoosh/Developer/DataScience/brain-tumor-classification/data/raw/brain_mri/test/pituitary_tumor/flip_horz_4_12833.png,3,3
/Users/nafisebahoosh/Developer/DataScience/brain-tumor-classification/data/raw/brain_mri/test/pituitary_tumor/flip_horz_500_10015.png,3,3
/Users/nafisebahoosh/Developer/DataScience/brain-tumor-classification/data/raw/brain_mri/test/pituitary_tumor/flip_horz_528_10045.png,3,3
/Users/nafisebahoosh/Developer/DataScience/brain-tumor-classification/data/raw/brain_mri/test/pituitary_tumor/flip_horz_52_12847.png,3,3
/Users/nafisebahoosh/Developer/DataScience/brain-tumor-classification/data/raw/brain_mri/test/pituitary_tumor/flip_horz_534_10052.png,3,3
/Users/nafisebahoosh/Developer/DataScience/brain-tumor-classification/data/raw/brain_mri/test/pituitary_tumor/flip_horz_53_1095.png,3,3
/Users/nafisebahoosh/Developer/DataScience/brain-tumor-classification/data/raw/brain_mri/test/pituitary_tumor/flip_horz_547_10066.png,3,3
/Users/nafisebahoosh/Developer/DataScience/brain-tumor-classification/data/raw/brain_mri/test/pituitary_tumor/flip_horz_549_10068.png,3,3
/Users/nafisebahoosh/Developer/DataScience/brain-tumor-classification/data/raw/brain_mri/test/pituitary_tumor/flip_horz_550_10070.png,3,3
/Users/nafisebahoosh/Developer/DataScience/brain-tumor-classification/data/raw/brain_mri/test/pituitary_tumor/flip_horz_559_10079.png,3,3
/Users/nafisebahoosh/Developer/DataScience/brain-tumor-classification/data/raw/brain_mri/test/pituitary_tumor/flip_horz_55_12850.png,3,3
/Users/nafisebahoosh/Developer/DataScience/brain-tumor-classification/data/raw/brain_mri/test/pituitary_tumor/flip_horz_565_10086.png,3,3
/Users/nafisebahoosh/Developer/DataScience/brain-tumor-classification/data/raw/brain_mri/test/pituitary_tumor/flip_horz_566_10087.png,3,3
/Users/nafisebahoosh/Developer/DataScience/brain-tumor-classification/data/raw/brain_mri/test/pituitary_tumor/flip_horz_576_10098.png,3,3
/Users/nafisebahoosh/Developer/DataScience/brain-tumor-classification/data/raw/brain_mri/test/pituitary_tumor/flip_horz_579_10101.png,3,3
/Users/nafisebahoosh/Developer/DataScience/brain-tumor-classification/data/raw/brain_mri/test/pituitary_tumor/flip_horz_590_10114.png,3,3
/Users/nafisebahoosh/Developer/DataScience/brain-tumor-classification/data/raw/brain_mri/test/pituitary_tumor/flip_horz_5_12844.png,3,3
/Users/nafisebahoosh/Developer/DataScience/brain-tumor-classification/data/raw/brain_mri/test/pituitary_tumor/flip_horz_601_10127.png,3,3
/Users/nafisebahoosh/Developer/DataScience/brain-tumor-classification/data/raw/brain_mri/test/pituitary_tumor/flip_horz_61_10136.png,3,3
/Users/nafisebahoosh/Developer/DataScience/brain-tumor-classification/data/raw/brain_mri/test/pituitary_tumor/flip_horz_628_10156.png,3,1
/Users/nafisebahoosh/Developer/DataScience/brain-tumor-classification/data/raw/brain_mri/test/pituitary_tumor/flip_horz_629_10157.png,3,3
/Users/nafisebahoosh/Developer/DataScience/brain-tumor-classification/data/raw/brain_mri/test/pituitary_tumor/flip_horz_634_10163.png,3,3
/Users/nafisebahoosh/Developer/DataScience/brain-tumor-classification/data/raw/brain_mri/test/pituitary_tumor/flip_horz_642_10172.png,3,3
/Users/nafisebahoosh/Developer/DataScience/brain-tumor-classification/data/raw/brain_mri/test/pituitary_tumor/flip_horz_651_10182.png,3,3
/Users/nafisebahoosh/Developer/DataScience/brain-tumor-classification/data/raw/brain_mri/test/pituitary_tumor/flip_horz_652_10183.png,3,3
/Users/nafisebahoosh/Developer/DataScience/brain-tumor-classification/data/raw/brain_mri/test/pituitary_tumor/flip_horz_656_10187.png,3,3
/Users/nafisebahoosh/Developer/DataScience/brain-tumor-classification/data/raw/brain_mri/test/pituitary_tumor/flip_horz_65_12861.png,3,3
/Users/nafisebahoosh/Developer/DataScience/brain-tumor-classification/data/raw/brain_mri/test/pituitary_tumor/flip_horz_665_10197.png,3,3
/Users/nafisebahoosh/Developer/DataScience/brain-tumor-classification/data/raw/brain_mri/test/pituitary_tumor/flip_horz_671_10204.png,3,3
/Users/nafisebahoosh/Developer/DataScience/brain-tumor-classification/data/raw/brain_mri/test/pituitary_tumor/flip_horz_679_10212.png,3,3
/Users/nafisebahoosh/Developer/DataScience/brain-tumor-classification/data/raw/brain_mri/test/pituitary_tumor/flip_horz_680_10214.png,3,3
/Users/nafisebahoosh/Developer/DataScience/brain-tumor-classification/data/raw/brain_mri/test/pituitary_tumor/flip_horz_684_10218.png,3,3
/Users/nafisebahoosh/Developer/DataScience/brain-tumor-classification/data/raw/brain_mri/test/pituitary_tumor/flip_horz_68_1111.png,3,3
/Users/nafisebahoosh/Developer/DataScience/brain-tumor-classification/data/raw/brain_mri/test/pituitary_tumor/flip_horz_696_10231.png,3,3
/Users/nafisebahoosh/Developer/DataScience/brain-tumor-classification/data/raw/brain_mri/test/pituitary_tumor/flip_horz_6_1102.png,3,3
/Users/nafisebahoosh/Developer/DataScience/brain-tumor-classification/data/raw/brain_mri/test/pituitary_tumor/flip_horz_715_10253.png,3,3
/Users/nafisebahoosh/Developer/DataScience/brain-tumor-classification/data/raw/brain_mri/test/pituitary_tumor/flip_horz_72_10258.png,3,3
/Users/nafisebahoosh/Developer/DataScience/brain-tumor-classification/data/raw/brain_mri/test/pituitary_tumor/flip_horz_73_10268.png,3,3
/Users/nafisebahoosh/Developer/DataScience/brain-tumor-classification/data/raw/brain_mri/test/pituitary_tumor/flip_horz_73_12870.png,3,1
/Users/nafisebahoosh/Developer/DataScience/brain-tumor-classification/data/raw/brain_mri/test/pituitary_tumor/flip_horz_75_1119.png,3,3
/Users/nafisebahoosh/Developer/DataScience/brain-tumor-classification/data/raw/brain_mri/test/pituitary_tumor/flip_horz_76_1120.png,3,3
/Users/nafisebahoosh/Developer/DataScience/brain-tumor-classification/data/raw/brain_mri/test/pituitary_tumor/flip_horz_77_10272.png,3,3
/Users/nafisebahoosh/Developer/DataScience/brain-tumor-classification/data/raw/brain_mri/test/pituitary_tumor/flip_horz_7_10235.png,3,3
/Users/nafisebahoosh/Developer/DataScience/brain-tumor-classification/data/raw/brain_mri/test/pituitary_tumor/flip_horz_81_1126.png,3,3
/Users/nafisebahoosh/Developer/DataScience/brain-tumor-classification/data/raw/brain_mri/test/pituitary_tumor/flip_horz_91_10288.png,3,3
/Users/nafisebahoosh/Developer/DataScience/brain-tumor-classification/data/raw/brain_mri/test/pituitary_tumor/flip_horz_96_10293.png,3,3
/Users/nafisebahoosh/Developer/DataScience/brain-tumor-classification/data/raw/brain_mri/test/pituitary_tumor/flip_vert_100_10299.png,3,3
/Users/nafisebahoosh/Developer/DataScience/brain-tumor-classification/data/raw/brain_mri/test/pituitary_tumor/flip_vert_104_10303.png,3,3
/Users/nafisebahoosh/Developer/DataScience/brain-tumor-classification/data/raw/brain_mri/test/pituitary_tumor/flip_vert_106_10305.png,3,3
/Users/nafisebahoosh/Developer/DataScience/brain-tumor-classification/data/raw/brain_mri/test/pituitary_tumor/flip_vert_10_12888.png,3,3
/Users/nafisebahoosh/Developer/DataScience/brain-tumor-classification/data/raw/brain_mri/test/pituitary_tumor/flip_vert_119_10319.png,3,3
/Users/nafisebahoosh/Developer/DataScience/brain-tumor-classification/data/raw/brain_mri/test/pituitary_tumor/flip_vert_11_1135.png,3,3
/Users/nafisebahoosh/Developer/DataScience/brain-tumor-classification/data/raw/brain_mri/test/pituitary_tumor/flip_vert_125_10326.png,3,3
/Users/nafisebahoosh/Developer/DataScience/brain-tumor-classification/data/raw/brain_mri/test/pituitary_tumor/flip_vert_132_10334.png,3,3
/Users/nafisebahoosh/Developer/DataScience/brain-tumor-classification/data/raw/brain_mri/test/pituitary_tumor/flip_vert_137_10339.png,3,3
/Users/nafisebahoosh/Developer/DataScience/brain-tumor-classification/data/raw/brain_mri/test/pituitary_tumor/flip_vert_142_10345.png,3,3
/Users/nafisebahoosh/Developer/DataScience/brain-tumor-classification/data/raw/brain_mri/test/pituitary_tumor/flip_vert_161_10366.png,3,3
/Users/nafisebahoosh/Developer/DataScience/brain-tumor-classification/data/raw/brain_mri/test/pituitary_tumor/flip_vert_16_12894.png,3,3
/Users/nafisebahoosh/Developer/DataScience/brain-tumor-classification/data/raw/brain_mri/test/pituitary_tumor/flip_vert_182_10389.png,3,3
/Users/nafisebahoosh/Developer/DataScience/brain-tumor-classification/data/raw/brain_mri/test/pituitary_tumor/flip_vert_186_10393.png,3,3
/Users/nafisebahoosh/Developer/DataScience/brain-tumor-classification/data/raw/brain_mri/test/pituitary_tumor/flip_vert_18_1142.png,3,3
/Users/nafisebahoosh/Developer/DataScience/brain-tumor-classification/data/raw/brain_mri/test/pituitary_tumor/flip_vert_207_10417.png,3,3
/Users/nafisebahoosh/Developer/DataScience/brain-tumor-classification/data/raw/brain_mri/test/pituitary_tumor/flip_vert_209_10419.png,3,3
/Users/nafisebahoosh/Developer/DataScience/brain-tumor-classification/data/raw/brain_mri/test/pituitary_tumor/flip_vert_21_1146.png,3,3
/Users/nafisebahoosh/Developer/DataScience/brain-tumor-classification/data/raw/brain_mri/test/pituitary_tumor/flip_vert_231_10444.png,3,3
/Users/nafisebahoosh/Developer/DataScience/brain-tumor-classification/data/raw/brain_mri/test/pituitary_tumor/flip_vert_242_10456.png,3,3
/Users/nafisebahoosh/Developer/DataScience/brain-tumor-classification/data/raw/brain_mri/test/pituitary_tumor/flip_vert_24_10453.png,3,3
/Users/nafisebahoosh/Developer/DataScience/brain-tumor-classification/data/raw/brain_mri/test/pituitary_tumor/flip_vert_252_10467.png,3,3
/Users/nafisebahoosh/Developer/DataScience/brain-tumor-classification/data/raw/brain_mri/test/pituitary_tumor/flip_vert_256_10471.png,3,3
/Users/nafisebahoosh/Developer/DataScience/brain-tumor-classification/data/raw/brain_mri/test/pituitary_tumor/flip_vert_280_10498.png,3,3
/Users/nafisebahoosh/Developer/DataScience/brain-tumor-classification/data/raw/brain_mri/test/pituitary_tumor/flip_vert_287_10505.png,3,3
/Users/nafisebahoosh/Developer/DataScience/brain-tumor-classification/data/raw/brain_mri/test/pituitary_tumor/flip_vert_293_10512.png,3,3
/Users/nafisebahoosh/Developer/DataScience/brain-tumor-classification/data/raw/brain_mri/test/pituitary_tumor/flip_vert_298_10517.png,3,3
/Users/nafisebahoosh/Developer/DataScience/brain-tumor-classification/data/raw/brain_mri/test/pituitary_tumor/flip_vert_302_10523.png,3,3
/Users/nafisebahoosh/Developer/DataScience/brain-tumor-classification/data/raw/brain_mri/test/pituitary_tumor/flip_vert_313_10535.png,3,3
/Users/nafisebahoosh/Developer/DataScience/brain-tumor-classification/data/raw/brain_mri/test/pituitary_tumor/flip_vert_319_10541.png,3,3
/Users/nafisebahoosh/Developer/DataScience/brain-tumor-classification/data/raw/brain_mri/test/pituitary_tumor/flip_vert_330_10554.png,3,3
/Users/nafisebahoosh/Developer/DataScience/brain-tumor-classification/data/raw/brain_mri/test/pituitary_tumor/flip_vert_342_10567.png,3,3
/Users/nafisebahoosh/Developer/DataScience/brain-tumor-classification/data/raw/brain_mri/test/pituitary_tumor/flip_vert_351_10577.png,3,3
/Users/nafisebahoosh/Developer/DataScience/brain-tumor-classification/data/raw/brain_mri/test/pituitary_tumor/flip_vert_357_10583.png,3,3
/Users/nafisebahoosh/Developer/DataScience/brain-tumor-classification/data/raw/brain_mri/test/pituitary_tumor/flip_vert_360_10587.png,3,3
/Users/nafisebahoosh/Developer/DataScience/brain-tumor-classification/data/raw/brain_mri/test/pituitary_tumor/flip_vert_373_10601.png,3,3
/Users/nafisebahoosh/Developer/DataScience/brain-tumor-classification/data/raw/brain_mri/test/pituitary_tumor/flip_vert_3_12909.png,3,3
/Users/nafisebahoosh/Developer/DataScience/brain-tumor-classification/data/raw/brain_mri/test/pituitary_tumor/flip_vert_40_12921.png,3,3
/Users/nafisebahoosh/Developer/DataScience/brain-tumor-classification/data/raw/brain_mri/test/pituitary_tumor/flip_vert_427_10661.png,3,3
/Users/nafisebahoosh/Developer/DataScience/brain-tumor-classification/data/raw/brain_mri/test/pituitary_tumor/flip_vert_42_1169.png,3,3
/Users/nafisebahoosh/Developer/DataScience/brain-tumor-classification/data/raw/brain_mri/test/pituitary_tumor/flip_vert_44_1171.png,3,3
/Users/nafisebahoosh/Developer/DataScience/brain-tumor-classification/data/raw/brain_mri/test/pituitary_tumor/flip_vert_451_10688.png,3,3
/Users/nafisebahoosh/Developer/DataScience/brain-tumor-classification/data/raw/brain_mri/test/pituitary_tumor/flip_vert_467_10705.png,3,3
/Users/nafisebahoosh/Developer/DataScience/brain-tumor-classification/data/raw/brain_mri/test/pituitary_tumor/flip_vert_46_1173.png,3,3
/Users/nafisebahoosh/Developer/DataScience/brain-tumor-classification/data/raw/brain_mri/test/pituitary_tumor/flip_vert_47_1174.png,3,3
/Users/nafisebahoosh/Developer/DataScience/brain-tumor-classification/data/raw/brain_mri/test/pituitary_tumor/flip_vert_484_10724.png,3,3
/Users/nafisebahoosh/Developer/DataScience/brain-tumor-classification/data/raw/brain_mri/test/pituitary_tumor/flip_vert_488_10728.png,3,3
/Users/nafisebahoosh/Developer/DataScience/brain-tumor-classification/data/raw/brain_mri/test/pituitary_tumor/flip_vert_48_12929.png,3,3
/Users/nafisebahoosh/Developer/DataScience/brain-tumor-classification/data/raw/brain_mri/test/pituitary_tumor/flip_vert_496_10737.png,3,3
/Users/nafisebahoosh/Developer/DataScience/brain-tumor-classification/data/raw/brain_mri/test/pituitary_tumor/flip_vert_506_10749.png,3,3
/Users/nafisebahoosh/Developer/DataScience/brain-tumor-classification/data/raw/brain_mri/test/pituitary_tumor/flip_vert_511_10755.png,3,3
/Users/nafisebahoosh/Developer/DataScience/brain-tumor-classification/data/raw/brain_mri/test/pituitary_tumor/flip_vert_516_10760.png,3,3
/Users/nafisebahoosh/Developer/DataScience/brain-tumor-classification/data/raw/brain_mri/test/pituitary_tumor/flip_vert_531_10777.png,3,3
/Users/nafisebahoosh/Developer/DataScience/brain-tumor-classification/data/raw/brain_mri/test/pituitary_tumor/flip_vert_55_1183.png,3,3
/Users/nafisebahoosh/Developer/DataScience/brain-tumor-classification/data/raw/brain_mri/test/pituitary_tumor/flip_vert_56_10808.png,3,3
/Users/nafisebahoosh/Developer/DataScience/brain-tumor-classification/data/raw/brain_mri/test/pituitary_tumor/flip_vert_56_12938.png,3,3
/Users/nafisebahoosh/Developer/DataScience/brain-tumor-classification/data/raw/brain_mri/test/pituitary_tumor/flip_vert_571_10821.png,3,3
/Users/nafisebahoosh/Developer/DataScience/brain-tumor-classification/data/raw/brain_mri/test/pituitary_tumor/flip_vert_574_10824.png,3,3
/Users/nafisebahoosh/Developer/DataScience/brain-tumor-classification/data/raw/brain_mri/test/pituitary_tumor/flip_vert_575_10825.png,3,3
/Users/nafisebahoosh/Developer/DataScience/brain-tumor-classification/data/raw/brain_mri/test/pituitary_tumor/flip_vert_579_10829.png,3,3
/Users/nafisebahoosh/Developer/DataScience/brain-tumor-classification/data/raw/brain_mri/test/pituitary_tumor/flip_vert_582_10833.png,3,3
/Users/nafisebahoosh/Developer/DataScience/brain-tumor-classification/data/raw/brain_mri/test/pituitary_tumor/flip_vert_585_10836.png,3,3
/Users/nafisebahoosh/Developer/DataScience/brain-tumor-classification/data/raw/brain_mri/test/pituitary_tumor/flip_vert_589_10840.png,3,3
/Users/nafisebahoosh/Developer/DataScience/brain-tumor-classification/data/raw/brain_mri/test/pituitary_tumor/flip_vert_592_10844.png,3,3
/Users/nafisebahoosh/Developer/DataScience/brain-tumor-classification/data/raw/brain_mri/test/pituitary_tumor/flip_vert_594_10846.png,3,3
/Users/nafisebahoosh/Developer/DataScience/brain-tumor-classification/data/raw/brain_mri/test/pituitary_tumor/flip_vert_596_10848.png,3,3
/Users/nafisebahoosh/Developer/DataScience/brain-tumor-classification/data/raw/brain_mri/test/pituitary_tumor/flip_vert_605_10859.png,3,3
/Users/nafisebahoosh/Developer/DataScience/brain-tumor-classification/data/raw/brain_mri/test/pituitary_tumor/flip_vert_624_10880.png,3,3
/Users/nafisebahoosh/Developer/DataScience/brain-tumor-classification/data/raw/brain_mri/test/pituitary_tumor/flip_vert_62_12945.png,3,3
/Users/nafisebahoosh/Developer/DataScience/brain-tumor-classification/data/raw/brain_mri/test/pituitary_tumor/flip_vert_635_10892.png,3,3
/Users/nafisebahoosh/Developer/DataScience/brain-tumor-classification/data/raw/brain_mri/test/pituitary_tumor/flip_vert_639_10896.png,3,3
/Users/nafisebahoosh/Developer/DataScience/brain-tumor-classification/data/raw/brain_mri/test/pituitary_tumor/flip_vert_63_12946.png,3,3
/Users/nafisebahoosh/Developer/DataScience/brain-tumor-classification/data/raw/brain_mri/test/pituitary_tumor/flip_vert_651_10910.png,3,3
/Users/nafisebahoosh/Developer/DataScience/brain-tumor-classification/data/raw/brain_mri/test/pituitary_tumor/flip_vert_65_10908.png,3,3
/Users/nafisebahoosh/Developer/DataScience/brain-tumor-classification/data/raw/brain_mri/test/pituitary_tumor/flip_vert_663_10923.png,3,3
/Users/nafisebahoosh/Developer/DataScience/brain-tumor-classification/data/raw/brain_mri/test/pituitary_tumor/flip_vert_684_10946.png,3,3
/Users/nafisebahoosh/Developer/DataScience/brain-tumor-classification/data/raw/brain_mri/test/pituitary_tumor/flip_vert_687_10949.png,3,3
/Users/nafisebahoosh/Developer/DataScience/brain-tumor-classification/data/raw/brain_mri/test/pituitary_tumor/flip_vert_695_10958.png,3,3
/Users/nafisebahoosh/Developer/DataScience/brain-tumor-classification/data/raw/brain_mri/test/pituitary_tumor/flip_vert_69_1198.png,3,3
/Users/nafisebahoosh/Developer/DataScience/brain-tumor-classification/data/raw/brain_mri/test/pituitary_tumor/flip_vert_707_10972.png,3,3
/Users/nafisebahoosh/Developer/DataScience/brain-tumor-classification/data/raw/brain_mri/test/pituitary_tumor/flip_vert_70_12954.png,3,3
/Users/nafisebahoosh/Developer/DataScience/brain-tumor-classification/data/raw/brain_mri/test/pituitary_tumor/flip_vert_718_10984.png,3,3
/Users/nafisebahoosh/Developer/DataScience/brain-tumor-classification/data/raw/brain_mri/test/pituitary_tumor/flip_vert_71_12955.png,3,3
/Users/nafisebahoosh/Developer/DataScience/brain-tumor-classification/data/raw/brain_mri/test/pituitary_tumor/flip_vert_722_10989.png,3,3
/Users/nafisebahoosh/Developer/DataScience/brain-tumor-classification/data/raw/brain_mri/test/pituitary_tumor/flip_vert_73_12957.png,3,3
/Users/nafisebahoosh/Developer/DataScience/brain-tumor-classification/data/raw/brain_mri/test/pituitary_tumor/flip_vert_75_12959.png,3,3
/Users/nafisebahoosh/Developer/DataScience/brain-tumor-classification/data/raw/brain_mri/test/pituitary_tumor/flip_vert_79_11002.png,3,3
/Users/nafisebahoosh/Developer/DataScience/brain-tumor-classification/data/raw/brain_mri/test/pituitary_tumor/flip_vert_84_1215.png,3,3
/Users/nafisebahoosh/Developer/DataScience/brain-tumor-classification/data/raw/brain_mri/test/pituitary_tumor/flip_vert_84_12969.png,3,3
/Users/nafisebahoosh/Developer/DataScience/brain-tumor-classification/data/raw/brain_mri/test/pituitary_tumor/flip_vert_86_1217.png,3,3
/Users/nafisebahoosh/Developer/DataScience/brain-tumor-classification/data/raw/brain_mri/test/pituitary_tumor/flip_vert_90_11015.png,3,3
/Users/nafisebahoosh/Developer/DataScience/brain-tumor-classification/data/raw/brain_mri/test/pituitary_tumor/flip_vert_9_11014.png,3,3
/Users/nafisebahoosh/Developer/DataScience/brain-tumor-classification/data/raw/brain_mri/test/pituitary_tumor/flip_vert_9_12973.png,3,3
/Users/nafisebahoosh/Developer/DataScience/brain-tumor-classification/data/raw/brain_mri/test/pituitary_tumor/original_101_11028.png,3,1
/Users/nafisebahoosh/Developer/DataScience/brain-tumor-classification/data/raw/brain_mri/test/pituitary_tumor/original_104_11031.png,3,3
/Users/nafisebahoosh/Developer/DataScience/brain-tumor-classification/data/raw/brain_mri/test/pituitary_tumor/original_106_11033.png,3,3
/Users/nafisebahoosh/Developer/DataScience/brain-tumor-classification/data/raw/brain_mri/test/pituitary_tumor/original_10_11026.png,3,3
/Users/nafisebahoosh/Developer/DataScience/brain-tumor-classification/data/raw/brain_mri/test/pituitary_tumor/original_10_12975.png,3,3
/Users/nafisebahoosh/Developer/DataScience/brain-tumor-classification/data/raw/brain_mri/test/pituitary_tumor/original_120_11049.png,3,3
/Users/nafisebahoosh/Developer/DataScience/brain-tumor-classification/data/raw/brain_mri/test/pituitary_tumor/original_12_1222.png,3,3
/Users/nafisebahoosh/Developer/DataScience/brain-tumor-classification/data/raw/brain_mri/test/pituitary_tumor/original_144_11075.png,3,3
/Users/nafisebahoosh/Developer/DataScience/brain-tumor-classification/data/raw/brain_mri/test/pituitary_tumor/original_14_1224.png,3,3
/Users/nafisebahoosh/Developer/DataScience/brain-tumor-classification/data/raw/brain_mri/test/pituitary_tumor/original_14_12979.png,3,3
/Users/nafisebahoosh/Developer/DataScience/brain-tumor-classification/data/raw/brain_mri/test/pituitary_tumor/original_160_11093.png,3,3
/Users/nafisebahoosh/Developer/DataScience/brain-tumor-classification/data/raw/brain_mri/test/pituitary_tumor/original_161_11094.png,3,3
/Users/nafisebahoosh/Developer/DataScience/brain-tumor-classification/data/raw/brain_mri/test/pituitary_tumor/original_168_11101.png,3,3
/Users/nafisebahoosh/Developer/DataScience/brain-tumor-classification/data/raw/brain_mri/test/pituitary_tumor/original_194_11130.png,3,3
/Users/nafisebahoosh/Developer/DataScience/brain-tumor-classification/data/raw/brain_mri/test/pituitary_tumor/original_200_11138.png,3,3
/Users/nafisebahoosh/Developer/DataScience/brain-tumor-classification/data/raw/brain_mri/test/pituitary_tumor/original_20_1231.png,3,3
/Users/nafisebahoosh/Developer/DataScience/brain-tumor-classification/data/raw/brain_mri/test/pituitary_tumor/original_20_12986.png,3,3
/Users/nafisebahoosh/Developer/DataScience/brain-tumor-classification/data/raw/brain_mri/test/pituitary_tumor/original_220_11160.png,3,3
/Users/nafisebahoosh/Developer/DataScience/brain-tumor-classification/data/raw/brain_mri/test/pituitary_tumor/original_22_1233.png,3,3
/Users/nafisebahoosh/Developer/DataScience/brain-tumor-classification/data/raw/brain_mri/test/pituitary_tumor/original_254_11197.png,3,3
/Users/nafisebahoosh/Developer/DataScience/brain-tumor-classification/data/raw/brain_mri/test/pituitary_tumor/original_28_11225.png,3,3
/Users/nafisebahoosh/Developer/DataScience/brain-tumor-classification/data/raw/brain_mri/test/pituitary_tumor/original_297_11244.png,3,3
/Users/nafisebahoosh/Developer/DataScience/brain-tumor-classification/data/raw/brain_mri/test/pituitary_tumor/original_303_11252.png,3,3
/Users/nafisebahoosh/Developer/DataScience/brain-tumor-classification/data/raw/brain_mri/test/pituitary_tumor/original_308_11257.png,3,3
/Users/nafisebahoosh/Developer/DataScience/brain-tumor-classification/data/raw/brain_mri/test/pituitary_tumor/original_310_11260.png,3,3
/Users/nafisebahoosh/Developer/DataScience/brain-tumor-classification/data/raw/brain_mri/test/pituitary_tumor/original_327_11278.png,3,3
/Users/nafisebahoosh/Developer/DataScience/brain-tumor-classification/data/raw/brain_mri/test/pituitary_tumor/original_32_11270.png,3,3
/Users/nafisebahoosh/Developer/DataScience/brain-tumor-classification/data/raw/brain_mri/test/pituitary_tumor/original_335_11287.png,3,3
/Users/nafisebahoosh/Developer/DataScience/brain-tumor-classification/data/raw/brain_mri/test/pituitary_tumor/original_345_11298.png,3,3
/Users/nafisebahoosh/Developer/DataScience/brain-tumor-classification/data/raw/brain_mri/test/pituitary_tumor/original_359_11313.png,3,3
/Users/nafisebahoosh/Developer/DataScience/brain-tumor-classification/data/raw/brain_mri/test/pituitary_tumor/original_362_11317.png,3,3
/Users/nafisebahoosh/Developer/DataScience/brain-tumor-classification/data/raw/brain_mri/test/pituitary_tumor/original_36_13003.png,3,3
/Users/nafisebahoosh/Developer/DataScience/brain-tumor-classification/data/raw/brain_mri/test/pituitary_tumor/original_375_11331.png,3,3
/Users/nafisebahoosh/Developer/DataScience/brain-tumor-classification/data/raw/brain_mri/test/pituitary_tumor/original_378_11334.png,3,3
/Users/nafisebahoosh/Developer/DataScience/brain-tumor-classification/data/raw/brain_mri/test/pituitary_tumor/original_385_11342.png,3,3
/Users/nafisebahoosh/Developer/DataScience/brain-tumor-classification/data/raw/brain_mri/test/pituitary_tumor/original_39_1251.png,3,3
/Users/nafisebahoosh/Developer/DataScience/brain-tumor-classification/data/raw/brain_mri/test/pituitary_tumor/original_39_13006.png,3,3
/Users/nafisebahoosh/Developer/DataScience/brain-tumor-classification/data/raw/brain_mri/test/pituitary_tumor/original_404_11364.png,3,3
/Users/nafisebahoosh/Developer/DataScience/brain-tumor-classification/data/raw/brain_mri/test/pituitary_tumor/original_40_1253.png,3,3
/Users/nafisebahoosh/Developer/DataScience/brain-tumor-classification/data/raw/brain_mri/test/pituitary_tumor/original_40_13008.png,3,3
/Users/nafisebahoosh/Developer/DataScience/brain-tumor-classification/data/raw/brain_mri/test/pituitary_tumor/original_412_11373.png,3,3
/Users/nafisebahoosh/Developer/DataScience/brain-tumor-classification/data/raw/brain_mri/test/pituitary_tumor/original_416_11377.png,3,3
/Users/nafisebahoosh/Developer/DataScience/brain-tumor-classification/data/raw/brain_mri/test/pituitary_tumor/original_419_11380.png,3,3
/Users/nafisebahoosh/Developer/DataScience/brain-tumor-classification/data/raw/brain_mri/test/pituitary_tumor/original_446_11410.png,3,3
/Users/nafisebahoosh/Developer/DataScience/brain-tumor-classification/data/raw/brain_mri/test/pituitary_tumor/original_453_11418.png,3,3
/Users/nafisebahoosh/Developer/DataScience/brain-tumor-classification/data/raw/brain_mri/test/pituitary_tumor/original_458_11423.png,3,3
/Users/nafisebahoosh/Developer/DataScience/brain-tumor-classification/data/raw/brain_mri/test/pituitary_tumor/original_459_11424.png,3,3
/Users/nafisebahoosh/Developer/DataScience/brain-tumor-classification/data/raw/brain_mri/test/pituitary_tumor/original_475_11442.png,3,3
/Users/nafisebahoosh/Developer/DataScience/brain-tumor-classification/data/raw/brain_mri/test/pituitary_tumor/original_481_11449.png,3,3
/Users/nafisebahoosh/Developer/DataScience/brain-tumor-classification/data/raw/brain_mri/test/pituitary_tumor/original_482_11450.png,3,3
/Users/nafisebahoosh/Developer/DataScience/brain-tumor-classification/data/raw/brain_mri/test/pituitary_tumor/original_484_11452.png,3,3
/Users/nafisebahoosh/Developer/DataScience/brain-tumor-classification/data/raw/brain_mri/test/pituitary_tumor/original_494_11463.png,3,3
/Users/nafisebahoosh/Developer/DataScience/brain-tumor-classification/data/raw/brain_mri/test/pituitary_tumor/original_504_11475.png,3,3
/Users/nafisebahoosh/Developer/DataScience/brain-tumor-classification/data/raw/brain_mri/test/pituitary_tumor/original_50_13019.png,3,3
/Users/nafisebahoosh/Developer/DataScience/brain-tumor-classification/data/raw/brain_mri/test/pituitary_tumor/original_524_11497.png,3,3
/Users/nafisebahoosh/Developer/DataScience/brain-tumor-classification/data/raw/brain_mri/test/pituitary_tumor/original_526_11499.png,3,3
/Users/nafisebahoosh/Developer/DataScience/brain-tumor-classification/data/raw/brain_mri/test/pituitary_tumor/original_531_11505.png,3,3
/Users/nafisebahoosh/Developer/DataScience/brain-tumor-classification/data/raw/brain_mri/test/pituitary_tumor/original_534_11508.png,3,3
/Users/nafisebahoosh/Developer/DataScience/brain-tumor-classification/data/raw/brain_mri/test/pituitary_tumor/original_536_11510.png,3,3
/Users/nafisebahoosh/Developer/DataScience/brain-tumor-classification/data/raw/brain_mri/test/pituitary_tumor/original_537_11511.png,3,3
/Users/nafisebahoosh/Developer/DataScience/brain-tumor-classification/data/raw/brain_mri/test/pituitary_tumor/original_557_11533.png,3,3
/Users/nafisebahoosh/Developer/DataScience/brain-tumor-classification/data/raw/brain_mri/test/pituitary_tumor/original_55_1269.png,3,3
/Users/nafisebahoosh/Developer/DataScience/brain-tumor-classification/data/raw/brain_mri/test/pituitary_tumor/original_560_11537.png,3,3
/Users/nafisebahoosh/Developer/DataScience/brain-tumor-classification/data/raw/brain_mri/test/pituitary_tumor/original_562_11539.png,3,3
/Users/nafisebahoosh/Developer/DataScience/brain-tumor-classification/data/raw/brain_mri/test/pituitary_tumor/original_569_11546.png,3,3
/Users/nafisebahoosh/Developer/DataScience/brain-tumor-classification/data/raw/brain_mri/test/pituitary_tumor/original_58_1272.png,3,3
/Users/nafisebahoosh/Developer/DataScience/brain-tumor-classification/data/raw/brain_mri/test/pituitary_tumor/original_590_11570.png,3,3
/Users/nafisebahoosh/Developer/DataScience/brain-tumor-classification/data/raw/brain_mri/test/pituitary_tumor/original_592_11572.png,3,3
/Users/nafisebahoosh/Developer/DataScience/brain-tumor-classification/data/raw/brain_mri/test/pituitary_tumor/original_596_11576.png,3,3
/Users/nafisebahoosh/Developer/DataScience/brain-tumor-classification/data/raw/brain_mri/test/pituitary_tumor/original_5_11469.png,3,3
/Users/nafisebahoosh/Developer/DataScience/brain-tumor-classification/data/raw/brain_mri/test/pituitary_tumor/original_608_11590.png,3,3
/Users/nafisebahoosh/Developer/DataScience/brain-tumor-classification/data/raw/brain_mri/test/pituitary_tumor/original_60_11581.png,3,3
/Users/nafisebahoosh/Developer/DataScience/brain-tumor-classification/data/raw/brain_mri/test/pituitary_tumor/original_60_1275.png,3,3
/Users/nafisebahoosh/Developer/DataScience/brain-tumor-classification/data/raw/brain_mri/test/pituitary_tumor/original_616_11599.png,3,3
/Users/nafisebahoosh/Developer/DataScience/brain-tumor-classification/data/raw/brain_mri/test/pituitary_tumor/original_623_11607.png,3,3
/Users/nafisebahoosh/Developer/DataScience/brain-tumor-classification/data/raw/brain_mri/test/pituitary_tumor/original_637_11622.png,3,3
/Users/nafisebahoosh/Developer/DataScience/brain-tumor-classification/data/raw/brain_mri/test/pituitary_tumor/original_660_11648.png,3,3
/Users/nafisebahoosh/Developer/DataScience/brain-tumor-classification/data/raw/brain_mri/test/pituitary_tumor/original_664_11652.png,3,3
/Users/nafisebahoosh/Developer/DataScience/brain-tumor-classification/data/raw/brain_mri/test/pituitary_tumor/original_66_13036.png,3,3
/Users/nafisebahoosh/Developer/DataScience/brain-tumor-classification/data/raw/brain_mri/test/pituitary_tumor/original_681_11671.png,3,3
/Users/nafisebahoosh/Developer/DataScience/brain-tumor-classification/data/raw/brain_mri/test/pituitary_tumor/original_700_11693.png,3,3
/Users/nafisebahoosh/Developer/DataScience/brain-tumor-classification/data/raw/brain_mri/test/pituitary_tumor/original_704_11697.png,3,3
/Users/nafisebahoosh/Developer/DataScience/brain-tumor-classification/data/raw/brain_mri/test/pituitary_tumor/original_70_1286.png,3,3
/Users/nafisebahoosh/Developer/DataScience/brain-tumor-classification/data/raw/brain_mri/test/pituitary_tumor/original_76_13047.png,3,3
/Users/nafisebahoosh/Developer/DataScience/brain-tumor-classification/data/raw/brain_mri/test/pituitary_tumor/original_88_11740.png,3,3
/Users/nafisebahoosh/Developer/DataScience/brain-tumor-classification/data/raw/brain_mri/test/pituitary_tumor/original_89_11741.png,3,3
