filepath,true_label,predicted_label,confidence
/Users/nafisebahoosh/Developer/DataScience/brain-tumor-classification/data/raw/brain_mri/test/glioma_tumor/bright_img_101_1308.png,0,0,0.96104014
/Users/nafisebahoosh/Developer/DataScience/brain-tumor-classification/data/raw/brain_mri/test/glioma_tumor/bright_img_104_1311.png,0,1,0.47782627
/Users/nafisebahoosh/Developer/DataScience/brain-tumor-classification/data/raw/brain_mri/test/glioma_tumor/bright_img_108_1315.png,0,0,0.7833547
/Users/nafisebahoosh/Developer/DataScience/brain-tumor-classification/data/raw/brain_mri/test/glioma_tumor/bright_img_10_1306.png,0,0,0.6778308
/Users/nafisebahoosh/Developer/DataScience/brain-tumor-classification/data/raw/brain_mri/test/glioma_tumor/bright_img_114_1322.png,0,0,0.7028947
/Users/nafisebahoosh/Developer/DataScience/brain-tumor-classification/data/raw/brain_mri/test/glioma_tumor/bright_img_11_1317.png,0,0,0.9008478
/Users/nafisebahoosh/Developer/DataScience/brain-tumor-classification/data/raw/brain_mri/test/glioma_tumor/bright_img_120_1329.png,0,1,0.48079967
/Users/nafisebahoosh/Developer/DataScience/brain-tumor-classification/data/raw/brain_mri/test/glioma_tumor/bright_img_129_1338.png,0,0,0.7800983
/Users/nafisebahoosh/Developer/DataScience/brain-tumor-classification/data/raw/brain_mri/test/glioma_tumor/bright_img_130_1340.png,0,0,0.74557036
/Users/nafisebahoosh/Developer/DataScience/brain-tumor-classification/data/raw/brain_mri/test/glioma_tumor/bright_img_136_1346.png,0,0,0.5122404
/Users/nafisebahoosh/Developer/DataScience/brain-tumor-classification/data/raw/brain_mri/test/glioma_tumor/bright_img_137_1347.png,0,0,0.9893829
/Users/nafisebahoosh/Developer/DataScience/brain-tumor-classification/data/raw/brain_mri/test/glioma_tumor/bright_img_145_1356.png,0,0,0.8627819
/Users/nafisebahoosh/Developer/DataScience/brain-tumor-classification/data/raw/brain_mri/test/glioma_tumor/bright_img_149_1360.png,0,1,0.75698465
/Users/nafisebahoosh/Developer/DataScience/brain-tumor-classification/data/raw/brain_mri/test/glioma_tumor/bright_img_153_1365.png,0,0,0.8163956
/Users/nafisebahoosh/Developer/DataScience/brain-tumor-classification/data/raw/brain_mri/test/glioma_tumor/bright_img_162_1375.png,0,0,0.8538486
/Users/nafisebahoosh/Developer/DataScience/brain-tumor-classification/data/raw/brain_mri/test/glioma_tumor/bright_img_177_1391.png,0,2,0.5830841
/Users/nafisebahoosh/Developer/DataScience/brain-tumor-classification/data/raw/brain_mri/test/glioma_tumor/bright_img_185_1400.png,0,0,0.97624946
/Users/nafisebahoosh/Developer/DataScience/brain-tumor-classification/data/raw/brain_mri/test/glioma_tumor/bright_img_1_1.png,0,0,0.9789307
/Users/nafisebahoosh/Developer/DataScience/brain-tumor-classification/data/raw/brain_mri/test/glioma_tumor/bright_img_202_1420.png,0,0,0.9906529
/Users/nafisebahoosh/Developer/DataScience/brain-tumor-classification/data/raw/brain_mri/test/glioma_tumor/bright_img_209_1427.png,0,0,0.98016286
/Users/nafisebahoosh/Developer/DataScience/brain-tumor-classification/data/raw/brain_mri/test/glioma_tumor/bright_img_213_1432.png,0,0,0.9606774
/Users/nafisebahoosh/Developer/DataScience/brain-tumor-classification/data/raw/brain_mri/test/glioma_tumor/bright_img_227_1447.png,0,1,0.5952482
/Users/nafisebahoosh/Developer/DataScience/brain-tumor-classification/data/raw/brain_mri/test/glioma_tumor/bright_img_22_1439.png,0,0,0.97060996
/Users/nafisebahoosh/Developer/DataScience/brain-tumor-classification/data/raw/brain_mri/test/glioma_tumor/bright_img_242_1464.png,0,0,0.89088255
/Users/nafisebahoosh/Developer/DataScience/brain-tumor-classification/data/raw/brain_mri/test/glioma_tumor/bright_img_247_1469.png,0,0,0.65546876
/Users/nafisebahoosh/Developer/DataScience/brain-tumor-classification/data/raw/brain_mri/test/glioma_tumor/bright_img_248_1470.png,0,1,0.5417644
/Users/nafisebahoosh/Developer/DataScience/brain-tumor-classification/data/raw/brain_mri/test/glioma_tumor/bright_img_24_1461.png,0,0,0.74593586
/Users/nafisebahoosh/Developer/DataScience/brain-tumor-classification/data/raw/brain_mri/test/glioma_tumor/bright_img_258_1481.png,0,0,0.7785884
/Users/nafisebahoosh/Developer/DataScience/brain-tumor-classification/data/raw/brain_mri/test/glioma_tumor/bright_img_27_20.png,0,1,0.46457666
/Users/nafisebahoosh/Developer/DataScience/brain-tumor-classification/data/raw/brain_mri/test/glioma_tumor/bright_img_282_1508.png,0,0,0.9195004
/Users/nafisebahoosh/Developer/DataScience/brain-tumor-classification/data/raw/brain_mri/test/glioma_tumor/bright_img_293_1520.png,0,1,0.531132
/Users/nafisebahoosh/Developer/DataScience/brain-tumor-classification/data/raw/brain_mri/test/glioma_tumor/bright_img_2_12.png,0,0,0.7376703
/Users/nafisebahoosh/Developer/DataScience/brain-tumor-classification/data/raw/brain_mri/test/glioma_tumor/bright_img_304_1533.png,0,0,0.67217195
/Users/nafisebahoosh/Developer/DataScience/brain-tumor-classification/data/raw/brain_mri/test/glioma_tumor/bright_img_313_1543.png,0,0,0.9733343
/Users/nafisebahoosh/Developer/DataScience/brain-tumor-classification/data/raw/brain_mri/test/glioma_tumor/bright_img_330_1562.png,0,0,0.9952662
/Users/nafisebahoosh/Developer/DataScience/brain-tumor-classification/data/raw/brain_mri/test/glioma_tumor/bright_img_335_1567.png,0,2,0.7296289
/Users/nafisebahoosh/Developer/DataScience/brain-tumor-classification/data/raw/brain_mri/test/glioma_tumor/bright_img_340_1573.png,0,0,0.56344444
/Users/nafisebahoosh/Developer/DataScience/brain-tumor-classification/data/raw/brain_mri/test/glioma_tumor/bright_img_346_1579.png,0,0,0.8358964
/Users/nafisebahoosh/Developer/DataScience/brain-tumor-classification/data/raw/brain_mri/test/glioma_tumor/bright_img_347_1580.png,0,0,0.96122503
/Users/nafisebahoosh/Developer/DataScience/brain-tumor-classification/data/raw/brain_mri/test/glioma_tumor/bright_img_353_1587.png,0,0,0.9439998
/Users/nafisebahoosh/Developer/DataScience/brain-tumor-classification/data/raw/brain_mri/test/glioma_tumor/bright_img_359_1593.png,0,0,0.9636633
/Users/nafisebahoosh/Developer/DataScience/brain-tumor-classification/data/raw/brain_mri/test/glioma_tumor/bright_img_368_1603.png,0,0,0.9570631
/Users/nafisebahoosh/Developer/DataScience/brain-tumor-classification/data/raw/brain_mri/test/glioma_tumor/bright_img_36_1594.png,0,0,0.97897685
/Users/nafisebahoosh/Developer/DataScience/brain-tumor-classification/data/raw/brain_mri/test/glioma_tumor/bright_img_376_1612.png,0,0,0.5968791
/Users/nafisebahoosh/Developer/DataScience/brain-tumor-classification/data/raw/brain_mri/test/glioma_tumor/bright_img_382_1619.png,0,0,0.9610462
/Users/nafisebahoosh/Developer/DataScience/brain-tumor-classification/data/raw/brain_mri/test/glioma_tumor/bright_img_385_1622.png,0,1,0.6718504
/Users/nafisebahoosh/Developer/DataScience/brain-tumor-classification/data/raw/brain_mri/test/glioma_tumor/bright_img_386_1623.png,0,0,0.9875164
/Users/nafisebahoosh/Developer/DataScience/brain-tumor-classification/data/raw/brain_mri/test/glioma_tumor/bright_img_391_1629.png,0,0,0.9805611
/Users/nafisebahoosh/Developer/DataScience/brain-tumor-classification/data/raw/brain_mri/test/glioma_tumor/bright_img_394_1632.png,0,1,0.6770046
/Users/nafisebahoosh/Developer/DataScience/brain-tumor-classification/data/raw/brain_mri/test/glioma_tumor/bright_img_396_1634.png,0,0,0.8979014
/Users/nafisebahoosh/Developer/DataScience/brain-tumor-classification/data/raw/brain_mri/test/glioma_tumor/bright_img_401_1641.png,0,0,0.6082386
/Users/nafisebahoosh/Developer/DataScience/brain-tumor-classification/data/raw/brain_mri/test/glioma_tumor/bright_img_404_1644.png,0,0,0.9253198
/Users/nafisebahoosh/Developer/DataScience/brain-tumor-classification/data/raw/brain_mri/test/glioma_tumor/bright_img_405_1645.png,0,0,0.79683137
/Users/nafisebahoosh/Developer/DataScience/brain-tumor-classification/data/raw/brain_mri/test/glioma_tumor/bright_img_407_1647.png,0,0,0.8790509
/Users/nafisebahoosh/Developer/DataScience/brain-tumor-classification/data/raw/brain_mri/test/glioma_tumor/bright_img_429_1671.png,0,0,0.94001865
/Users/nafisebahoosh/Developer/DataScience/brain-tumor-classification/data/raw/brain_mri/test/glioma_tumor/bright_img_42_1661.png,0,0,0.6326412
/Users/nafisebahoosh/Developer/DataScience/brain-tumor-classification/data/raw/brain_mri/test/glioma_tumor/bright_img_437_1680.png,0,0,0.81723225
/Users/nafisebahoosh/Developer/DataScience/brain-tumor-classification/data/raw/brain_mri/test/glioma_tumor/bright_img_438_1681.png,0,0,0.8963705
/Users/nafisebahoosh/Developer/DataScience/brain-tumor-classification/data/raw/brain_mri/test/glioma_tumor/bright_img_449_1693.png,0,1,0.6938014
/Users/nafisebahoosh/Developer/DataScience/brain-tumor-classification/data/raw/brain_mri/test/glioma_tumor/bright_img_462_1708.png,0,1,0.5660859
/Users/nafisebahoosh/Developer/DataScience/brain-tumor-classification/data/raw/brain_mri/test/glioma_tumor/bright_img_466_1712.png,0,0,0.7590805
/Users/nafisebahoosh/Developer/DataScience/brain-tumor-classification/data/raw/brain_mri/test/glioma_tumor/bright_img_502_1753.png,0,0,0.89645785
/Users/nafisebahoosh/Developer/DataScience/brain-tumor-classification/data/raw/brain_mri/test/glioma_tumor/bright_img_529_1782.png,0,0,0.99676114
/Users/nafisebahoosh/Developer/DataScience/brain-tumor-classification/data/raw/brain_mri/test/glioma_tumor/bright_img_539_1793.png,0,3,0.38147917
/Users/nafisebahoosh/Developer/DataScience/brain-tumor-classification/data/raw/brain_mri/test/glioma_tumor/bright_img_544_1799.png,0,1,0.5399271
/Users/nafisebahoosh/Developer/DataScience/brain-tumor-classification/data/raw/brain_mri/test/glioma_tumor/bright_img_555_1811.png,0,0,0.8516445
/Users/nafisebahoosh/Developer/DataScience/brain-tumor-classification/data/raw/brain_mri/test/glioma_tumor/bright_img_55_1805.png,0,0,0.88109034
/Users/nafisebahoosh/Developer/DataScience/brain-tumor-classification/data/raw/brain_mri/test/glioma_tumor/bright_img_565_1822.png,0,0,0.95617527
/Users/nafisebahoosh/Developer/DataScience/brain-tumor-classification/data/raw/brain_mri/test/glioma_tumor/bright_img_572_1830.png,0,0,0.9629962
/Users/nafisebahoosh/Developer/DataScience/brain-tumor-classification/data/raw/brain_mri/test/glioma_tumor/bright_img_584_1843.png,0,0,0.71143436
/Users/nafisebahoosh/Developer/DataScience/brain-tumor-classification/data/raw/brain_mri/test/glioma_tumor/bright_img_58_11806.png,0,1,0.6387632
/Users/nafisebahoosh/Developer/DataScience/brain-tumor-classification/data/raw/brain_mri/test/glioma_tumor/bright_img_59_1849.png,0,0,0.98101735
/Users/nafisebahoosh/Developer/DataScience/brain-tumor-classification/data/raw/brain_mri/test/glioma_tumor/bright_img_602_1864.png,0,0,0.97167677
/Users/nafisebahoosh/Developer/DataScience/brain-tumor-classification/data/raw/brain_mri/test/glioma_tumor/bright_img_613_1876.png,0,0,0.9724087
/Users/nafisebahoosh/Developer/DataScience/brain-tumor-classification/data/raw/brain_mri/test/glioma_tumor/bright_img_652_1919.png,0,0,0.59647554
/Users/nafisebahoosh/Developer/DataScience/brain-tumor-classification/data/raw/brain_mri/test/glioma_tumor/bright_img_659_1926.png,0,0,0.9953492
/Users/nafisebahoosh/Developer/DataScience/brain-tumor-classification/data/raw/brain_mri/test/glioma_tumor/bright_img_667_1935.png,0,0,0.82758147
/Users/nafisebahoosh/Developer/DataScience/brain-tumor-classification/data/raw/brain_mri/test/glioma_tumor/bright_img_66_63.png,0,0,0.8551719
/Users/nafisebahoosh/Developer/DataScience/brain-tumor-classification/data/raw/brain_mri/test/glioma_tumor/bright_img_671_1940.png,0,0,0.9717621
/Users/nafisebahoosh/Developer/DataScience/brain-tumor-classification/data/raw/brain_mri/test/glioma_tumor/bright_img_686_1956.png,0,0,0.84712607
/Users/nafisebahoosh/Developer/DataScience/brain-tumor-classification/data/raw/brain_mri/test/glioma_tumor/bright_img_68_1949.png,0,0,0.90422046
/Users/nafisebahoosh/Developer/DataScience/brain-tumor-classification/data/raw/brain_mri/test/glioma_tumor/bright_img_70_68.png,0,0,0.5095295
/Users/nafisebahoosh/Developer/DataScience/brain-tumor-classification/data/raw/brain_mri/test/glioma_tumor/bright_img_714_1988.png,0,1,0.49681565
/Users/nafisebahoosh/Developer/DataScience/brain-tumor-classification/data/raw/brain_mri/test/glioma_tumor/bright_img_726_2001.png,0,0,0.9083046
/Users/nafisebahoosh/Developer/DataScience/brain-tumor-classification/data/raw/brain_mri/test/glioma_tumor/bright_img_72_1994.png,0,0,0.9720133
/Users/nafisebahoosh/Developer/DataScience/brain-tumor-classification/data/raw/brain_mri/test/glioma_tumor/bright_img_76_11826.png,0,0,0.9944571
/Users/nafisebahoosh/Developer/DataScience/brain-tumor-classification/data/raw/brain_mri/test/glioma_tumor/bright_img_79_11829.png,0,0,0.58501023
/Users/nafisebahoosh/Developer/DataScience/brain-tumor-classification/data/raw/brain_mri/test/glioma_tumor/bright_img_79_77.png,0,0,0.9126805
/Users/nafisebahoosh/Developer/DataScience/brain-tumor-classification/data/raw/brain_mri/test/glioma_tumor/bright_img_80_2020.png,0,0,0.99569905
/Users/nafisebahoosh/Developer/DataScience/brain-tumor-classification/data/raw/brain_mri/test/glioma_tumor/bright_img_81_11832.png,0,0,0.77256155
/Users/nafisebahoosh/Developer/DataScience/brain-tumor-classification/data/raw/brain_mri/test/glioma_tumor/bright_img_81_80.png,0,0,0.61150825
/Users/nafisebahoosh/Developer/DataScience/brain-tumor-classification/data/raw/brain_mri/test/glioma_tumor/bright_img_82_11833.png,0,1,0.53969276
/Users/nafisebahoosh/Developer/DataScience/brain-tumor-classification/data/raw/brain_mri/test/glioma_tumor/bright_img_87_2027.png,0,0,0.9768936
/Users/nafisebahoosh/Developer/DataScience/brain-tumor-classification/data/raw/brain_mri/test/glioma_tumor/flip_horz_104_2047.png,0,0,0.7221467
/Users/nafisebahoosh/Developer/DataScience/brain-tumor-classification/data/raw/brain_mri/test/glioma_tumor/flip_horz_10_11845.png,0,0,0.495021
/Users/nafisebahoosh/Developer/DataScience/brain-tumor-classification/data/raw/brain_mri/test/glioma_tumor/flip_horz_10_2042.png,0,0,0.5222532
/Users/nafisebahoosh/Developer/DataScience/brain-tumor-classification/data/raw/brain_mri/test/glioma_tumor/flip_horz_111_2055.png,0,0,0.9778106
/Users/nafisebahoosh/Developer/DataScience/brain-tumor-classification/data/raw/brain_mri/test/glioma_tumor/flip_horz_133_2079.png,0,0,0.9643729
/Users/nafisebahoosh/Developer/DataScience/brain-tumor-classification/data/raw/brain_mri/test/glioma_tumor/flip_horz_138_2084.png,0,2,0.36557868
/Users/nafisebahoosh/Developer/DataScience/brain-tumor-classification/data/raw/brain_mri/test/glioma_tumor/flip_horz_13_104.png,0,1,0.5675396
/Users/nafisebahoosh/Developer/DataScience/brain-tumor-classification/data/raw/brain_mri/test/glioma_tumor/flip_horz_172_2122.png,0,0,0.8408095
/Users/nafisebahoosh/Developer/DataScience/brain-tumor-classification/data/raw/brain_mri/test/glioma_tumor/flip_horz_175_2125.png,0,1,0.62723535
/Users/nafisebahoosh/Developer/DataScience/brain-tumor-classification/data/raw/brain_mri/test/glioma_tumor/flip_horz_194_2146.png,0,0,0.8950727
/Users/nafisebahoosh/Developer/DataScience/brain-tumor-classification/data/raw/brain_mri/test/glioma_tumor/flip_horz_196_2148.png,0,1,0.58620566
/Users/nafisebahoosh/Developer/DataScience/brain-tumor-classification/data/raw/brain_mri/test/glioma_tumor/flip_horz_207_2161.png,0,1,0.42655915
/Users/nafisebahoosh/Developer/DataScience/brain-tumor-classification/data/raw/brain_mri/test/glioma_tumor/flip_horz_210_2165.png,0,0,0.88923395
/Users/nafisebahoosh/Developer/DataScience/brain-tumor-classification/data/raw/brain_mri/test/glioma_tumor/flip_horz_213_2168.png,0,0,0.98619217
/Users/nafisebahoosh/Developer/DataScience/brain-tumor-classification/data/raw/brain_mri/test/glioma_tumor/flip_horz_214_2169.png,0,0,0.8890397
/Users/nafisebahoosh/Developer/DataScience/brain-tumor-classification/data/raw/brain_mri/test/glioma_tumor/flip_horz_21_113.png,0,0,0.98552275
/Users/nafisebahoosh/Developer/DataScience/brain-tumor-classification/data/raw/brain_mri/test/glioma_tumor/flip_horz_224_2180.png,0,0,0.5871799
/Users/nafisebahoosh/Developer/DataScience/brain-tumor-classification/data/raw/brain_mri/test/glioma_tumor/flip_horz_232_2189.png,0,0,0.97165257
/Users/nafisebahoosh/Developer/DataScience/brain-tumor-classification/data/raw/brain_mri/test/glioma_tumor/flip_horz_233_2190.png,0,0,0.8432961
/Users/nafisebahoosh/Developer/DataScience/brain-tumor-classification/data/raw/brain_mri/test/glioma_tumor/flip_horz_248_2206.png,0,1,0.585487
/Users/nafisebahoosh/Developer/DataScience/brain-tumor-classification/data/raw/brain_mri/test/glioma_tumor/flip_horz_250_2209.png,0,0,0.9003373
/Users/nafisebahoosh/Developer/DataScience/brain-tumor-classification/data/raw/brain_mri/test/glioma_tumor/flip_horz_259_2218.png,0,1,0.5199203
/Users/nafisebahoosh/Developer/DataScience/brain-tumor-classification/data/raw/brain_mri/test/glioma_tumor/flip_horz_264_2224.png,0,1,0.47228307
/Users/nafisebahoosh/Developer/DataScience/brain-tumor-classification/data/raw/brain_mri/test/glioma_tumor/flip_horz_26_2219.png,0,1,0.62545425
/Users/nafisebahoosh/Developer/DataScience/brain-tumor-classification/data/raw/brain_mri/test/glioma_tumor/flip_horz_270_2231.png,0,0,0.9915658
/Users/nafisebahoosh/Developer/DataScience/brain-tumor-classification/data/raw/brain_mri/test/glioma_tumor/flip_horz_280_2242.png,0,0,0.60516715
/Users/nafisebahoosh/Developer/DataScience/brain-tumor-classification/data/raw/brain_mri/test/glioma_tumor/flip_horz_297_2260.png,0,1,0.53873694
/Users/nafisebahoosh/Developer/DataScience/brain-tumor-classification/data/raw/brain_mri/test/glioma_tumor/flip_horz_306_2271.png,0,0,0.7081571
/Users/nafisebahoosh/Developer/DataScience/brain-tumor-classification/data/raw/brain_mri/test/glioma_tumor/flip_horz_314_2280.png,0,0,0.9184175
/Users/nafisebahoosh/Developer/DataScience/brain-tumor-classification/data/raw/brain_mri/test/glioma_tumor/flip_horz_315_2281.png,0,0,0.965195
/Users/nafisebahoosh/Developer/DataScience/brain-tumor-classification/data/raw/brain_mri/test/glioma_tumor/flip_horz_31_11868.png,0,0,0.561256
/Users/nafisebahoosh/Developer/DataScience/brain-tumor-classification/data/raw/brain_mri/test/glioma_tumor/flip_horz_352_2322.png,0,0,0.785752
/Users/nafisebahoosh/Developer/DataScience/brain-tumor-classification/data/raw/brain_mri/test/glioma_tumor/flip_horz_355_2325.png,0,0,0.8048472
/Users/nafisebahoosh/Developer/DataScience/brain-tumor-classification/data/raw/brain_mri/test/glioma_tumor/flip_horz_371_2343.png,0,0,0.9815917
/Users/nafisebahoosh/Developer/DataScience/brain-tumor-classification/data/raw/brain_mri/test/glioma_tumor/flip_horz_377_2349.png,0,0,0.8353644
/Users/nafisebahoosh/Developer/DataScience/brain-tumor-classification/data/raw/brain_mri/test/glioma_tumor/flip_horz_386_2359.png,0,0,0.9179643
/Users/nafisebahoosh/Developer/DataScience/brain-tumor-classification/data/raw/brain_mri/test/glioma_tumor/flip_horz_400_2376.png,0,0,0.7501709
/Users/nafisebahoosh/Developer/DataScience/brain-tumor-classification/data/raw/brain_mri/test/glioma_tumor/flip_horz_402_2378.png,0,1,0.63054377
/Users/nafisebahoosh/Developer/DataScience/brain-tumor-classification/data/raw/brain_mri/test/glioma_tumor/flip_horz_413_2390.png,0,0,0.8869404
/Users/nafisebahoosh/Developer/DataScience/brain-tumor-classification/data/raw/brain_mri/test/glioma_tumor/flip_horz_429_2407.png,0,0,0.91802824
/Users/nafisebahoosh/Developer/DataScience/brain-tumor-classification/data/raw/brain_mri/test/glioma_tumor/flip_horz_42_11880.png,0,0,0.97050935
/Users/nafisebahoosh/Developer/DataScience/brain-tumor-classification/data/raw/brain_mri/test/glioma_tumor/flip_horz_434_2413.png,0,0,0.91973674
/Users/nafisebahoosh/Developer/DataScience/brain-tumor-classification/data/raw/brain_mri/test/glioma_tumor/flip_horz_444_2424.png,0,0,0.8209304
/Users/nafisebahoosh/Developer/DataScience/brain-tumor-classification/data/raw/brain_mri/test/glioma_tumor/flip_horz_44_138.png,0,0,0.9937348
/Users/nafisebahoosh/Developer/DataScience/brain-tumor-classification/data/raw/brain_mri/test/glioma_tumor/flip_horz_44_2419.png,0,0,0.95437163
/Users/nafisebahoosh/Developer/DataScience/brain-tumor-classification/data/raw/brain_mri/test/glioma_tumor/flip_horz_45_11883.png,0,0,0.96622545
/Users/nafisebahoosh/Developer/DataScience/brain-tumor-classification/data/raw/brain_mri/test/glioma_tumor/flip_horz_462_2444.png,0,0,0.5766792
/Users/nafisebahoosh/Developer/DataScience/brain-tumor-classification/data/raw/brain_mri/test/glioma_tumor/flip_horz_493_2478.png,0,0,0.90828544
/Users/nafisebahoosh/Developer/DataScience/brain-tumor-classification/data/raw/brain_mri/test/glioma_tumor/flip_horz_4_11877.png,0,0,0.8507807
/Users/nafisebahoosh/Developer/DataScience/brain-tumor-classification/data/raw/brain_mri/test/glioma_tumor/flip_horz_503_2490.png,0,2,0.67962784
/Users/nafisebahoosh/Developer/DataScience/brain-tumor-classification/data/raw/brain_mri/test/glioma_tumor/flip_horz_509_2496.png,0,0,0.9693507
/Users/nafisebahoosh/Developer/DataScience/brain-tumor-classification/data/raw/brain_mri/test/glioma_tumor/flip_horz_516_2504.png,0,0,0.9855297
/Users/nafisebahoosh/Developer/DataScience/brain-tumor-classification/data/raw/brain_mri/test/glioma_tumor/flip_horz_522_2511.png,0,0,0.6702446
/Users/nafisebahoosh/Developer/DataScience/brain-tumor-classification/data/raw/brain_mri/test/glioma_tumor/flip_horz_526_2515.png,0,0,0.99365306
/Users/nafisebahoosh/Developer/DataScience/brain-tumor-classification/data/raw/brain_mri/test/glioma_tumor/flip_horz_529_2518.png,0,0,0.97604614
/Users/nafisebahoosh/Developer/DataScience/brain-tumor-classification/data/raw/brain_mri/test/glioma_tumor/flip_horz_539_2529.png,0,0,0.7682841
/Users/nafisebahoosh/Developer/DataScience/brain-tumor-classification/data/raw/brain_mri/test/glioma_tumor/flip_horz_543_2534.png,0,0,0.9591056
/Users/nafisebahoosh/Developer/DataScience/brain-tumor-classification/data/raw/brain_mri/test/glioma_tumor/flip_horz_55_2541.png,0,0,0.63868743
/Users/nafisebahoosh/Developer/DataScience/brain-tumor-classification/data/raw/brain_mri/test/glioma_tumor/flip_horz_560_2553.png,0,0,0.8142642
/Users/nafisebahoosh/Developer/DataScience/brain-tumor-classification/data/raw/brain_mri/test/glioma_tumor/flip_horz_56_151.png,0,0,0.9587989
/Users/nafisebahoosh/Developer/DataScience/brain-tumor-classification/data/raw/brain_mri/test/glioma_tumor/flip_horz_579_2573.png,0,0,0.9587508
/Users/nafisebahoosh/Developer/DataScience/brain-tumor-classification/data/raw/brain_mri/test/glioma_tumor/flip_horz_586_2581.png,0,0,0.84214646
/Users/nafisebahoosh/Developer/DataScience/brain-tumor-classification/data/raw/brain_mri/test/glioma_tumor/flip_horz_590_2586.png,0,0,0.97845984
/Users/nafisebahoosh/Developer/DataScience/brain-tumor-classification/data/raw/brain_mri/test/glioma_tumor/flip_horz_593_2589.png,0,0,0.8121221
/Users/nafisebahoosh/Developer/DataScience/brain-tumor-classification/data/raw/brain_mri/test/glioma_tumor/flip_horz_604_2602.png,0,0,0.59299845
/Users/nafisebahoosh/Developer/DataScience/brain-tumor-classification/data/raw/brain_mri/test/glioma_tumor/flip_horz_618_2617.png,0,1,0.6521709
/Users/nafisebahoosh/Developer/DataScience/brain-tumor-classification/data/raw/brain_mri/test/glioma_tumor/flip_horz_627_2627.png,0,1,0.5968995
/Users/nafisebahoosh/Developer/DataScience/brain-tumor-classification/data/raw/brain_mri/test/glioma_tumor/flip_horz_628_2628.png,0,0,0.57763547
/Users/nafisebahoosh/Developer/DataScience/brain-tumor-classification/data/raw/brain_mri/test/glioma_tumor/flip_horz_633_2634.png,0,0,0.97640806
/Users/nafisebahoosh/Developer/DataScience/brain-tumor-classification/data/raw/brain_mri/test/glioma_tumor/flip_horz_646_2648.png,0,0,0.3786609
/Users/nafisebahoosh/Developer/DataScience/brain-tumor-classification/data/raw/brain_mri/test/glioma_tumor/flip_horz_64_11904.png,0,0,0.96759963
/Users/nafisebahoosh/Developer/DataScience/brain-tumor-classification/data/raw/brain_mri/test/glioma_tumor/flip_horz_655_2658.png,0,3,0.40929615
/Users/nafisebahoosh/Developer/DataScience/brain-tumor-classification/data/raw/brain_mri/test/glioma_tumor/flip_horz_669_2673.png,0,0,0.7727309
/Users/nafisebahoosh/Developer/DataScience/brain-tumor-classification/data/raw/brain_mri/test/glioma_tumor/flip_horz_670_2675.png,0,1,0.6388473
/Users/nafisebahoosh/Developer/DataScience/brain-tumor-classification/data/raw/brain_mri/test/glioma_tumor/flip_horz_671_2676.png,0,0,0.95498484
/Users/nafisebahoosh/Developer/DataScience/brain-tumor-classification/data/raw/brain_mri/test/glioma_tumor/flip_horz_678_2683.png,0,1,0.47194865
/Users/nafisebahoosh/Developer/DataScience/brain-tumor-classification/data/raw/brain_mri/test/glioma_tumor/flip_horz_679_2684.png,0,0,0.6146449
/Users/nafisebahoosh/Developer/DataScience/brain-tumor-classification/data/raw/brain_mri/test/glioma_tumor/flip_horz_69_11909.png,0,1,0.6021781
/Users/nafisebahoosh/Developer/DataScience/brain-tumor-classification/data/raw/brain_mri/test/glioma_tumor/flip_horz_704_2713.png,0,0,0.4982586
/Users/nafisebahoosh/Developer/DataScience/brain-tumor-classification/data/raw/brain_mri/test/glioma_tumor/flip_horz_706_2715.png,0,0,0.99891293
/Users/nafisebahoosh/Developer/DataScience/brain-tumor-classification/data/raw/brain_mri/test/glioma_tumor/flip_horz_70_167.png,0,1,0.537715
/Users/nafisebahoosh/Developer/DataScience/brain-tumor-classification/data/raw/brain_mri/test/glioma_tumor/flip_horz_716_2726.png,0,0,0.6929768
/Users/nafisebahoosh/Developer/DataScience/brain-tumor-classification/data/raw/brain_mri/test/glioma_tumor/flip_horz_72_2730.png,0,0,0.9825104
/Users/nafisebahoosh/Developer/DataScience/brain-tumor-classification/data/raw/brain_mri/test/glioma_tumor/flip_horz_733_2745.png,0,0,0.9700665
/Users/nafisebahoosh/Developer/DataScience/brain-tumor-classification/data/raw/brain_mri/test/glioma_tumor/flip_horz_73_170.png,0,0,0.53157187
/Users/nafisebahoosh/Developer/DataScience/brain-tumor-classification/data/raw/brain_mri/test/glioma_tumor/flip_horz_82_11924.png,0,1,0.5222193
/Users/nafisebahoosh/Developer/DataScience/brain-tumor-classification/data/raw/brain_mri/test/glioma_tumor/flip_horz_85_2761.png,0,0,0.94939077
/Users/nafisebahoosh/Developer/DataScience/brain-tumor-classification/data/raw/brain_mri/test/glioma_tumor/flip_horz_86_184.png,0,0,0.9920408
/Users/nafisebahoosh/Developer/DataScience/brain-tumor-classification/data/raw/brain_mri/test/glioma_tumor/flip_vert_103_2782.png,0,0,0.8412046
/Users/nafisebahoosh/Developer/DataScience/brain-tumor-classification/data/raw/brain_mri/test/glioma_tumor/flip_vert_104_2783.png,0,1,0.6035027
/Users/nafisebahoosh/Developer/DataScience/brain-tumor-classification/data/raw/brain_mri/test/glioma_tumor/flip_vert_105_2784.png,0,0,0.9596114
/Users/nafisebahoosh/Developer/DataScience/brain-tumor-classification/data/raw/brain_mri/test/glioma_tumor/flip_vert_10_2778.png,0,0,0.70146626
/Users/nafisebahoosh/Developer/DataScience/brain-tumor-classification/data/raw/brain_mri/test/glioma_tumor/flip_vert_11_11937.png,0,0,0.78732413
/Users/nafisebahoosh/Developer/DataScience/brain-tumor-classification/data/raw/brain_mri/test/glioma_tumor/flip_vert_137_2819.png,0,0,0.97631866
/Users/nafisebahoosh/Developer/DataScience/brain-tumor-classification/data/raw/brain_mri/test/glioma_tumor/flip_vert_13_203.png,0,1,0.5274425
/Users/nafisebahoosh/Developer/DataScience/brain-tumor-classification/data/raw/brain_mri/test/glioma_tumor/flip_vert_161_2846.png,0,0,0.52188903
/Users/nafisebahoosh/Developer/DataScience/brain-tumor-classification/data/raw/brain_mri/test/glioma_tumor/flip_vert_180_2867.png,0,0,0.9788184
/Users/nafisebahoosh/Developer/DataScience/brain-tumor-classification/data/raw/brain_mri/test/glioma_tumor/flip_vert_184_2871.png,0,0,0.9707826
/Users/nafisebahoosh/Developer/DataScience/brain-tumor-classification/data/raw/brain_mri/test/glioma_tumor/flip_vert_195_2883.png,0,0,0.991626
/Users/nafisebahoosh/Developer/DataScience/brain-tumor-classification/data/raw/brain_mri/test/glioma_tumor/flip_vert_199_2887.png,0,0,0.90388405
/Users/nafisebahoosh/Developer/DataScience/brain-tumor-classification/data/raw/brain_mri/test/glioma_tumor/flip_vert_19_11945.png,0,0,0.9780743
/Users/nafisebahoosh/Developer/DataScience/brain-tumor-classification/data/raw/brain_mri/test/glioma_tumor/flip_vert_1_199.png,0,0,0.9348957
/Users/nafisebahoosh/Developer/DataScience/brain-tumor-classification/data/raw/brain_mri/test/glioma_tumor/flip_vert_204_2894.png,0,0,0.8237158
/Users/nafisebahoosh/Developer/DataScience/brain-tumor-classification/data/raw/brain_mri/test/glioma_tumor/flip_vert_207_2897.png,0,0,0.69070834
/Users/nafisebahoosh/Developer/DataScience/brain-tumor-classification/data/raw/brain_mri/test/glioma_tumor/flip_vert_20_11947.png,0,0,0.66359174
/Users/nafisebahoosh/Developer/DataScience/brain-tumor-classification/data/raw/brain_mri/test/glioma_tumor/flip_vert_21_11948.png,0,0,0.9931427
/Users/nafisebahoosh/Developer/DataScience/brain-tumor-classification/data/raw/brain_mri/test/glioma_tumor/flip_vert_233_2926.png,0,0,0.960382
/Users/nafisebahoosh/Developer/DataScience/brain-tumor-classification/data/raw/brain_mri/test/glioma_tumor/flip_vert_234_2927.png,0,2,0.7446612
/Users/nafisebahoosh/Developer/DataScience/brain-tumor-classification/data/raw/brain_mri/test/glioma_tumor/flip_vert_23_2922.png,0,0,0.97822124
/Users/nafisebahoosh/Developer/DataScience/brain-tumor-classification/data/raw/brain_mri/test/glioma_tumor/flip_vert_243_2937.png,0,0,0.8192088
/Users/nafisebahoosh/Developer/DataScience/brain-tumor-classification/data/raw/brain_mri/test/glioma_tumor/flip_vert_24_215.png,0,0,0.95368844
/Users/nafisebahoosh/Developer/DataScience/brain-tumor-classification/data/raw/brain_mri/test/glioma_tumor/flip_vert_24_2933.png,0,3,0.6233684
/Users/nafisebahoosh/Developer/DataScience/brain-tumor-classification/data/raw/brain_mri/test/glioma_tumor/flip_vert_256_2951.png,0,0,0.9249172
/Users/nafisebahoosh/Developer/DataScience/brain-tumor-classification/data/raw/brain_mri/test/glioma_tumor/flip_vert_25_216.png,0,0,0.98687047
/Users/nafisebahoosh/Developer/DataScience/brain-tumor-classification/data/raw/brain_mri/test/glioma_tumor/flip_vert_265_2961.png,0,0,0.98606503
/Users/nafisebahoosh/Developer/DataScience/brain-tumor-classification/data/raw/brain_mri/test/glioma_tumor/flip_vert_269_2965.png,0,0,0.975409
/Users/nafisebahoosh/Developer/DataScience/brain-tumor-classification/data/raw/brain_mri/test/glioma_tumor/flip_vert_26_11953.png,0,0,0.59449923
/Users/nafisebahoosh/Developer/DataScience/brain-tumor-classification/data/raw/brain_mri/test/glioma_tumor/flip_vert_27_218.png,0,1,0.629155
/Users/nafisebahoosh/Developer/DataScience/brain-tumor-classification/data/raw/brain_mri/test/glioma_tumor/flip_vert_27_2966.png,0,1,0.7490119
/Users/nafisebahoosh/Developer/DataScience/brain-tumor-classification/data/raw/brain_mri/test/glioma_tumor/flip_vert_303_3004.png,0,0,0.4767578
/Users/nafisebahoosh/Developer/DataScience/brain-tumor-classification/data/raw/brain_mri/test/glioma_tumor/flip_vert_307_3008.png,0,1,0.4905427
/Users/nafisebahoosh/Developer/DataScience/brain-tumor-classification/data/raw/brain_mri/test/glioma_tumor/flip_vert_31_223.png,0,0,0.6010169
/Users/nafisebahoosh/Developer/DataScience/brain-tumor-classification/data/raw/brain_mri/test/glioma_tumor/flip_vert_327_3030.png,0,0,0.99829084
/Users/nafisebahoosh/Developer/DataScience/brain-tumor-classification/data/raw/brain_mri/test/glioma_tumor/flip_vert_333_3037.png,0,0,0.9587597
/Users/nafisebahoosh/Developer/DataScience/brain-tumor-classification/data/raw/brain_mri/test/glioma_tumor/flip_vert_33_225.png,0,1,0.71967036
/Users/nafisebahoosh/Developer/DataScience/brain-tumor-classification/data/raw/brain_mri/test/glioma_tumor/flip_vert_340_3045.png,0,0,0.80554044
/Users/nafisebahoosh/Developer/DataScience/brain-tumor-classification/data/raw/brain_mri/test/glioma_tumor/flip_vert_347_3052.png,0,0,0.982589
/Users/nafisebahoosh/Developer/DataScience/brain-tumor-classification/data/raw/brain_mri/test/glioma_tumor/flip_vert_34_226.png,0,0,0.6453863
/Users/nafisebahoosh/Developer/DataScience/brain-tumor-classification/data/raw/brain_mri/test/glioma_tumor/flip_vert_359_3065.png,0,0,0.9568428
/Users/nafisebahoosh/Developer/DataScience/brain-tumor-classification/data/raw/brain_mri/test/glioma_tumor/flip_vert_35_3055.png,0,1,0.40186018
/Users/nafisebahoosh/Developer/DataScience/brain-tumor-classification/data/raw/brain_mri/test/glioma_tumor/flip_vert_374_3082.png,0,0,0.790937
/Users/nafisebahoosh/Developer/DataScience/brain-tumor-classification/data/raw/brain_mri/test/glioma_tumor/flip_vert_37_229.png,0,2,0.8656674
/Users/nafisebahoosh/Developer/DataScience/brain-tumor-classification/data/raw/brain_mri/test/glioma_tumor/flip_vert_381_3090.png,0,0,0.47243688
/Users/nafisebahoosh/Developer/DataScience/brain-tumor-classification/data/raw/brain_mri/test/glioma_tumor/flip_vert_391_3101.png,0,0,0.98339766
/Users/nafisebahoosh/Developer/DataScience/brain-tumor-classification/data/raw/brain_mri/test/glioma_tumor/flip_vert_427_3141.png,0,0,0.994827
/Users/nafisebahoosh/Developer/DataScience/brain-tumor-classification/data/raw/brain_mri/test/glioma_tumor/flip_vert_431_3146.png,0,0,0.9274312
/Users/nafisebahoosh/Developer/DataScience/brain-tumor-classification/data/raw/brain_mri/test/glioma_tumor/flip_vert_436_3151.png,0,1,0.50176734
/Users/nafisebahoosh/Developer/DataScience/brain-tumor-classification/data/raw/brain_mri/test/glioma_tumor/flip_vert_43_11972.png,0,0,0.9147427
/Users/nafisebahoosh/Developer/DataScience/brain-tumor-classification/data/raw/brain_mri/test/glioma_tumor/flip_vert_45_11974.png,0,0,0.94810176
/Users/nafisebahoosh/Developer/DataScience/brain-tumor-classification/data/raw/brain_mri/test/glioma_tumor/flip_vert_466_3184.png,0,0,0.7105765
/Users/nafisebahoosh/Developer/DataScience/brain-tumor-classification/data/raw/brain_mri/test/glioma_tumor/flip_vert_471_3190.png,0,0,0.83195394
/Users/nafisebahoosh/Developer/DataScience/brain-tumor-classification/data/raw/brain_mri/test/glioma_tumor/flip_vert_472_3191.png,0,0,0.9334851
/Users/nafisebahoosh/Developer/DataScience/brain-tumor-classification/data/raw/brain_mri/test/glioma_tumor/flip_vert_4_3110.png,0,0,0.7547047
/Users/nafisebahoosh/Developer/DataScience/brain-tumor-classification/data/raw/brain_mri/test/glioma_tumor/flip_vert_500_3223.png,0,0,0.9946003
/Users/nafisebahoosh/Developer/DataScience/brain-tumor-classification/data/raw/brain_mri/test/glioma_tumor/flip_vert_512_3236.png,0,0,0.9452677
/Users/nafisebahoosh/Developer/DataScience/brain-tumor-classification/data/raw/brain_mri/test/glioma_tumor/flip_vert_523_3248.png,0,1,0.50176734
/Users/nafisebahoosh/Developer/DataScience/brain-tumor-classification/data/raw/brain_mri/test/glioma_tumor/flip_vert_530_3256.png,0,0,0.53416836
/Users/nafisebahoosh/Developer/DataScience/brain-tumor-classification/data/raw/brain_mri/test/glioma_tumor/flip_vert_540_3267.png,0,0,0.9788672
/Users/nafisebahoosh/Developer/DataScience/brain-tumor-classification/data/raw/brain_mri/test/glioma_tumor/flip_vert_592_3324.png,0,0,0.9495379
/Users/nafisebahoosh/Developer/DataScience/brain-tumor-classification/data/raw/brain_mri/test/glioma_tumor/flip_vert_599_3331.png,0,0,0.77473664
/Users/nafisebahoosh/Developer/DataScience/brain-tumor-classification/data/raw/brain_mri/test/glioma_tumor/flip_vert_59_3321.png,0,0,0.9948086
/Users/nafisebahoosh/Developer/DataScience/brain-tumor-classification/data/raw/brain_mri/test/glioma_tumor/flip_vert_609_3343.png,0,0,0.8815062
/Users/nafisebahoosh/Developer/DataScience/brain-tumor-classification/data/raw/brain_mri/test/glioma_tumor/flip_vert_612_3347.png,0,0,0.5263757
/Users/nafisebahoosh/Developer/DataScience/brain-tumor-classification/data/raw/brain_mri/test/glioma_tumor/flip_vert_616_3351.png,0,0,0.9887438
/Users/nafisebahoosh/Developer/DataScience/brain-tumor-classification/data/raw/brain_mri/test/glioma_tumor/flip_vert_624_3360.png,0,0,0.99097365
/Users/nafisebahoosh/Developer/DataScience/brain-tumor-classification/data/raw/brain_mri/test/glioma_tumor/flip_vert_62_11993.png,0,0,0.7293408
/Users/nafisebahoosh/Developer/DataScience/brain-tumor-classification/data/raw/brain_mri/test/glioma_tumor/flip_vert_63_11994.png,0,0,0.9663234
/Users/nafisebahoosh/Developer/DataScience/brain-tumor-classification/data/raw/brain_mri/test/glioma_tumor/flip_vert_641_3379.png,0,0,0.9332124
/Users/nafisebahoosh/Developer/DataScience/brain-tumor-classification/data/raw/brain_mri/test/glioma_tumor/flip_vert_644_3382.png,0,0,0.96030223
/Users/nafisebahoosh/Developer/DataScience/brain-tumor-classification/data/raw/brain_mri/test/glioma_tumor/flip_vert_64_259.png,0,1,0.58951735
/Users/nafisebahoosh/Developer/DataScience/brain-tumor-classification/data/raw/brain_mri/test/glioma_tumor/flip_vert_65_260.png,0,0,0.9905099
/Users/nafisebahoosh/Developer/DataScience/brain-tumor-classification/data/raw/brain_mri/test/glioma_tumor/flip_vert_671_3412.png,0,0,0.9470178
/Users/nafisebahoosh/Developer/DataScience/brain-tumor-classification/data/raw/brain_mri/test/glioma_tumor/flip_vert_674_3415.png,0,0,0.93096733
/Users/nafisebahoosh/Developer/DataScience/brain-tumor-classification/data/raw/brain_mri/test/glioma_tumor/flip_vert_677_3418.png,0,1,0.68519837
/Users/nafisebahoosh/Developer/DataScience/brain-tumor-classification/data/raw/brain_mri/test/glioma_tumor/flip_vert_684_3426.png,0,0,0.99634403
/Users/nafisebahoosh/Developer/DataScience/brain-tumor-classification/data/raw/brain_mri/test/glioma_tumor/flip_vert_688_3430.png,0,0,0.4920889
/Users/nafisebahoosh/Developer/DataScience/brain-tumor-classification/data/raw/brain_mri/test/glioma_tumor/flip_vert_695_3438.png,0,0,0.91930616
/Users/nafisebahoosh/Developer/DataScience/brain-tumor-classification/data/raw/brain_mri/test/glioma_tumor/flip_vert_69_264.png,0,0,0.91840285
/Users/nafisebahoosh/Developer/DataScience/brain-tumor-classification/data/raw/brain_mri/test/glioma_tumor/flip_vert_701_3446.png,0,0,0.95692444
/Users/nafisebahoosh/Developer/DataScience/brain-tumor-classification/data/raw/brain_mri/test/glioma_tumor/flip_vert_705_3450.png,0,0,0.98070574
/Users/nafisebahoosh/Developer/DataScience/brain-tumor-classification/data/raw/brain_mri/test/glioma_tumor/flip_vert_70_266.png,0,0,0.583152
/Users/nafisebahoosh/Developer/DataScience/brain-tumor-classification/data/raw/brain_mri/test/glioma_tumor/flip_vert_70_3444.png,0,0,0.5663215
/Users/nafisebahoosh/Developer/DataScience/brain-tumor-classification/data/raw/brain_mri/test/glioma_tumor/flip_vert_710_3456.png,0,0,0.8862005
/Users/nafisebahoosh/Developer/DataScience/brain-tumor-classification/data/raw/brain_mri/test/glioma_tumor/flip_vert_711_3457.png,0,0,0.9977404
/Users/nafisebahoosh/Developer/DataScience/brain-tumor-classification/data/raw/brain_mri/test/glioma_tumor/flip_vert_721_3468.png,0,0,0.95733863
/Users/nafisebahoosh/Developer/DataScience/brain-tumor-classification/data/raw/brain_mri/test/glioma_tumor/flip_vert_727_3474.png,0,0,0.8736309
/Users/nafisebahoosh/Developer/DataScience/brain-tumor-classification/data/raw/brain_mri/test/glioma_tumor/flip_vert_72_12004.png,0,0,0.9892763
/Users/nafisebahoosh/Developer/DataScience/brain-tumor-classification/data/raw/brain_mri/test/glioma_tumor/flip_vert_74_270.png,0,0,0.55537933
/Users/nafisebahoosh/Developer/DataScience/brain-tumor-classification/data/raw/brain_mri/test/glioma_tumor/flip_vert_7_3443.png,0,0,0.9271618
/Users/nafisebahoosh/Developer/DataScience/brain-tumor-classification/data/raw/brain_mri/test/glioma_tumor/flip_vert_81_278.png,0,0,0.81930083
/Users/nafisebahoosh/Developer/DataScience/brain-tumor-classification/data/raw/brain_mri/test/glioma_tumor/flip_vert_84_3496.png,0,0,0.6658312
/Users/nafisebahoosh/Developer/DataScience/brain-tumor-classification/data/raw/brain_mri/test/glioma_tumor/flip_vert_88_12021.png,0,0,0.63630664
/Users/nafisebahoosh/Developer/DataScience/brain-tumor-classification/data/raw/brain_mri/test/glioma_tumor/flip_vert_8_3491.png,0,0,0.95228446
/Users/nafisebahoosh/Developer/DataScience/brain-tumor-classification/data/raw/brain_mri/test/glioma_tumor/flip_vert_96_294.png,0,0,0.953419
/Users/nafisebahoosh/Developer/DataScience/brain-tumor-classification/data/raw/brain_mri/test/glioma_tumor/original_101_3516.png,0,0,0.9733434
/Users/nafisebahoosh/Developer/DataScience/brain-tumor-classification/data/raw/brain_mri/test/glioma_tumor/original_119_3535.png,0,0,0.6405486
/Users/nafisebahoosh/Developer/DataScience/brain-tumor-classification/data/raw/brain_mri/test/glioma_tumor/original_13_3547.png,0,0,0.9677374
/Users/nafisebahoosh/Developer/DataScience/brain-tumor-classification/data/raw/brain_mri/test/glioma_tumor/original_141_3560.png,0,0,0.5066691
/Users/nafisebahoosh/Developer/DataScience/brain-tumor-classification/data/raw/brain_mri/test/glioma_tumor/original_14_303.png,0,1,0.6019669
/Users/nafisebahoosh/Developer/DataScience/brain-tumor-classification/data/raw/brain_mri/test/glioma_tumor/original_159_3579.png,0,0,0.98390734
/Users/nafisebahoosh/Developer/DataScience/brain-tumor-classification/data/raw/brain_mri/test/glioma_tumor/original_181_3604.png,0,0,0.4705272
/Users/nafisebahoosh/Developer/DataScience/brain-tumor-classification/data/raw/brain_mri/test/glioma_tumor/original_186_3609.png,0,1,0.7112114
/Users/nafisebahoosh/Developer/DataScience/brain-tumor-classification/data/raw/brain_mri/test/glioma_tumor/original_187_3610.png,0,1,0.5744838
/Users/nafisebahoosh/Developer/DataScience/brain-tumor-classification/data/raw/brain_mri/test/glioma_tumor/original_191_3615.png,0,0,0.6764056
/Users/nafisebahoosh/Developer/DataScience/brain-tumor-classification/data/raw/brain_mri/test/glioma_tumor/original_192_3616.png,0,0,0.99240863
/Users/nafisebahoosh/Developer/DataScience/brain-tumor-classification/data/raw/brain_mri/test/glioma_tumor/original_203_3629.png,0,0,0.88951105
/Users/nafisebahoosh/Developer/DataScience/brain-tumor-classification/data/raw/brain_mri/test/glioma_tumor/original_206_3632.png,0,0,0.99702066
/Users/nafisebahoosh/Developer/DataScience/brain-tumor-classification/data/raw/brain_mri/test/glioma_tumor/original_213_3640.png,0,0,0.9718502
/Users/nafisebahoosh/Developer/DataScience/brain-tumor-classification/data/raw/brain_mri/test/glioma_tumor/original_226_3654.png,0,0,0.7035206
/Users/nafisebahoosh/Developer/DataScience/brain-tumor-classification/data/raw/brain_mri/test/glioma_tumor/original_229_3657.png,0,0,0.9161286
/Users/nafisebahoosh/Developer/DataScience/brain-tumor-classification/data/raw/brain_mri/test/glioma_tumor/original_237_3666.png,0,0,0.96998066
/Users/nafisebahoosh/Developer/DataScience/brain-tumor-classification/data/raw/brain_mri/test/glioma_tumor/original_245_3675.png,0,0,0.9972881
/Users/nafisebahoosh/Developer/DataScience/brain-tumor-classification/data/raw/brain_mri/test/glioma_tumor/original_24_3669.png,0,3,0.54806197
/Users/nafisebahoosh/Developer/DataScience/brain-tumor-classification/data/raw/brain_mri/test/glioma_tumor/original_251_3682.png,0,0,0.49037713
/Users/nafisebahoosh/Developer/DataScience/brain-tumor-classification/data/raw/brain_mri/test/glioma_tumor/original_253_3684.png,0,0,0.7384279
/Users/nafisebahoosh/Developer/DataScience/brain-tumor-classification/data/raw/brain_mri/test/glioma_tumor/original_262_3694.png,0,0,0.86649114
/Users/nafisebahoosh/Developer/DataScience/brain-tumor-classification/data/raw/brain_mri/test/glioma_tumor/original_274_3707.png,0,1,0.67441237
/Users/nafisebahoosh/Developer/DataScience/brain-tumor-classification/data/raw/brain_mri/test/glioma_tumor/original_27_12045.png,0,0,0.9801997
/Users/nafisebahoosh/Developer/DataScience/brain-tumor-classification/data/raw/brain_mri/test/glioma_tumor/original_289_3723.png,0,1,0.7546059
/Users/nafisebahoosh/Developer/DataScience/brain-tumor-classification/data/raw/brain_mri/test/glioma_tumor/original_28_12046.png,0,0,0.48801073
/Users/nafisebahoosh/Developer/DataScience/brain-tumor-classification/data/raw/brain_mri/test/glioma_tumor/original_293_3728.png,0,0,0.49618432
/Users/nafisebahoosh/Developer/DataScience/brain-tumor-classification/data/raw/brain_mri/test/glioma_tumor/original_310_3748.png,0,0,0.45653537
/Users/nafisebahoosh/Developer/DataScience/brain-tumor-classification/data/raw/brain_mri/test/glioma_tumor/original_313_3751.png,0,0,0.9635193
/Users/nafisebahoosh/Developer/DataScience/brain-tumor-classification/data/raw/brain_mri/test/glioma_tumor/original_32_3758.png,0,0,0.9240284
/Users/nafisebahoosh/Developer/DataScience/brain-tumor-classification/data/raw/brain_mri/test/glioma_tumor/original_341_3782.png,0,0,0.84083194
/Users/nafisebahoosh/Developer/DataScience/brain-tumor-classification/data/raw/brain_mri/test/glioma_tumor/original_34_3780.png,0,0,0.519544
/Users/nafisebahoosh/Developer/DataScience/brain-tumor-classification/data/raw/brain_mri/test/glioma_tumor/original_362_3805.png,0,0,0.605654
/Users/nafisebahoosh/Developer/DataScience/brain-tumor-classification/data/raw/brain_mri/test/glioma_tumor/original_364_3807.png,0,0,0.9867383
/Users/nafisebahoosh/Developer/DataScience/brain-tumor-classification/data/raw/brain_mri/test/glioma_tumor/original_36_3802.png,0,0,0.9916334
/Users/nafisebahoosh/Developer/DataScience/brain-tumor-classification/data/raw/brain_mri/test/glioma_tumor/original_371_3815.png,0,0,0.96468884
/Users/nafisebahoosh/Developer/DataScience/brain-tumor-classification/data/raw/brain_mri/test/glioma_tumor/original_37_3813.png,0,0,0.93220335
/Users/nafisebahoosh/Developer/DataScience/brain-tumor-classification/data/raw/brain_mri/test/glioma_tumor/original_390_3836.png,0,0,0.98713046
/Users/nafisebahoosh/Developer/DataScience/brain-tumor-classification/data/raw/brain_mri/test/glioma_tumor/original_401_3849.png,0,0,0.5530378
/Users/nafisebahoosh/Developer/DataScience/brain-tumor-classification/data/raw/brain_mri/test/glioma_tumor/original_403_3851.png,0,0,0.91676664
/Users/nafisebahoosh/Developer/DataScience/brain-tumor-classification/data/raw/brain_mri/test/glioma_tumor/original_407_3855.png,0,0,0.9556548
/Users/nafisebahoosh/Developer/DataScience/brain-tumor-classification/data/raw/brain_mri/test/glioma_tumor/original_40_332.png,0,0,0.84605175
/Users/nafisebahoosh/Developer/DataScience/brain-tumor-classification/data/raw/brain_mri/test/glioma_tumor/original_412_3861.png,0,0,0.9952721
/Users/nafisebahoosh/Developer/DataScience/brain-tumor-classification/data/raw/brain_mri/test/glioma_tumor/original_426_3876.png,0,1,0.91473705
/Users/nafisebahoosh/Developer/DataScience/brain-tumor-classification/data/raw/brain_mri/test/glioma_tumor/original_42_334.png,0,0,0.9733795
/Users/nafisebahoosh/Developer/DataScience/brain-tumor-classification/data/raw/brain_mri/test/glioma_tumor/original_440_3892.png,0,0,0.98979795
/Users/nafisebahoosh/Developer/DataScience/brain-tumor-classification/data/raw/brain_mri/test/glioma_tumor/original_44_12064.png,0,0,0.5708772
/Users/nafisebahoosh/Developer/DataScience/brain-tumor-classification/data/raw/brain_mri/test/glioma_tumor/original_455_3908.png,0,1,0.5189236
/Users/nafisebahoosh/Developer/DataScience/brain-tumor-classification/data/raw/brain_mri/test/glioma_tumor/original_47_12067.png,0,0,0.9779214
/Users/nafisebahoosh/Developer/DataScience/brain-tumor-classification/data/raw/brain_mri/test/glioma_tumor/original_480_3936.png,0,0,0.63777936
/Users/nafisebahoosh/Developer/DataScience/brain-tumor-classification/data/raw/brain_mri/test/glioma_tumor/original_482_3938.png,0,0,0.7796573
/Users/nafisebahoosh/Developer/DataScience/brain-tumor-classification/data/raw/brain_mri/test/glioma_tumor/original_486_3942.png,0,0,0.98349136
/Users/nafisebahoosh/Developer/DataScience/brain-tumor-classification/data/raw/brain_mri/test/glioma_tumor/original_491_3948.png,0,0,0.9780969
/Users/nafisebahoosh/Developer/DataScience/brain-tumor-classification/data/raw/brain_mri/test/glioma_tumor/original_495_3952.png,0,0,0.7142775
/Users/nafisebahoosh/Developer/DataScience/brain-tumor-classification/data/raw/brain_mri/test/glioma_tumor/original_4_331.png,0,0,0.43601874
/Users/nafisebahoosh/Developer/DataScience/brain-tumor-classification/data/raw/brain_mri/test/glioma_tumor/original_501_3960.png,0,0,0.9956636
/Users/nafisebahoosh/Developer/DataScience/brain-tumor-classification/data/raw/brain_mri/test/glioma_tumor/original_518_3978.png,0,0,0.5936713
/Users/nafisebahoosh/Developer/DataScience/brain-tumor-classification/data/raw/brain_mri/test/glioma_tumor/original_521_3982.png,0,0,0.75032437
/Users/nafisebahoosh/Developer/DataScience/brain-tumor-classification/data/raw/brain_mri/test/glioma_tumor/original_530_3992.png,0,0,0.83423054
/Users/nafisebahoosh/Developer/DataScience/brain-tumor-classification/data/raw/brain_mri/test/glioma_tumor/original_543_4006.png,0,0,0.98969895
/Users/nafisebahoosh/Developer/DataScience/brain-tumor-classification/data/raw/brain_mri/test/glioma_tumor/original_555_4019.png,0,0,0.7737021
/Users/nafisebahoosh/Developer/DataScience/brain-tumor-classification/data/raw/brain_mri/test/glioma_tumor/original_556_4020.png,0,1,0.37709555
/Users/nafisebahoosh/Developer/DataScience/brain-tumor-classification/data/raw/brain_mri/test/glioma_tumor/original_571_4037.png,0,0,0.99842703
/Users/nafisebahoosh/Developer/DataScience/brain-tumor-classification/data/raw/brain_mri/test/glioma_tumor/original_574_4040.png,0,0,0.96171147
/Users/nafisebahoosh/Developer/DataScience/brain-tumor-classification/data/raw/brain_mri/test/glioma_tumor/original_575_4041.png,0,0,0.9166884
/Users/nafisebahoosh/Developer/DataScience/brain-tumor-classification/data/raw/brain_mri/test/glioma_tumor/original_587_4054.png,0,0,0.89802706
/Users/nafisebahoosh/Developer/DataScience/brain-tumor-classification/data/raw/brain_mri/test/glioma_tumor/original_590_4058.png,0,0,0.9790749
/Users/nafisebahoosh/Developer/DataScience/brain-tumor-classification/data/raw/brain_mri/test/glioma_tumor/original_59_352.png,0,2,0.9511645
/Users/nafisebahoosh/Developer/DataScience/brain-tumor-classification/data/raw/brain_mri/test/glioma_tumor/original_59_4057.png,0,0,0.9680997
/Users/nafisebahoosh/Developer/DataScience/brain-tumor-classification/data/raw/brain_mri/test/glioma_tumor/original_605_4075.png,0,0,0.6040566
/Users/nafisebahoosh/Developer/DataScience/brain-tumor-classification/data/raw/brain_mri/test/glioma_tumor/original_60_12082.png,0,0,0.9829463
/Users/nafisebahoosh/Developer/DataScience/brain-tumor-classification/data/raw/brain_mri/test/glioma_tumor/original_615_4086.png,0,3,0.6719191
/Users/nafisebahoosh/Developer/DataScience/brain-tumor-classification/data/raw/brain_mri/test/glioma_tumor/original_635_4108.png,0,0,0.9564944
/Users/nafisebahoosh/Developer/DataScience/brain-tumor-classification/data/raw/brain_mri/test/glioma_tumor/original_637_4110.png,0,0,0.9912582
/Users/nafisebahoosh/Developer/DataScience/brain-tumor-classification/data/raw/brain_mri/test/glioma_tumor/original_643_4117.png,0,0,0.96594644
/Users/nafisebahoosh/Developer/DataScience/brain-tumor-classification/data/raw/brain_mri/test/glioma_tumor/original_645_4119.png,0,0,0.9931299
/Users/nafisebahoosh/Developer/DataScience/brain-tumor-classification/data/raw/brain_mri/test/glioma_tumor/original_64_12086.png,0,0,0.87513286
/Users/nafisebahoosh/Developer/DataScience/brain-tumor-classification/data/raw/brain_mri/test/glioma_tumor/original_657_4132.png,0,0,0.99358714
/Users/nafisebahoosh/Developer/DataScience/brain-tumor-classification/data/raw/brain_mri/test/glioma_tumor/original_663_4139.png,0,0,0.9792132
/Users/nafisebahoosh/Developer/DataScience/brain-tumor-classification/data/raw/brain_mri/test/glioma_tumor/original_671_4148.png,0,0,0.96578485
/Users/nafisebahoosh/Developer/DataScience/brain-tumor-classification/data/raw/brain_mri/test/glioma_tumor/original_686_4164.png,0,0,0.86458945
/Users/nafisebahoosh/Developer/DataScience/brain-tumor-classification/data/raw/brain_mri/test/glioma_tumor/original_687_4165.png,0,0,0.99253476
/Users/nafisebahoosh/Developer/DataScience/brain-tumor-classification/data/raw/brain_mri/test/glioma_tumor/original_68_362.png,0,0,0.9769349
/Users/nafisebahoosh/Developer/DataScience/brain-tumor-classification/data/raw/brain_mri/test/glioma_tumor/original_68_4157.png,0,0,0.8844753
/Users/nafisebahoosh/Developer/DataScience/brain-tumor-classification/data/raw/brain_mri/test/glioma_tumor/original_693_4172.png,0,0,0.878315
/Users/nafisebahoosh/Developer/DataScience/brain-tumor-classification/data/raw/brain_mri/test/glioma_tumor/original_695_4174.png,0,0,0.9857964
/Users/nafisebahoosh/Developer/DataScience/brain-tumor-classification/data/raw/brain_mri/test/glioma_tumor/original_708_4189.png,0,1,0.62073195
/Users/nafisebahoosh/Developer/DataScience/brain-tumor-classification/data/raw/brain_mri/test/glioma_tumor/original_717_4199.png,0,0,0.5167596
/Users/nafisebahoosh/Developer/DataScience/brain-tumor-classification/data/raw/brain_mri/test/glioma_tumor/original_725_4208.png,0,0,0.9669816
/Users/nafisebahoosh/Developer/DataScience/brain-tumor-classification/data/raw/brain_mri/test/glioma_tumor/original_729_4212.png,0,0,0.9835255
/Users/nafisebahoosh/Developer/DataScience/brain-tumor-classification/data/raw/brain_mri/test/glioma_tumor/original_73_12096.png,0,0,0.6260243
/Users/nafisebahoosh/Developer/DataScience/brain-tumor-classification/data/raw/brain_mri/test/glioma_tumor/original_91_4240.png,0,0,0.9843311
/Users/nafisebahoosh/Developer/DataScience/brain-tumor-classification/data/raw/brain_mri/test/glioma_tumor/original_98_4247.png,0,0,0.53650784
/Users/nafisebahoosh/Developer/DataScience/brain-tumor-classification/data/raw/brain_mri/test/glioma_tumor/original_99_396.png,0,0,0.89225256
/Users/nafisebahoosh/Developer/DataScience/brain-tumor-classification/data/raw/brain_mri/test/meningioma_tumor/bright_img_104_4255.png,1,1,0.95476234
/Users/nafisebahoosh/Developer/DataScience/brain-tumor-classification/data/raw/brain_mri/test/meningioma_tumor/bright_img_111_4263.png,1,0,0.5579794
/Users/nafisebahoosh/Developer/DataScience/brain-tumor-classification/data/raw/brain_mri/test/meningioma_tumor/bright_img_115_4267.png,1,1,0.8504765
/Users/nafisebahoosh/Developer/DataScience/brain-tumor-classification/data/raw/brain_mri/test/meningioma_tumor/bright_img_11_4261.png,1,2,0.5758617
/Users/nafisebahoosh/Developer/DataScience/brain-tumor-classification/data/raw/brain_mri/test/meningioma_tumor/bright_img_120_4273.png,1,1,0.7933381
/Users/nafisebahoosh/Developer/DataScience/brain-tumor-classification/data/raw/brain_mri/test/meningioma_tumor/bright_img_126_4279.png,1,1,0.5624225
/Users/nafisebahoosh/Developer/DataScience/brain-tumor-classification/data/raw/brain_mri/test/meningioma_tumor/bright_img_128_4281.png,1,1,0.55178577
/Users/nafisebahoosh/Developer/DataScience/brain-tumor-classification/data/raw/brain_mri/test/meningioma_tumor/bright_img_131_4285.png,1,1,0.66257906
/Users/nafisebahoosh/Developer/DataScience/brain-tumor-classification/data/raw/brain_mri/test/meningioma_tumor/bright_img_140_4295.png,1,1,0.73507696
/Users/nafisebahoosh/Developer/DataScience/brain-tumor-classification/data/raw/brain_mri/test/meningioma_tumor/bright_img_145_4300.png,1,1,0.96892595
/Users/nafisebahoosh/Developer/DataScience/brain-tumor-classification/data/raw/brain_mri/test/meningioma_tumor/bright_img_149_4304.png,1,1,0.7894683
/Users/nafisebahoosh/Developer/DataScience/brain-tumor-classification/data/raw/brain_mri/test/meningioma_tumor/bright_img_166_4323.png,1,1,0.6309033
/Users/nafisebahoosh/Developer/DataScience/brain-tumor-classification/data/raw/brain_mri/test/meningioma_tumor/bright_img_167_4324.png,1,1,0.58098286
/Users/nafisebahoosh/Developer/DataScience/brain-tumor-classification/data/raw/brain_mri/test/meningioma_tumor/bright_img_168_4325.png,1,1,0.8300651
/Users/nafisebahoosh/Developer/DataScience/brain-tumor-classification/data/raw/brain_mri/test/meningioma_tumor/bright_img_172_4330.png,1,1,0.79621744
/Users/nafisebahoosh/Developer/DataScience/brain-tumor-classification/data/raw/brain_mri/test/meningioma_tumor/bright_img_179_4337.png,1,1,0.90898764
/Users/nafisebahoosh/Developer/DataScience/brain-tumor-classification/data/raw/brain_mri/test/meningioma_tumor/bright_img_184_4343.png,1,1,0.7288296
/Users/nafisebahoosh/Developer/DataScience/brain-tumor-classification/data/raw/brain_mri/test/meningioma_tumor/bright_img_18_12126.png,1,0,0.6329525
/Users/nafisebahoosh/Developer/DataScience/brain-tumor-classification/data/raw/brain_mri/test/meningioma_tumor/bright_img_197_4357.png,1,1,0.8191061
/Users/nafisebahoosh/Developer/DataScience/brain-tumor-classification/data/raw/brain_mri/test/meningioma_tumor/bright_img_211_4374.png,1,1,0.66735965
/Users/nafisebahoosh/Developer/DataScience/brain-tumor-classification/data/raw/brain_mri/test/meningioma_tumor/bright_img_21_4372.png,1,0,0.5258256
/Users/nafisebahoosh/Developer/DataScience/brain-tumor-classification/data/raw/brain_mri/test/meningioma_tumor/bright_img_220_4384.png,1,1,0.7795926
/Users/nafisebahoosh/Developer/DataScience/brain-tumor-classification/data/raw/brain_mri/test/meningioma_tumor/bright_img_222_4386.png,1,1,0.93477225
/Users/nafisebahoosh/Developer/DataScience/brain-tumor-classification/data/raw/brain_mri/test/meningioma_tumor/bright_img_226_4390.png,1,1,0.51674515
/Users/nafisebahoosh/Developer/DataScience/brain-tumor-classification/data/raw/brain_mri/test/meningioma_tumor/bright_img_233_4398.png,1,1,0.7599453
/Users/nafisebahoosh/Developer/DataScience/brain-tumor-classification/data/raw/brain_mri/test/meningioma_tumor/bright_img_234_4399.png,1,2,0.7069615
/Users/nafisebahoosh/Developer/DataScience/brain-tumor-classification/data/raw/brain_mri/test/meningioma_tumor/bright_img_23_412.png,1,3,0.53225684
/Users/nafisebahoosh/Developer/DataScience/brain-tumor-classification/data/raw/brain_mri/test/meningioma_tumor/bright_img_254_4421.png,1,1,0.8821404
/Users/nafisebahoosh/Developer/DataScience/brain-tumor-classification/data/raw/brain_mri/test/meningioma_tumor/bright_img_256_4423.png,1,1,0.7200414
/Users/nafisebahoosh/Developer/DataScience/brain-tumor-classification/data/raw/brain_mri/test/meningioma_tumor/bright_img_258_4425.png,1,1,0.6113818
/Users/nafisebahoosh/Developer/DataScience/brain-tumor-classification/data/raw/brain_mri/test/meningioma_tumor/bright_img_269_4437.png,1,0,0.5850818
/Users/nafisebahoosh/Developer/DataScience/brain-tumor-classification/data/raw/brain_mri/test/meningioma_tumor/bright_img_26_12135.png,1,1,0.9298452
/Users/nafisebahoosh/Developer/DataScience/brain-tumor-classification/data/raw/brain_mri/test/meningioma_tumor/bright_img_284_4454.png,1,1,0.87248373
/Users/nafisebahoosh/Developer/DataScience/brain-tumor-classification/data/raw/brain_mri/test/meningioma_tumor/bright_img_288_4458.png,1,2,0.5573303
/Users/nafisebahoosh/Developer/DataScience/brain-tumor-classification/data/raw/brain_mri/test/meningioma_tumor/bright_img_291_4462.png,1,1,0.84653175
/Users/nafisebahoosh/Developer/DataScience/brain-tumor-classification/data/raw/brain_mri/test/meningioma_tumor/bright_img_299_4470.png,1,1,0.8905627
/Users/nafisebahoosh/Developer/DataScience/brain-tumor-classification/data/raw/brain_mri/test/meningioma_tumor/bright_img_302_4475.png,1,3,0.94009346
/Users/nafisebahoosh/Developer/DataScience/brain-tumor-classification/data/raw/brain_mri/test/meningioma_tumor/bright_img_306_4479.png,1,3,0.99213433
/Users/nafisebahoosh/Developer/DataScience/brain-tumor-classification/data/raw/brain_mri/test/meningioma_tumor/bright_img_309_4482.png,1,0,0.70445913
/Users/nafisebahoosh/Developer/DataScience/brain-tumor-classification/data/raw/brain_mri/test/meningioma_tumor/bright_img_30_4472.png,1,1,0.76872015
/Users/nafisebahoosh/Developer/DataScience/brain-tumor-classification/data/raw/brain_mri/test/meningioma_tumor/bright_img_315_4489.png,1,1,0.763122
/Users/nafisebahoosh/Developer/DataScience/brain-tumor-classification/data/raw/brain_mri/test/meningioma_tumor/bright_img_31_421.png,1,1,0.7256003
/Users/nafisebahoosh/Developer/DataScience/brain-tumor-classification/data/raw/brain_mri/test/meningioma_tumor/bright_img_322_4497.png,1,1,0.76031417
/Users/nafisebahoosh/Developer/DataScience/brain-tumor-classification/data/raw/brain_mri/test/meningioma_tumor/bright_img_329_4504.png,1,2,0.5868086
/Users/nafisebahoosh/Developer/DataScience/brain-tumor-classification/data/raw/brain_mri/test/meningioma_tumor/bright_img_33_423.png,1,1,0.5958098
/Users/nafisebahoosh/Developer/DataScience/brain-tumor-classification/data/raw/brain_mri/test/meningioma_tumor/bright_img_350_4528.png,1,1,0.6206517
/Users/nafisebahoosh/Developer/DataScience/brain-tumor-classification/data/raw/brain_mri/test/meningioma_tumor/bright_img_35_425.png,1,1,0.56758237
/Users/nafisebahoosh/Developer/DataScience/brain-tumor-classification/data/raw/brain_mri/test/meningioma_tumor/bright_img_396_4578.png,1,1,0.94489086
/Users/nafisebahoosh/Developer/DataScience/brain-tumor-classification/data/raw/brain_mri/test/meningioma_tumor/bright_img_39_4571.png,1,1,0.70995593
/Users/nafisebahoosh/Developer/DataScience/brain-tumor-classification/data/raw/brain_mri/test/meningioma_tumor/bright_img_406_4590.png,1,1,0.68622506
/Users/nafisebahoosh/Developer/DataScience/brain-tumor-classification/data/raw/brain_mri/test/meningioma_tumor/bright_img_409_4593.png,1,2,0.7741964
/Users/nafisebahoosh/Developer/DataScience/brain-tumor-classification/data/raw/brain_mri/test/meningioma_tumor/bright_img_40_12151.png,1,1,0.54305595
/Users/nafisebahoosh/Developer/DataScience/brain-tumor-classification/data/raw/brain_mri/test/meningioma_tumor/bright_img_415_4600.png,1,1,0.5258285
/Users/nafisebahoosh/Developer/DataScience/brain-tumor-classification/data/raw/brain_mri/test/meningioma_tumor/bright_img_44_12155.png,1,2,0.5573303
/Users/nafisebahoosh/Developer/DataScience/brain-tumor-classification/data/raw/brain_mri/test/meningioma_tumor/bright_img_44_4627.png,1,1,0.9182077
/Users/nafisebahoosh/Developer/DataScience/brain-tumor-classification/data/raw/brain_mri/test/meningioma_tumor/bright_img_467_4657.png,1,1,0.82425827
/Users/nafisebahoosh/Developer/DataScience/brain-tumor-classification/data/raw/brain_mri/test/meningioma_tumor/bright_img_470_4661.png,1,0,0.8486663
/Users/nafisebahoosh/Developer/DataScience/brain-tumor-classification/data/raw/brain_mri/test/meningioma_tumor/bright_img_474_4665.png,1,3,0.6109647
/Users/nafisebahoosh/Developer/DataScience/brain-tumor-classification/data/raw/brain_mri/test/meningioma_tumor/bright_img_49_4682.png,1,3,0.7104629
/Users/nafisebahoosh/Developer/DataScience/brain-tumor-classification/data/raw/brain_mri/test/meningioma_tumor/bright_img_506_4701.png,1,1,0.68550456
/Users/nafisebahoosh/Developer/DataScience/brain-tumor-classification/data/raw/brain_mri/test/meningioma_tumor/bright_img_513_4709.png,1,1,0.7270026
/Users/nafisebahoosh/Developer/DataScience/brain-tumor-classification/data/raw/brain_mri/test/meningioma_tumor/bright_img_51_12163.png,1,1,0.9060192
/Users/nafisebahoosh/Developer/DataScience/brain-tumor-classification/data/raw/brain_mri/test/meningioma_tumor/bright_img_526_4723.png,1,1,0.89040273
/Users/nafisebahoosh/Developer/DataScience/brain-tumor-classification/data/raw/brain_mri/test/meningioma_tumor/bright_img_535_4733.png,1,1,0.72128415
/Users/nafisebahoosh/Developer/DataScience/brain-tumor-classification/data/raw/brain_mri/test/meningioma_tumor/bright_img_537_4735.png,1,1,0.6521085
/Users/nafisebahoosh/Developer/DataScience/brain-tumor-classification/data/raw/brain_mri/test/meningioma_tumor/bright_img_541_4740.png,1,1,0.728838
/Users/nafisebahoosh/Developer/DataScience/brain-tumor-classification/data/raw/brain_mri/test/meningioma_tumor/bright_img_546_4745.png,1,1,0.72074074
/Users/nafisebahoosh/Developer/DataScience/brain-tumor-classification/data/raw/brain_mri/test/meningioma_tumor/bright_img_549_4748.png,1,0,0.45302987
/Users/nafisebahoosh/Developer/DataScience/brain-tumor-classification/data/raw/brain_mri/test/meningioma_tumor/bright_img_564_4765.png,1,1,0.7608866
/Users/nafisebahoosh/Developer/DataScience/brain-tumor-classification/data/raw/brain_mri/test/meningioma_tumor/bright_img_56_12168.png,1,1,0.86606085
/Users/nafisebahoosh/Developer/DataScience/brain-tumor-classification/data/raw/brain_mri/test/meningioma_tumor/bright_img_576_4778.png,1,3,0.7265128
/Users/nafisebahoosh/Developer/DataScience/brain-tumor-classification/data/raw/brain_mri/test/meningioma_tumor/bright_img_578_4780.png,1,1,0.8155933
/Users/nafisebahoosh/Developer/DataScience/brain-tumor-classification/data/raw/brain_mri/test/meningioma_tumor/bright_img_580_4783.png,1,1,0.5473936
/Users/nafisebahoosh/Developer/DataScience/brain-tumor-classification/data/raw/brain_mri/test/meningioma_tumor/bright_img_593_4797.png,1,3,0.9478551
/Users/nafisebahoosh/Developer/DataScience/brain-tumor-classification/data/raw/brain_mri/test/meningioma_tumor/bright_img_5_441.png,1,1,0.73487127
/Users/nafisebahoosh/Developer/DataScience/brain-tumor-classification/data/raw/brain_mri/test/meningioma_tumor/bright_img_610_4817.png,1,1,0.9705742
/Users/nafisebahoosh/Developer/DataScience/brain-tumor-classification/data/raw/brain_mri/test/meningioma_tumor/bright_img_611_4818.png,1,1,0.7975134
/Users/nafisebahoosh/Developer/DataScience/brain-tumor-classification/data/raw/brain_mri/test/meningioma_tumor/bright_img_625_4833.png,1,1,0.9169869
/Users/nafisebahoosh/Developer/DataScience/brain-tumor-classification/data/raw/brain_mri/test/meningioma_tumor/bright_img_641_4851.png,1,1,0.8286651
/Users/nafisebahoosh/Developer/DataScience/brain-tumor-classification/data/raw/brain_mri/test/meningioma_tumor/bright_img_65_458.png,1,1,0.7130549
/Users/nafisebahoosh/Developer/DataScience/brain-tumor-classification/data/raw/brain_mri/test/meningioma_tumor/bright_img_687_4901.png,1,1,0.736248
/Users/nafisebahoosh/Developer/DataScience/brain-tumor-classification/data/raw/brain_mri/test/meningioma_tumor/bright_img_689_4903.png,1,1,0.54887176
/Users/nafisebahoosh/Developer/DataScience/brain-tumor-classification/data/raw/brain_mri/test/meningioma_tumor/bright_img_69_12182.png,1,1,0.9598848
/Users/nafisebahoosh/Developer/DataScience/brain-tumor-classification/data/raw/brain_mri/test/meningioma_tumor/bright_img_708_4925.png,1,1,0.60029215
/Users/nafisebahoosh/Developer/DataScience/brain-tumor-classification/data/raw/brain_mri/test/meningioma_tumor/bright_img_70_464.png,1,1,0.85820174
/Users/nafisebahoosh/Developer/DataScience/brain-tumor-classification/data/raw/brain_mri/test/meningioma_tumor/bright_img_70_4916.png,1,1,0.7127641
/Users/nafisebahoosh/Developer/DataScience/brain-tumor-classification/data/raw/brain_mri/test/meningioma_tumor/bright_img_713_4931.png,1,1,0.72786736
/Users/nafisebahoosh/Developer/DataScience/brain-tumor-classification/data/raw/brain_mri/test/meningioma_tumor/bright_img_726_4945.png,1,1,0.88062924
/Users/nafisebahoosh/Developer/DataScience/brain-tumor-classification/data/raw/brain_mri/test/meningioma_tumor/bright_img_72_466.png,1,1,0.65818125
/Users/nafisebahoosh/Developer/DataScience/brain-tumor-classification/data/raw/brain_mri/test/meningioma_tumor/bright_img_735_4955.png,1,1,0.72250396
/Users/nafisebahoosh/Developer/DataScience/brain-tumor-classification/data/raw/brain_mri/test/meningioma_tumor/bright_img_738_4958.png,1,1,0.7246968
/Users/nafisebahoosh/Developer/DataScience/brain-tumor-classification/data/raw/brain_mri/test/meningioma_tumor/bright_img_75_12189.png,1,1,0.9738815
/Users/nafisebahoosh/Developer/DataScience/brain-tumor-classification/data/raw/brain_mri/test/meningioma_tumor/bright_img_78_472.png,1,1,0.7153753
/Users/nafisebahoosh/Developer/DataScience/brain-tumor-classification/data/raw/brain_mri/test/meningioma_tumor/bright_img_79_473.png,1,0,0.5953502
/Users/nafisebahoosh/Developer/DataScience/brain-tumor-classification/data/raw/brain_mri/test/meningioma_tumor/bright_img_95_491.png,1,1,0.82561535
/Users/nafisebahoosh/Developer/DataScience/brain-tumor-classification/data/raw/brain_mri/test/meningioma_tumor/bright_img_95_5001.png,1,1,0.635751
/Users/nafisebahoosh/Developer/DataScience/brain-tumor-classification/data/raw/brain_mri/test/meningioma_tumor/flip_horz_109_5017.png,1,2,0.7503872
/Users/nafisebahoosh/Developer/DataScience/brain-tumor-classification/data/raw/brain_mri/test/meningioma_tumor/flip_horz_10_12200.png,1,1,0.86453104
/Users/nafisebahoosh/Developer/DataScience/brain-tumor-classification/data/raw/brain_mri/test/meningioma_tumor/flip_horz_117_5026.png,1,0,0.5258786
/Users/nafisebahoosh/Developer/DataScience/brain-tumor-classification/data/raw/brain_mri/test/meningioma_tumor/flip_horz_12_5029.png,1,1,0.628263
/Users/nafisebahoosh/Developer/DataScience/brain-tumor-classification/data/raw/brain_mri/test/meningioma_tumor/flip_horz_137_5048.png,1,1,0.5913142
/Users/nafisebahoosh/Developer/DataScience/brain-tumor-classification/data/raw/brain_mri/test/meningioma_tumor/flip_horz_179_5094.png,1,1,0.7712048
/Users/nafisebahoosh/Developer/DataScience/brain-tumor-classification/data/raw/brain_mri/test/meningioma_tumor/flip_horz_187_5103.png,1,1,0.82879114
/Users/nafisebahoosh/Developer/DataScience/brain-tumor-classification/data/raw/brain_mri/test/meningioma_tumor/flip_horz_18_504.png,1,1,0.9049301
/Users/nafisebahoosh/Developer/DataScience/brain-tumor-classification/data/raw/brain_mri/test/meningioma_tumor/flip_horz_18_5095.png,1,3,0.5731869
/Users/nafisebahoosh/Developer/DataScience/brain-tumor-classification/data/raw/brain_mri/test/meningioma_tumor/flip_horz_191_5108.png,1,1,0.7354956
/Users/nafisebahoosh/Developer/DataScience/brain-tumor-classification/data/raw/brain_mri/test/meningioma_tumor/flip_horz_211_5131.png,1,0,0.4982434
/Users/nafisebahoosh/Developer/DataScience/brain-tumor-classification/data/raw/brain_mri/test/meningioma_tumor/flip_horz_213_5133.png,1,1,0.66801846
/Users/nafisebahoosh/Developer/DataScience/brain-tumor-classification/data/raw/brain_mri/test/meningioma_tumor/flip_horz_217_5137.png,1,0,0.6470766
/Users/nafisebahoosh/Developer/DataScience/brain-tumor-classification/data/raw/brain_mri/test/meningioma_tumor/flip_horz_227_5148.png,1,1,0.7834383
/Users/nafisebahoosh/Developer/DataScience/brain-tumor-classification/data/raw/brain_mri/test/meningioma_tumor/flip_horz_239_5161.png,1,3,0.6678513
/Users/nafisebahoosh/Developer/DataScience/brain-tumor-classification/data/raw/brain_mri/test/meningioma_tumor/flip_horz_269_5194.png,1,1,0.5967456
/Users/nafisebahoosh/Developer/DataScience/brain-tumor-classification/data/raw/brain_mri/test/meningioma_tumor/flip_horz_26_513.png,1,1,0.7652553
/Users/nafisebahoosh/Developer/DataScience/brain-tumor-classification/data/raw/brain_mri/test/meningioma_tumor/flip_horz_278_5204.png,1,1,0.7130198
/Users/nafisebahoosh/Developer/DataScience/brain-tumor-classification/data/raw/brain_mri/test/meningioma_tumor/flip_horz_289_5216.png,1,1,0.772615
/Users/nafisebahoosh/Developer/DataScience/brain-tumor-classification/data/raw/brain_mri/test/meningioma_tumor/flip_horz_294_5222.png,1,1,0.73739344
/Users/nafisebahoosh/Developer/DataScience/brain-tumor-classification/data/raw/brain_mri/test/meningioma_tumor/flip_horz_301_5231.png,1,1,0.7581185
/Users/nafisebahoosh/Developer/DataScience/brain-tumor-classification/data/raw/brain_mri/test/meningioma_tumor/flip_horz_30_5229.png,1,1,0.790402
/Users/nafisebahoosh/Developer/DataScience/brain-tumor-classification/data/raw/brain_mri/test/meningioma_tumor/flip_horz_312_5243.png,1,3,0.6808751
/Users/nafisebahoosh/Developer/DataScience/brain-tumor-classification/data/raw/brain_mri/test/meningioma_tumor/flip_horz_31_519.png,1,1,0.61767286
/Users/nafisebahoosh/Developer/DataScience/brain-tumor-classification/data/raw/brain_mri/test/meningioma_tumor/flip_horz_328_5260.png,1,1,0.9260047
/Users/nafisebahoosh/Developer/DataScience/brain-tumor-classification/data/raw/brain_mri/test/meningioma_tumor/flip_horz_339_5272.png,1,3,0.5390106
/Users/nafisebahoosh/Developer/DataScience/brain-tumor-classification/data/raw/brain_mri/test/meningioma_tumor/flip_horz_33_12225.png,1,3,0.61082333
/Users/nafisebahoosh/Developer/DataScience/brain-tumor-classification/data/raw/brain_mri/test/meningioma_tumor/flip_horz_347_5281.png,1,1,0.6405168
/Users/nafisebahoosh/Developer/DataScience/brain-tumor-classification/data/raw/brain_mri/test/meningioma_tumor/flip_horz_349_5283.png,1,3,0.4996633
/Users/nafisebahoosh/Developer/DataScience/brain-tumor-classification/data/raw/brain_mri/test/meningioma_tumor/flip_horz_360_5296.png,1,0,0.42221048
/Users/nafisebahoosh/Developer/DataScience/brain-tumor-classification/data/raw/brain_mri/test/meningioma_tumor/flip_horz_36_524.png,1,0,0.6077275
/Users/nafisebahoosh/Developer/DataScience/brain-tumor-classification/data/raw/brain_mri/test/meningioma_tumor/flip_horz_37_525.png,1,1,0.5160474
/Users/nafisebahoosh/Developer/DataScience/brain-tumor-classification/data/raw/brain_mri/test/meningioma_tumor/flip_horz_38_12230.png,1,0,0.56307435
/Users/nafisebahoosh/Developer/DataScience/brain-tumor-classification/data/raw/brain_mri/test/meningioma_tumor/flip_horz_392_5331.png,1,1,0.70242685
/Users/nafisebahoosh/Developer/DataScience/brain-tumor-classification/data/raw/brain_mri/test/meningioma_tumor/flip_horz_395_5334.png,1,1,0.6999631
/Users/nafisebahoosh/Developer/DataScience/brain-tumor-classification/data/raw/brain_mri/test/meningioma_tumor/flip_horz_3_5228.png,1,2,0.73392564
/Users/nafisebahoosh/Developer/DataScience/brain-tumor-classification/data/raw/brain_mri/test/meningioma_tumor/flip_horz_406_5347.png,1,0,0.5161984
/Users/nafisebahoosh/Developer/DataScience/brain-tumor-classification/data/raw/brain_mri/test/meningioma_tumor/flip_horz_407_5348.png,1,0,0.917046
/Users/nafisebahoosh/Developer/DataScience/brain-tumor-classification/data/raw/brain_mri/test/meningioma_tumor/flip_horz_40_12233.png,1,1,0.5801739
/Users/nafisebahoosh/Developer/DataScience/brain-tumor-classification/data/raw/brain_mri/test/meningioma_tumor/flip_horz_410_5352.png,1,1,0.51902676
/Users/nafisebahoosh/Developer/DataScience/brain-tumor-classification/data/raw/brain_mri/test/meningioma_tumor/flip_horz_419_5361.png,1,1,0.88500834
/Users/nafisebahoosh/Developer/DataScience/brain-tumor-classification/data/raw/brain_mri/test/meningioma_tumor/flip_horz_424_5367.png,1,3,0.55186635
/Users/nafisebahoosh/Developer/DataScience/brain-tumor-classification/data/raw/brain_mri/test/meningioma_tumor/flip_horz_42_531.png,1,1,0.72705555
/Users/nafisebahoosh/Developer/DataScience/brain-tumor-classification/data/raw/brain_mri/test/meningioma_tumor/flip_horz_434_5378.png,1,3,0.76235396
/Users/nafisebahoosh/Developer/DataScience/brain-tumor-classification/data/raw/brain_mri/test/meningioma_tumor/flip_horz_435_5379.png,1,3,0.30348107
/Users/nafisebahoosh/Developer/DataScience/brain-tumor-classification/data/raw/brain_mri/test/meningioma_tumor/flip_horz_436_5380.png,1,3,0.5424608
/Users/nafisebahoosh/Developer/DataScience/brain-tumor-classification/data/raw/brain_mri/test/meningioma_tumor/flip_horz_439_5383.png,1,1,0.7019047
/Users/nafisebahoosh/Developer/DataScience/brain-tumor-classification/data/raw/brain_mri/test/meningioma_tumor/flip_horz_45_12238.png,1,1,0.63978404
/Users/nafisebahoosh/Developer/DataScience/brain-tumor-classification/data/raw/brain_mri/test/meningioma_tumor/flip_horz_45_534.png,1,1,0.60246134
/Users/nafisebahoosh/Developer/DataScience/brain-tumor-classification/data/raw/brain_mri/test/meningioma_tumor/flip_horz_464_5411.png,1,0,0.5376291
/Users/nafisebahoosh/Developer/DataScience/brain-tumor-classification/data/raw/brain_mri/test/meningioma_tumor/flip_horz_469_5416.png,1,3,0.6079245
/Users/nafisebahoosh/Developer/DataScience/brain-tumor-classification/data/raw/brain_mri/test/meningioma_tumor/flip_horz_46_12239.png,1,0,0.53147614
/Users/nafisebahoosh/Developer/DataScience/brain-tumor-classification/data/raw/brain_mri/test/meningioma_tumor/flip_horz_471_5419.png,1,3,0.7382104
/Users/nafisebahoosh/Developer/DataScience/brain-tumor-classification/data/raw/brain_mri/test/meningioma_tumor/flip_horz_486_5435.png,1,1,0.93857104
/Users/nafisebahoosh/Developer/DataScience/brain-tumor-classification/data/raw/brain_mri/test/meningioma_tumor/flip_horz_48_12241.png,1,1,0.9414848
/Users/nafisebahoosh/Developer/DataScience/brain-tumor-classification/data/raw/brain_mri/test/meningioma_tumor/flip_horz_50_12244.png,1,0,0.3745507
/Users/nafisebahoosh/Developer/DataScience/brain-tumor-classification/data/raw/brain_mri/test/meningioma_tumor/flip_horz_535_5490.png,1,1,0.4990798
/Users/nafisebahoosh/Developer/DataScience/brain-tumor-classification/data/raw/brain_mri/test/meningioma_tumor/flip_horz_540_5496.png,1,1,0.88145053
/Users/nafisebahoosh/Developer/DataScience/brain-tumor-classification/data/raw/brain_mri/test/meningioma_tumor/flip_horz_547_5503.png,1,1,0.5402124
/Users/nafisebahoosh/Developer/DataScience/brain-tumor-classification/data/raw/brain_mri/test/meningioma_tumor/flip_horz_556_5513.png,1,1,0.84532374
/Users/nafisebahoosh/Developer/DataScience/brain-tumor-classification/data/raw/brain_mri/test/meningioma_tumor/flip_horz_559_5516.png,1,0,0.5836093
/Users/nafisebahoosh/Developer/DataScience/brain-tumor-classification/data/raw/brain_mri/test/meningioma_tumor/flip_horz_55_12249.png,1,0,0.5485011
/Users/nafisebahoosh/Developer/DataScience/brain-tumor-classification/data/raw/brain_mri/test/meningioma_tumor/flip_horz_55_5506.png,1,1,0.45837563
/Users/nafisebahoosh/Developer/DataScience/brain-tumor-classification/data/raw/brain_mri/test/meningioma_tumor/flip_horz_565_5523.png,1,0,0.88640517
/Users/nafisebahoosh/Developer/DataScience/brain-tumor-classification/data/raw/brain_mri/test/meningioma_tumor/flip_horz_56_546.png,1,1,0.83620775
/Users/nafisebahoosh/Developer/DataScience/brain-tumor-classification/data/raw/brain_mri/test/meningioma_tumor/flip_horz_59_549.png,1,1,0.78813434
/Users/nafisebahoosh/Developer/DataScience/brain-tumor-classification/data/raw/brain_mri/test/meningioma_tumor/flip_horz_606_5569.png,1,1,0.7425141
/Users/nafisebahoosh/Developer/DataScience/brain-tumor-classification/data/raw/brain_mri/test/meningioma_tumor/flip_horz_61_552.png,1,1,0.6645161
/Users/nafisebahoosh/Developer/DataScience/brain-tumor-classification/data/raw/brain_mri/test/meningioma_tumor/flip_horz_631_5597.png,1,1,0.94547737
/Users/nafisebahoosh/Developer/DataScience/brain-tumor-classification/data/raw/brain_mri/test/meningioma_tumor/flip_horz_642_5609.png,1,1,0.827342
/Users/nafisebahoosh/Developer/DataScience/brain-tumor-classification/data/raw/brain_mri/test/meningioma_tumor/flip_horz_646_5613.png,1,1,0.5111507
/Users/nafisebahoosh/Developer/DataScience/brain-tumor-classification/data/raw/brain_mri/test/meningioma_tumor/flip_horz_648_5615.png,1,1,0.43100566
/Users/nafisebahoosh/Developer/DataScience/brain-tumor-classification/data/raw/brain_mri/test/meningioma_tumor/flip_horz_650_5618.png,1,1,0.83209455
/Users/nafisebahoosh/Developer/DataScience/brain-tumor-classification/data/raw/brain_mri/test/meningioma_tumor/flip_horz_656_5624.png,1,1,0.7834383
/Users/nafisebahoosh/Developer/DataScience/brain-tumor-classification/data/raw/brain_mri/test/meningioma_tumor/flip_horz_660_5629.png,1,1,0.70765
/Users/nafisebahoosh/Developer/DataScience/brain-tumor-classification/data/raw/brain_mri/test/meningioma_tumor/flip_horz_661_5630.png,1,1,0.4710702
/Users/nafisebahoosh/Developer/DataScience/brain-tumor-classification/data/raw/brain_mri/test/meningioma_tumor/flip_horz_672_5642.png,1,1,0.82429904
/Users/nafisebahoosh/Developer/DataScience/brain-tumor-classification/data/raw/brain_mri/test/meningioma_tumor/flip_horz_685_5656.png,1,1,0.6168267
/Users/nafisebahoosh/Developer/DataScience/brain-tumor-classification/data/raw/brain_mri/test/meningioma_tumor/flip_horz_686_5657.png,1,1,0.6223075
/Users/nafisebahoosh/Developer/DataScience/brain-tumor-classification/data/raw/brain_mri/test/meningioma_tumor/flip_horz_701_5675.png,1,0,0.544282
/Users/nafisebahoosh/Developer/DataScience/brain-tumor-classification/data/raw/brain_mri/test/meningioma_tumor/flip_horz_702_5676.png,1,2,0.8896738
/Users/nafisebahoosh/Developer/DataScience/brain-tumor-classification/data/raw/brain_mri/test/meningioma_tumor/flip_horz_711_5686.png,1,0,0.43684304
/Users/nafisebahoosh/Developer/DataScience/brain-tumor-classification/data/raw/brain_mri/test/meningioma_tumor/flip_horz_720_5696.png,1,1,0.5128997
/Users/nafisebahoosh/Developer/DataScience/brain-tumor-classification/data/raw/brain_mri/test/meningioma_tumor/flip_horz_721_5697.png,1,1,0.47751874
/Users/nafisebahoosh/Developer/DataScience/brain-tumor-classification/data/raw/brain_mri/test/meningioma_tumor/flip_horz_747_5725.png,1,1,0.8264009
/Users/nafisebahoosh/Developer/DataScience/brain-tumor-classification/data/raw/brain_mri/test/meningioma_tumor/flip_horz_750_5729.png,1,1,0.73268867
/Users/nafisebahoosh/Developer/DataScience/brain-tumor-classification/data/raw/brain_mri/test/meningioma_tumor/flip_horz_752_5731.png,1,1,0.46572134
/Users/nafisebahoosh/Developer/DataScience/brain-tumor-classification/data/raw/brain_mri/test/meningioma_tumor/flip_horz_77_5738.png,1,0,0.69014126
/Users/nafisebahoosh/Developer/DataScience/brain-tumor-classification/data/raw/brain_mri/test/meningioma_tumor/flip_horz_85_578.png,1,1,0.8295644
/Users/nafisebahoosh/Developer/DataScience/brain-tumor-classification/data/raw/brain_mri/test/meningioma_tumor/flip_horz_88_5750.png,1,3,0.8444212
/Users/nafisebahoosh/Developer/DataScience/brain-tumor-classification/data/raw/brain_mri/test/meningioma_tumor/flip_horz_89_582.png,1,1,0.8195775
/Users/nafisebahoosh/Developer/DataScience/brain-tumor-classification/data/raw/brain_mri/test/meningioma_tumor/flip_horz_8_572.png,1,1,0.71717817
/Users/nafisebahoosh/Developer/DataScience/brain-tumor-classification/data/raw/brain_mri/test/meningioma_tumor/flip_horz_91_585.png,1,1,0.85751784
/Users/nafisebahoosh/Developer/DataScience/brain-tumor-classification/data/raw/brain_mri/test/meningioma_tumor/flip_horz_92_586.png,1,1,0.6829576
/Users/nafisebahoosh/Developer/DataScience/brain-tumor-classification/data/raw/brain_mri/test/meningioma_tumor/flip_horz_97_5760.png,1,1,0.9522316
/Users/nafisebahoosh/Developer/DataScience/brain-tumor-classification/data/raw/brain_mri/test/meningioma_tumor/flip_horz_9_12280.png,1,1,0.41518238
/Users/nafisebahoosh/Developer/DataScience/brain-tumor-classification/data/raw/brain_mri/test/meningioma_tumor/flip_vert_105_5770.png,1,1,0.60595936
/Users/nafisebahoosh/Developer/DataScience/brain-tumor-classification/data/raw/brain_mri/test/meningioma_tumor/flip_vert_110_5776.png,1,1,0.876121
/Users/nafisebahoosh/Developer/DataScience/brain-tumor-classification/data/raw/brain_mri/test/meningioma_tumor/flip_vert_113_5779.png,1,0,0.6687874
/Users/nafisebahoosh/Developer/DataScience/brain-tumor-classification/data/raw/brain_mri/test/meningioma_tumor/flip_vert_118_5784.png,1,0,0.7103792
/Users/nafisebahoosh/Developer/DataScience/brain-tumor-classification/data/raw/brain_mri/test/meningioma_tumor/flip_vert_141_5810.png,1,3,0.7238711
/Users/nafisebahoosh/Developer/DataScience/brain-tumor-classification/data/raw/brain_mri/test/meningioma_tumor/flip_vert_148_5817.png,1,1,0.83796084
/Users/nafisebahoosh/Developer/DataScience/brain-tumor-classification/data/raw/brain_mri/test/meningioma_tumor/flip_vert_14_5808.png,1,1,0.82731724
/Users/nafisebahoosh/Developer/DataScience/brain-tumor-classification/data/raw/brain_mri/test/meningioma_tumor/flip_vert_155_5825.png,1,1,0.42980665
/Users/nafisebahoosh/Developer/DataScience/brain-tumor-classification/data/raw/brain_mri/test/meningioma_tumor/flip_vert_157_5827.png,1,1,0.57576615
/Users/nafisebahoosh/Developer/DataScience/brain-tumor-classification/data/raw/brain_mri/test/meningioma_tumor/flip_vert_15_5819.png,1,1,0.54296196
/Users/nafisebahoosh/Developer/DataScience/brain-tumor-classification/data/raw/brain_mri/test/meningioma_tumor/flip_vert_172_5844.png,1,1,0.92783487
/Users/nafisebahoosh/Developer/DataScience/brain-tumor-classification/data/raw/brain_mri/test/meningioma_tumor/flip_vert_19_5863.png,1,2,0.6638678
/Users/nafisebahoosh/Developer/DataScience/brain-tumor-classification/data/raw/brain_mri/test/meningioma_tumor/flip_vert_208_5884.png,1,1,0.72515625
/Users/nafisebahoosh/Developer/DataScience/brain-tumor-classification/data/raw/brain_mri/test/meningioma_tumor/flip_vert_217_5894.png,1,1,0.53073466
/Users/nafisebahoosh/Developer/DataScience/brain-tumor-classification/data/raw/brain_mri/test/meningioma_tumor/flip_vert_223_5901.png,1,0,0.71618617
/Users/nafisebahoosh/Developer/DataScience/brain-tumor-classification/data/raw/brain_mri/test/meningioma_tumor/flip_vert_224_5902.png,1,1,0.48701447
/Users/nafisebahoosh/Developer/DataScience/brain-tumor-classification/data/raw/brain_mri/test/meningioma_tumor/flip_vert_253_5934.png,1,0,0.68494296
/Users/nafisebahoosh/Developer/DataScience/brain-tumor-classification/data/raw/brain_mri/test/meningioma_tumor/flip_vert_26_611.png,1,3,0.4314533
/Users/nafisebahoosh/Developer/DataScience/brain-tumor-classification/data/raw/brain_mri/test/meningioma_tumor/flip_vert_281_5965.png,1,1,0.91004634
/Users/nafisebahoosh/Developer/DataScience/brain-tumor-classification/data/raw/brain_mri/test/meningioma_tumor/flip_vert_293_5978.png,1,1,0.9326291
/Users/nafisebahoosh/Developer/DataScience/brain-tumor-classification/data/raw/brain_mri/test/meningioma_tumor/flip_vert_294_5979.png,1,1,0.93614465
/Users/nafisebahoosh/Developer/DataScience/brain-tumor-classification/data/raw/brain_mri/test/meningioma_tumor/flip_vert_297_5982.png,1,3,0.9350224
/Users/nafisebahoosh/Developer/DataScience/brain-tumor-classification/data/raw/brain_mri/test/meningioma_tumor/flip_vert_303_5990.png,1,3,0.47842264
/Users/nafisebahoosh/Developer/DataScience/brain-tumor-classification/data/raw/brain_mri/test/meningioma_tumor/flip_vert_307_5994.png,1,2,0.8445113
/Users/nafisebahoosh/Developer/DataScience/brain-tumor-classification/data/raw/brain_mri/test/meningioma_tumor/flip_vert_311_5999.png,1,0,0.6128328
/Users/nafisebahoosh/Developer/DataScience/brain-tumor-classification/data/raw/brain_mri/test/meningioma_tumor/flip_vert_328_6017.png,1,1,0.8674934
/Users/nafisebahoosh/Developer/DataScience/brain-tumor-classification/data/raw/brain_mri/test/meningioma_tumor/flip_vert_330_6020.png,1,1,0.57586426
/Users/nafisebahoosh/Developer/DataScience/brain-tumor-classification/data/raw/brain_mri/test/meningioma_tumor/flip_vert_33_619.png,1,1,0.654399
/Users/nafisebahoosh/Developer/DataScience/brain-tumor-classification/data/raw/brain_mri/test/meningioma_tumor/flip_vert_342_6033.png,1,1,0.938659
/Users/nafisebahoosh/Developer/DataScience/brain-tumor-classification/data/raw/brain_mri/test/meningioma_tumor/flip_vert_343_6034.png,1,3,0.63684475
/Users/nafisebahoosh/Developer/DataScience/brain-tumor-classification/data/raw/brain_mri/test/meningioma_tumor/flip_vert_345_6036.png,1,0,0.40534905
/Users/nafisebahoosh/Developer/DataScience/brain-tumor-classification/data/raw/brain_mri/test/meningioma_tumor/flip_vert_347_6038.png,1,1,0.79567915
/Users/nafisebahoosh/Developer/DataScience/brain-tumor-classification/data/raw/brain_mri/test/meningioma_tumor/flip_vert_34_6030.png,1,1,0.75754404
/Users/nafisebahoosh/Developer/DataScience/brain-tumor-classification/data/raw/brain_mri/test/meningioma_tumor/flip_vert_356_6048.png,1,1,0.5164224
/Users/nafisebahoosh/Developer/DataScience/brain-tumor-classification/data/raw/brain_mri/test/meningioma_tumor/flip_vert_35_621.png,1,1,0.7872382
/Users/nafisebahoosh/Developer/DataScience/brain-tumor-classification/data/raw/brain_mri/test/meningioma_tumor/flip_vert_361_6054.png,1,1,0.70000064
/Users/nafisebahoosh/Developer/DataScience/brain-tumor-classification/data/raw/brain_mri/test/meningioma_tumor/flip_vert_371_6065.png,1,1,0.6959469
/Users/nafisebahoosh/Developer/DataScience/brain-tumor-classification/data/raw/brain_mri/test/meningioma_tumor/flip_vert_378_6072.png,1,1,0.7675052
/Users/nafisebahoosh/Developer/DataScience/brain-tumor-classification/data/raw/brain_mri/test/meningioma_tumor/flip_vert_384_6079.png,1,2,0.7170703
/Users/nafisebahoosh/Developer/DataScience/brain-tumor-classification/data/raw/brain_mri/test/meningioma_tumor/flip_vert_388_6083.png,1,3,0.9304461
/Users/nafisebahoosh/Developer/DataScience/brain-tumor-classification/data/raw/brain_mri/test/meningioma_tumor/flip_vert_38_624.png,1,3,0.73180056
/Users/nafisebahoosh/Developer/DataScience/brain-tumor-classification/data/raw/brain_mri/test/meningioma_tumor/flip_vert_390_6086.png,1,1,0.43904012
/Users/nafisebahoosh/Developer/DataScience/brain-tumor-classification/data/raw/brain_mri/test/meningioma_tumor/flip_vert_393_6089.png,1,1,0.67270666
/Users/nafisebahoosh/Developer/DataScience/brain-tumor-classification/data/raw/brain_mri/test/meningioma_tumor/flip_vert_400_6098.png,1,1,0.54727453
/Users/nafisebahoosh/Developer/DataScience/brain-tumor-classification/data/raw/brain_mri/test/meningioma_tumor/flip_vert_408_6106.png,1,1,0.6542807
/Users/nafisebahoosh/Developer/DataScience/brain-tumor-classification/data/raw/brain_mri/test/meningioma_tumor/flip_vert_411_6110.png,1,1,0.82029915
/Users/nafisebahoosh/Developer/DataScience/brain-tumor-classification/data/raw/brain_mri/test/meningioma_tumor/flip_vert_415_6114.png,1,1,0.61834425
/Users/nafisebahoosh/Developer/DataScience/brain-tumor-classification/data/raw/brain_mri/test/meningioma_tumor/flip_vert_425_6125.png,1,1,0.95332795
/Users/nafisebahoosh/Developer/DataScience/brain-tumor-classification/data/raw/brain_mri/test/meningioma_tumor/flip_vert_434_6135.png,1,3,0.8642595
/Users/nafisebahoosh/Developer/DataScience/brain-tumor-classification/data/raw/brain_mri/test/meningioma_tumor/flip_vert_44_631.png,1,1,0.93730634
/Users/nafisebahoosh/Developer/DataScience/brain-tumor-classification/data/raw/brain_mri/test/meningioma_tumor/flip_vert_458_6161.png,1,1,0.92902994
/Users/nafisebahoosh/Developer/DataScience/brain-tumor-classification/data/raw/brain_mri/test/meningioma_tumor/flip_vert_45_632.png,1,1,0.60818696
/Users/nafisebahoosh/Developer/DataScience/brain-tumor-classification/data/raw/brain_mri/test/meningioma_tumor/flip_vert_462_6166.png,1,1,0.906471
/Users/nafisebahoosh/Developer/DataScience/brain-tumor-classification/data/raw/brain_mri/test/meningioma_tumor/flip_vert_466_6170.png,1,1,0.74860567
/Users/nafisebahoosh/Developer/DataScience/brain-tumor-classification/data/raw/brain_mri/test/meningioma_tumor/flip_vert_486_6192.png,1,1,0.96472114
/Users/nafisebahoosh/Developer/DataScience/brain-tumor-classification/data/raw/brain_mri/test/meningioma_tumor/flip_vert_48_635.png,1,1,0.6291585
/Users/nafisebahoosh/Developer/DataScience/brain-tumor-classification/data/raw/brain_mri/test/meningioma_tumor/flip_vert_492_6199.png,1,1,0.6992051
/Users/nafisebahoosh/Developer/DataScience/brain-tumor-classification/data/raw/brain_mri/test/meningioma_tumor/flip_vert_501_6210.png,1,1,0.4875686
/Users/nafisebahoosh/Developer/DataScience/brain-tumor-classification/data/raw/brain_mri/test/meningioma_tumor/flip_vert_502_6211.png,1,1,0.82570666
/Users/nafisebahoosh/Developer/DataScience/brain-tumor-classification/data/raw/brain_mri/test/meningioma_tumor/flip_vert_507_6216.png,1,0,0.62077487
/Users/nafisebahoosh/Developer/DataScience/brain-tumor-classification/data/raw/brain_mri/test/meningioma_tumor/flip_vert_51_12327.png,1,1,0.80046105
/Users/nafisebahoosh/Developer/DataScience/brain-tumor-classification/data/raw/brain_mri/test/meningioma_tumor/flip_vert_528_6239.png,1,3,0.73669004
/Users/nafisebahoosh/Developer/DataScience/brain-tumor-classification/data/raw/brain_mri/test/meningioma_tumor/flip_vert_535_6247.png,1,1,0.6191921
/Users/nafisebahoosh/Developer/DataScience/brain-tumor-classification/data/raw/brain_mri/test/meningioma_tumor/flip_vert_549_6262.png,1,0,0.5578928
/Users/nafisebahoosh/Developer/DataScience/brain-tumor-classification/data/raw/brain_mri/test/meningioma_tumor/flip_vert_54_642.png,1,1,0.6906726
/Users/nafisebahoosh/Developer/DataScience/brain-tumor-classification/data/raw/brain_mri/test/meningioma_tumor/flip_vert_554_6268.png,1,1,0.37240288
/Users/nafisebahoosh/Developer/DataScience/brain-tumor-classification/data/raw/brain_mri/test/meningioma_tumor/flip_vert_563_6278.png,1,1,0.7575639
/Users/nafisebahoosh/Developer/DataScience/brain-tumor-classification/data/raw/brain_mri/test/meningioma_tumor/flip_vert_566_6281.png,1,1,0.51420766
/Users/nafisebahoosh/Developer/DataScience/brain-tumor-classification/data/raw/brain_mri/test/meningioma_tumor/flip_vert_56_6274.png,1,1,0.6834023
/Users/nafisebahoosh/Developer/DataScience/brain-tumor-classification/data/raw/brain_mri/test/meningioma_tumor/flip_vert_572_6288.png,1,3,0.82336056
/Users/nafisebahoosh/Developer/DataScience/brain-tumor-classification/data/raw/brain_mri/test/meningioma_tumor/flip_vert_573_6289.png,1,1,0.978303
/Users/nafisebahoosh/Developer/DataScience/brain-tumor-classification/data/raw/brain_mri/test/meningioma_tumor/flip_vert_576_6292.png,1,3,0.87401426
/Users/nafisebahoosh/Developer/DataScience/brain-tumor-classification/data/raw/brain_mri/test/meningioma_tumor/flip_vert_58_6296.png,1,1,0.9030416
/Users/nafisebahoosh/Developer/DataScience/brain-tumor-classification/data/raw/brain_mri/test/meningioma_tumor/flip_vert_59_6307.png,1,1,0.6214268
/Users/nafisebahoosh/Developer/DataScience/brain-tumor-classification/data/raw/brain_mri/test/meningioma_tumor/flip_vert_59_647.png,1,1,0.95187706
/Users/nafisebahoosh/Developer/DataScience/brain-tumor-classification/data/raw/brain_mri/test/meningioma_tumor/flip_vert_619_6340.png,1,1,0.93527114
/Users/nafisebahoosh/Developer/DataScience/brain-tumor-classification/data/raw/brain_mri/test/meningioma_tumor/flip_vert_61_650.png,1,1,0.77779645
/Users/nafisebahoosh/Developer/DataScience/brain-tumor-classification/data/raw/brain_mri/test/meningioma_tumor/flip_vert_621_6343.png,1,1,0.3929631
/Users/nafisebahoosh/Developer/DataScience/brain-tumor-classification/data/raw/brain_mri/test/meningioma_tumor/flip_vert_642_6366.png,1,1,0.76562434
/Users/nafisebahoosh/Developer/DataScience/brain-tumor-classification/data/raw/brain_mri/test/meningioma_tumor/flip_vert_647_6371.png,1,3,0.62579817
/Users/nafisebahoosh/Developer/DataScience/brain-tumor-classification/data/raw/brain_mri/test/meningioma_tumor/flip_vert_648_6372.png,1,3,0.46140233
/Users/nafisebahoosh/Developer/DataScience/brain-tumor-classification/data/raw/brain_mri/test/meningioma_tumor/flip_vert_666_6392.png,1,3,0.8275701
/Users/nafisebahoosh/Developer/DataScience/brain-tumor-classification/data/raw/brain_mri/test/meningioma_tumor/flip_vert_667_6393.png,1,1,0.86820084
/Users/nafisebahoosh/Developer/DataScience/brain-tumor-classification/data/raw/brain_mri/test/meningioma_tumor/flip_vert_689_6417.png,1,3,0.4412168
/Users/nafisebahoosh/Developer/DataScience/brain-tumor-classification/data/raw/brain_mri/test/meningioma_tumor/flip_vert_694_6423.png,1,1,0.61070466
/Users/nafisebahoosh/Developer/DataScience/brain-tumor-classification/data/raw/brain_mri/test/meningioma_tumor/flip_vert_724_6457.png,1,3,0.9801326
/Users/nafisebahoosh/Developer/DataScience/brain-tumor-classification/data/raw/brain_mri/test/meningioma_tumor/flip_vert_73_6463.png,1,0,0.7066421
/Users/nafisebahoosh/Developer/DataScience/brain-tumor-classification/data/raw/brain_mri/test/meningioma_tumor/flip_vert_741_6476.png,1,1,0.5987222
/Users/nafisebahoosh/Developer/DataScience/brain-tumor-classification/data/raw/brain_mri/test/meningioma_tumor/flip_vert_746_6481.png,1,2,0.39616257
/Users/nafisebahoosh/Developer/DataScience/brain-tumor-classification/data/raw/brain_mri/test/meningioma_tumor/flip_vert_749_6484.png,1,3,0.49398294
/Users/nafisebahoosh/Developer/DataScience/brain-tumor-classification/data/raw/brain_mri/test/meningioma_tumor/flip_vert_74_664.png,1,3,0.73031604
/Users/nafisebahoosh/Developer/DataScience/brain-tumor-classification/data/raw/brain_mri/test/meningioma_tumor/flip_vert_755_6491.png,1,1,0.72425336
/Users/nafisebahoosh/Developer/DataScience/brain-tumor-classification/data/raw/brain_mri/test/meningioma_tumor/flip_vert_76_12354.png,1,1,0.67601603
/Users/nafisebahoosh/Developer/DataScience/brain-tumor-classification/data/raw/brain_mri/test/meningioma_tumor/flip_vert_78_668.png,1,1,0.73234856
/Users/nafisebahoosh/Developer/DataScience/brain-tumor-classification/data/raw/brain_mri/test/meningioma_tumor/flip_vert_80_6499.png,1,1,0.88636863
/Users/nafisebahoosh/Developer/DataScience/brain-tumor-classification/data/raw/brain_mri/test/meningioma_tumor/flip_vert_96_688.png,1,3,0.5455261
/Users/nafisebahoosh/Developer/DataScience/brain-tumor-classification/data/raw/brain_mri/test/meningioma_tumor/original_103_6525.png,1,1,0.59198886
/Users/nafisebahoosh/Developer/DataScience/brain-tumor-classification/data/raw/brain_mri/test/meningioma_tumor/original_108_6530.png,1,0,0.50678647
/Users/nafisebahoosh/Developer/DataScience/brain-tumor-classification/data/raw/brain_mri/test/meningioma_tumor/original_109_6531.png,1,2,0.7321274
/Users/nafisebahoosh/Developer/DataScience/brain-tumor-classification/data/raw/brain_mri/test/meningioma_tumor/original_115_6538.png,1,1,0.7647777
/Users/nafisebahoosh/Developer/DataScience/brain-tumor-classification/data/raw/brain_mri/test/meningioma_tumor/original_12_12366.png,1,1,0.92372435
/Users/nafisebahoosh/Developer/DataScience/brain-tumor-classification/data/raw/brain_mri/test/meningioma_tumor/original_12_694.png,1,0,0.4947674
/Users/nafisebahoosh/Developer/DataScience/brain-tumor-classification/data/raw/brain_mri/test/meningioma_tumor/original_150_6577.png,1,1,0.8200606
/Users/nafisebahoosh/Developer/DataScience/brain-tumor-classification/data/raw/brain_mri/test/meningioma_tumor/original_153_6580.png,1,1,0.7567163
/Users/nafisebahoosh/Developer/DataScience/brain-tumor-classification/data/raw/brain_mri/test/meningioma_tumor/original_155_6582.png,1,1,0.4593788
/Users/nafisebahoosh/Developer/DataScience/brain-tumor-classification/data/raw/brain_mri/test/meningioma_tumor/original_15_697.png,1,1,0.737902
/Users/nafisebahoosh/Developer/DataScience/brain-tumor-classification/data/raw/brain_mri/test/meningioma_tumor/original_162_6590.png,1,1,0.9051079
/Users/nafisebahoosh/Developer/DataScience/brain-tumor-classification/data/raw/brain_mri/test/meningioma_tumor/original_168_6596.png,1,1,0.74428713
/Users/nafisebahoosh/Developer/DataScience/brain-tumor-classification/data/raw/brain_mri/test/meningioma_tumor/original_179_6608.png,1,1,0.67632955
/Users/nafisebahoosh/Developer/DataScience/brain-tumor-classification/data/raw/brain_mri/test/meningioma_tumor/original_180_6610.png,1,3,0.9504755
/Users/nafisebahoosh/Developer/DataScience/brain-tumor-classification/data/raw/brain_mri/test/meningioma_tumor/original_181_6611.png,1,1,0.66332775
/Users/nafisebahoosh/Developer/DataScience/brain-tumor-classification/data/raw/brain_mri/test/meningioma_tumor/original_195_6626.png,1,1,0.8159585
/Users/nafisebahoosh/Developer/DataScience/brain-tumor-classification/data/raw/brain_mri/test/meningioma_tumor/original_199_6630.png,1,3,0.8877437
/Users/nafisebahoosh/Developer/DataScience/brain-tumor-classification/data/raw/brain_mri/test/meningioma_tumor/original_1_6520.png,1,1,0.67297655
/Users/nafisebahoosh/Developer/DataScience/brain-tumor-classification/data/raw/brain_mri/test/meningioma_tumor/original_21_12376.png,1,0,0.544935
/Users/nafisebahoosh/Developer/DataScience/brain-tumor-classification/data/raw/brain_mri/test/meningioma_tumor/original_230_6666.png,1,1,0.49084473
/Users/nafisebahoosh/Developer/DataScience/brain-tumor-classification/data/raw/brain_mri/test/meningioma_tumor/original_244_6681.png,1,0,0.39944124
/Users/nafisebahoosh/Developer/DataScience/brain-tumor-classification/data/raw/brain_mri/test/meningioma_tumor/original_24_707.png,1,1,0.885273
/Users/nafisebahoosh/Developer/DataScience/brain-tumor-classification/data/raw/brain_mri/test/meningioma_tumor/original_256_6694.png,1,1,0.5737173
/Users/nafisebahoosh/Developer/DataScience/brain-tumor-classification/data/raw/brain_mri/test/meningioma_tumor/original_262_6701.png,1,1,0.3081391
/Users/nafisebahoosh/Developer/DataScience/brain-tumor-classification/data/raw/brain_mri/test/meningioma_tumor/original_26_12381.png,1,1,0.90338826
/Users/nafisebahoosh/Developer/DataScience/brain-tumor-classification/data/raw/brain_mri/test/meningioma_tumor/original_279_6719.png,1,3,0.52817404
/Users/nafisebahoosh/Developer/DataScience/brain-tumor-classification/data/raw/brain_mri/test/meningioma_tumor/original_281_6722.png,1,1,0.8382476
/Users/nafisebahoosh/Developer/DataScience/brain-tumor-classification/data/raw/brain_mri/test/meningioma_tumor/original_286_6727.png,1,0,0.43672287
/Users/nafisebahoosh/Developer/DataScience/brain-tumor-classification/data/raw/brain_mri/test/meningioma_tumor/original_288_6729.png,1,2,0.6232434
/Users/nafisebahoosh/Developer/DataScience/brain-tumor-classification/data/raw/brain_mri/test/meningioma_tumor/original_293_6735.png,1,1,0.8129648
/Users/nafisebahoosh/Developer/DataScience/brain-tumor-classification/data/raw/brain_mri/test/meningioma_tumor/original_307_6751.png,1,2,0.9138623
/Users/nafisebahoosh/Developer/DataScience/brain-tumor-classification/data/raw/brain_mri/test/meningioma_tumor/original_311_6756.png,1,1,0.6710822
/Users/nafisebahoosh/Developer/DataScience/brain-tumor-classification/data/raw/brain_mri/test/meningioma_tumor/original_337_6784.png,1,1,0.9642846
/Users/nafisebahoosh/Developer/DataScience/brain-tumor-classification/data/raw/brain_mri/test/meningioma_tumor/original_34_6787.png,1,1,0.745263
/Users/nafisebahoosh/Developer/DataScience/brain-tumor-classification/data/raw/brain_mri/test/meningioma_tumor/original_363_6813.png,1,1,0.6784023
/Users/nafisebahoosh/Developer/DataScience/brain-tumor-classification/data/raw/brain_mri/test/meningioma_tumor/original_378_6829.png,1,3,0.50687355
/Users/nafisebahoosh/Developer/DataScience/brain-tumor-classification/data/raw/brain_mri/test/meningioma_tumor/original_380_6832.png,1,1,0.5646229
/Users/nafisebahoosh/Developer/DataScience/brain-tumor-classification/data/raw/brain_mri/test/meningioma_tumor/original_38_722.png,1,3,0.50868845
/Users/nafisebahoosh/Developer/DataScience/brain-tumor-classification/data/raw/brain_mri/test/meningioma_tumor/original_407_6862.png,1,0,0.85412234
/Users/nafisebahoosh/Developer/DataScience/brain-tumor-classification/data/raw/brain_mri/test/meningioma_tumor/original_40_6854.png,1,1,0.36122775
/Users/nafisebahoosh/Developer/DataScience/brain-tumor-classification/data/raw/brain_mri/test/meningioma_tumor/original_419_6875.png,1,1,0.7163771
/Users/nafisebahoosh/Developer/DataScience/brain-tumor-classification/data/raw/brain_mri/test/meningioma_tumor/original_423_6880.png,1,0,0.57514125
/Users/nafisebahoosh/Developer/DataScience/brain-tumor-classification/data/raw/brain_mri/test/meningioma_tumor/original_432_6890.png,1,1,0.8690075
/Users/nafisebahoosh/Developer/DataScience/brain-tumor-classification/data/raw/brain_mri/test/meningioma_tumor/original_443_6902.png,1,1,0.729807
/Users/nafisebahoosh/Developer/DataScience/brain-tumor-classification/data/raw/brain_mri/test/meningioma_tumor/original_447_6906.png,1,3,0.45450136
/Users/nafisebahoosh/Developer/DataScience/brain-tumor-classification/data/raw/brain_mri/test/meningioma_tumor/original_458_6918.png,1,1,0.8540263
/Users/nafisebahoosh/Developer/DataScience/brain-tumor-classification/data/raw/brain_mri/test/meningioma_tumor/original_45_6909.png,1,3,0.9328309
/Users/nafisebahoosh/Developer/DataScience/brain-tumor-classification/data/raw/brain_mri/test/meningioma_tumor/original_469_6930.png,1,1,0.36383995
/Users/nafisebahoosh/Developer/DataScience/brain-tumor-classification/data/raw/brain_mri/test/meningioma_tumor/original_46_12403.png,1,1,0.42799675
/Users/nafisebahoosh/Developer/DataScience/brain-tumor-classification/data/raw/brain_mri/test/meningioma_tumor/original_473_6935.png,1,1,0.69275683
/Users/nafisebahoosh/Developer/DataScience/brain-tumor-classification/data/raw/brain_mri/test/meningioma_tumor/original_479_6941.png,1,1,0.8369403
/Users/nafisebahoosh/Developer/DataScience/brain-tumor-classification/data/raw/brain_mri/test/meningioma_tumor/original_493_6957.png,1,2,0.480664
/Users/nafisebahoosh/Developer/DataScience/brain-tumor-classification/data/raw/brain_mri/test/meningioma_tumor/original_501_6967.png,1,2,0.705307
/Users/nafisebahoosh/Developer/DataScience/brain-tumor-classification/data/raw/brain_mri/test/meningioma_tumor/original_508_6974.png,1,1,0.88305664
/Users/nafisebahoosh/Developer/DataScience/brain-tumor-classification/data/raw/brain_mri/test/meningioma_tumor/original_512_6979.png,1,3,0.8002599
/Users/nafisebahoosh/Developer/DataScience/brain-tumor-classification/data/raw/brain_mri/test/meningioma_tumor/original_518_6985.png,1,1,0.52706873
/Users/nafisebahoosh/Developer/DataScience/brain-tumor-classification/data/raw/brain_mri/test/meningioma_tumor/original_525_6993.png,1,1,0.75243384
/Users/nafisebahoosh/Developer/DataScience/brain-tumor-classification/data/raw/brain_mri/test/meningioma_tumor/original_53_739.png,1,1,0.59372246
/Users/nafisebahoosh/Developer/DataScience/brain-tumor-classification/data/raw/brain_mri/test/meningioma_tumor/original_547_7017.png,1,1,0.7155065
/Users/nafisebahoosh/Developer/DataScience/brain-tumor-classification/data/raw/brain_mri/test/meningioma_tumor/original_560_7032.png,1,1,0.61374027
/Users/nafisebahoosh/Developer/DataScience/brain-tumor-classification/data/raw/brain_mri/test/meningioma_tumor/original_567_7039.png,1,0,0.6352029
/Users/nafisebahoosh/Developer/DataScience/brain-tumor-classification/data/raw/brain_mri/test/meningioma_tumor/original_56_12414.png,1,3,0.4712294
/Users/nafisebahoosh/Developer/DataScience/brain-tumor-classification/data/raw/brain_mri/test/meningioma_tumor/original_57_743.png,1,1,0.8502479
/Users/nafisebahoosh/Developer/DataScience/brain-tumor-classification/data/raw/brain_mri/test/meningioma_tumor/original_581_7055.png,1,1,0.7380441
/Users/nafisebahoosh/Developer/DataScience/brain-tumor-classification/data/raw/brain_mri/test/meningioma_tumor/original_598_7073.png,1,2,0.517457
/Users/nafisebahoosh/Developer/DataScience/brain-tumor-classification/data/raw/brain_mri/test/meningioma_tumor/original_59_12417.png,1,1,0.797233
/Users/nafisebahoosh/Developer/DataScience/brain-tumor-classification/data/raw/brain_mri/test/meningioma_tumor/original_5_6964.png,1,1,0.55145246
/Users/nafisebahoosh/Developer/DataScience/brain-tumor-classification/data/raw/brain_mri/test/meningioma_tumor/original_608_7085.png,1,0,0.5076634
/Users/nafisebahoosh/Developer/DataScience/brain-tumor-classification/data/raw/brain_mri/test/meningioma_tumor/original_624_7103.png,1,1,0.5767938
/Users/nafisebahoosh/Developer/DataScience/brain-tumor-classification/data/raw/brain_mri/test/meningioma_tumor/original_646_7127.png,1,1,0.8749085
/Users/nafisebahoosh/Developer/DataScience/brain-tumor-classification/data/raw/brain_mri/test/meningioma_tumor/original_654_7136.png,1,0,0.73901886
/Users/nafisebahoosh/Developer/DataScience/brain-tumor-classification/data/raw/brain_mri/test/meningioma_tumor/original_672_7156.png,1,1,0.84362304
/Users/nafisebahoosh/Developer/DataScience/brain-tumor-classification/data/raw/brain_mri/test/meningioma_tumor/original_67_12426.png,1,1,0.75060093
/Users/nafisebahoosh/Developer/DataScience/brain-tumor-classification/data/raw/brain_mri/test/meningioma_tumor/original_67_7153.png,1,1,0.5079757
/Users/nafisebahoosh/Developer/DataScience/brain-tumor-classification/data/raw/brain_mri/test/meningioma_tumor/original_707_7195.png,1,0,0.858252
/Users/nafisebahoosh/Developer/DataScience/brain-tumor-classification/data/raw/brain_mri/test/meningioma_tumor/original_713_7202.png,1,1,0.83519256
/Users/nafisebahoosh/Developer/DataScience/brain-tumor-classification/data/raw/brain_mri/test/meningioma_tumor/original_719_7208.png,1,3,0.795832
/Users/nafisebahoosh/Developer/DataScience/brain-tumor-classification/data/raw/brain_mri/test/meningioma_tumor/original_720_7210.png,1,1,0.54653233
/Users/nafisebahoosh/Developer/DataScience/brain-tumor-classification/data/raw/brain_mri/test/meningioma_tumor/original_72_7209.png,1,1,0.62373143
/Users/nafisebahoosh/Developer/DataScience/brain-tumor-classification/data/raw/brain_mri/test/meningioma_tumor/original_749_7241.png,1,1,0.50497603
/Users/nafisebahoosh/Developer/DataScience/brain-tumor-classification/data/raw/brain_mri/test/meningioma_tumor/original_74_12434.png,1,1,0.74756277
/Users/nafisebahoosh/Developer/DataScience/brain-tumor-classification/data/raw/brain_mri/test/meningioma_tumor/original_76_7251.png,1,1,0.7862671
/Users/nafisebahoosh/Developer/DataScience/brain-tumor-classification/data/raw/brain_mri/test/meningioma_tumor/original_78_766.png,1,1,0.6257269
/Users/nafisebahoosh/Developer/DataScience/brain-tumor-classification/data/raw/brain_mri/test/meningioma_tumor/original_79_7254.png,1,1,0.5555553
/Users/nafisebahoosh/Developer/DataScience/brain-tumor-classification/data/raw/brain_mri/test/meningioma_tumor/original_88_777.png,1,0,0.61604506
/Users/nafisebahoosh/Developer/DataScience/brain-tumor-classification/data/raw/brain_mri/test/meningioma_tumor/original_92_7269.png,1,1,0.776302
/Users/nafisebahoosh/Developer/DataScience/brain-tumor-classification/data/raw/brain_mri/test/meningioma_tumor/original_9_12444.png,1,1,0.7820074
/Users/nafisebahoosh/Developer/DataScience/brain-tumor-classification/data/raw/brain_mri/test/no_tumor/bright_img_117_7297.png,2,1,0.66462195
/Users/nafisebahoosh/Developer/DataScience/brain-tumor-classification/data/raw/brain_mri/test/no_tumor/bright_img_120_7301.png,2,2,0.9801281
/Users/nafisebahoosh/Developer/DataScience/brain-tumor-classification/data/raw/brain_mri/test/no_tumor/bright_img_123_7304.png,2,2,0.94478476
/Users/nafisebahoosh/Developer/DataScience/brain-tumor-classification/data/raw/brain_mri/test/no_tumor/bright_img_133_7315.png,2,2,0.9225229
/Users/nafisebahoosh/Developer/DataScience/brain-tumor-classification/data/raw/brain_mri/test/no_tumor/bright_img_138_7320.png,2,2,0.92178917
/Users/nafisebahoosh/Developer/DataScience/brain-tumor-classification/data/raw/brain_mri/test/no_tumor/bright_img_166_7351.png,2,2,0.9508723
/Users/nafisebahoosh/Developer/DataScience/brain-tumor-classification/data/raw/brain_mri/test/no_tumor/bright_img_16_7344.png,2,2,0.9559088
/Users/nafisebahoosh/Developer/DataScience/brain-tumor-classification/data/raw/brain_mri/test/no_tumor/bright_img_187_7374.png,2,2,0.9456395
/Users/nafisebahoosh/Developer/DataScience/brain-tumor-classification/data/raw/brain_mri/test/no_tumor/bright_img_200_7390.png,2,2,0.4301165
/Users/nafisebahoosh/Developer/DataScience/brain-tumor-classification/data/raw/brain_mri/test/no_tumor/bright_img_21_802.png,2,2,0.47596493
/Users/nafisebahoosh/Developer/DataScience/brain-tumor-classification/data/raw/brain_mri/test/no_tumor/bright_img_222_7414.png,2,2,0.9583737
/Users/nafisebahoosh/Developer/DataScience/brain-tumor-classification/data/raw/brain_mri/test/no_tumor/bright_img_23_804.png,2,2,0.9497844
/Users/nafisebahoosh/Developer/DataScience/brain-tumor-classification/data/raw/brain_mri/test/no_tumor/bright_img_255_7450.png,2,3,0.4338819
/Users/nafisebahoosh/Developer/DataScience/brain-tumor-classification/data/raw/brain_mri/test/no_tumor/bright_img_293_7492.png,2,2,0.88416636
/Users/nafisebahoosh/Developer/DataScience/brain-tumor-classification/data/raw/brain_mri/test/no_tumor/bright_img_318_7520.png,2,2,0.98685014
/Users/nafisebahoosh/Developer/DataScience/brain-tumor-classification/data/raw/brain_mri/test/no_tumor/bright_img_319_7521.png,2,2,0.8839969
/Users/nafisebahoosh/Developer/DataScience/brain-tumor-classification/data/raw/brain_mri/test/no_tumor/bright_img_322_7525.png,2,2,0.47863212
/Users/nafisebahoosh/Developer/DataScience/brain-tumor-classification/data/raw/brain_mri/test/no_tumor/bright_img_324_7527.png,2,2,0.9972759
/Users/nafisebahoosh/Developer/DataScience/brain-tumor-classification/data/raw/brain_mri/test/no_tumor/bright_img_328_7531.png,2,1,0.86893064
/Users/nafisebahoosh/Developer/DataScience/brain-tumor-classification/data/raw/brain_mri/test/no_tumor/bright_img_329_7532.png,2,1,0.52117157
/Users/nafisebahoosh/Developer/DataScience/brain-tumor-classification/data/raw/brain_mri/test/no_tumor/bright_img_32_7522.png,2,2,0.66353995
/Users/nafisebahoosh/Developer/DataScience/brain-tumor-classification/data/raw/brain_mri/test/no_tumor/bright_img_33_12471.png,2,2,0.82899034
/Users/nafisebahoosh/Developer/DataScience/brain-tumor-classification/data/raw/brain_mri/test/no_tumor/bright_img_33_7533.png,2,2,0.9581439
/Users/nafisebahoosh/Developer/DataScience/brain-tumor-classification/data/raw/brain_mri/test/no_tumor/bright_img_35_12473.png,2,2,0.7350783
/Users/nafisebahoosh/Developer/DataScience/brain-tumor-classification/data/raw/brain_mri/test/no_tumor/bright_img_372_7580.png,2,2,0.64318746
/Users/nafisebahoosh/Developer/DataScience/brain-tumor-classification/data/raw/brain_mri/test/no_tumor/bright_img_37_12475.png,2,2,0.8427299
/Users/nafisebahoosh/Developer/DataScience/brain-tumor-classification/data/raw/brain_mri/test/no_tumor/bright_img_383_7592.png,2,1,0.64246017
/Users/nafisebahoosh/Developer/DataScience/brain-tumor-classification/data/raw/brain_mri/test/no_tumor/bright_img_38_7588.png,2,2,0.98562986
/Users/nafisebahoosh/Developer/DataScience/brain-tumor-classification/data/raw/brain_mri/test/no_tumor/bright_img_3_811.png,2,2,0.9486344
/Users/nafisebahoosh/Developer/DataScience/brain-tumor-classification/data/raw/brain_mri/test/no_tumor/bright_img_43_7606.png,2,2,0.759367
/Users/nafisebahoosh/Developer/DataScience/brain-tumor-classification/data/raw/brain_mri/test/no_tumor/bright_img_49_7612.png,2,2,0.97631174
/Users/nafisebahoosh/Developer/DataScience/brain-tumor-classification/data/raw/brain_mri/test/no_tumor/bright_img_4_7602.png,2,2,0.9652504
/Users/nafisebahoosh/Developer/DataScience/brain-tumor-classification/data/raw/brain_mri/test/no_tumor/bright_img_4_822.png,2,2,0.93765724
/Users/nafisebahoosh/Developer/DataScience/brain-tumor-classification/data/raw/brain_mri/test/no_tumor/bright_img_60_7625.png,2,2,0.9012877
/Users/nafisebahoosh/Developer/DataScience/brain-tumor-classification/data/raw/brain_mri/test/no_tumor/bright_img_83_7650.png,2,2,0.9322676
/Users/nafisebahoosh/Developer/DataScience/brain-tumor-classification/data/raw/brain_mri/test/no_tumor/bright_img_85_7652.png,2,1,0.6176765
/Users/nafisebahoosh/Developer/DataScience/brain-tumor-classification/data/raw/brain_mri/test/no_tumor/bright_img_9_7657.png,2,2,0.927383
/Users/nafisebahoosh/Developer/DataScience/brain-tumor-classification/data/raw/brain_mri/test/no_tumor/flip_horz_10_7669.png,2,1,0.8726975
/Users/nafisebahoosh/Developer/DataScience/brain-tumor-classification/data/raw/brain_mri/test/no_tumor/flip_horz_139_7712.png,2,0,0.46096125
/Users/nafisebahoosh/Developer/DataScience/brain-tumor-classification/data/raw/brain_mri/test/no_tumor/flip_horz_140_7714.png,2,2,0.7171112
/Users/nafisebahoosh/Developer/DataScience/brain-tumor-classification/data/raw/brain_mri/test/no_tumor/flip_horz_158_7733.png,2,2,0.64725983
/Users/nafisebahoosh/Developer/DataScience/brain-tumor-classification/data/raw/brain_mri/test/no_tumor/flip_horz_170_7747.png,2,2,0.98905164
/Users/nafisebahoosh/Developer/DataScience/brain-tumor-classification/data/raw/brain_mri/test/no_tumor/flip_horz_191_7770.png,2,2,0.9517563
/Users/nafisebahoosh/Developer/DataScience/brain-tumor-classification/data/raw/brain_mri/test/no_tumor/flip_horz_205_7786.png,2,2,0.7797746
/Users/nafisebahoosh/Developer/DataScience/brain-tumor-classification/data/raw/brain_mri/test/no_tumor/flip_horz_209_7790.png,2,2,0.7807275
/Users/nafisebahoosh/Developer/DataScience/brain-tumor-classification/data/raw/brain_mri/test/no_tumor/flip_horz_213_7795.png,2,2,0.7585181
/Users/nafisebahoosh/Developer/DataScience/brain-tumor-classification/data/raw/brain_mri/test/no_tumor/flip_horz_218_7800.png,2,2,0.88101625
/Users/nafisebahoosh/Developer/DataScience/brain-tumor-classification/data/raw/brain_mri/test/no_tumor/flip_horz_225_7808.png,2,2,0.65219796
/Users/nafisebahoosh/Developer/DataScience/brain-tumor-classification/data/raw/brain_mri/test/no_tumor/flip_horz_226_7809.png,2,1,0.4901637
/Users/nafisebahoosh/Developer/DataScience/brain-tumor-classification/data/raw/brain_mri/test/no_tumor/flip_horz_238_7822.png,2,1,0.496629
/Users/nafisebahoosh/Developer/DataScience/brain-tumor-classification/data/raw/brain_mri/test/no_tumor/flip_horz_241_7826.png,2,3,0.6446743
/Users/nafisebahoosh/Developer/DataScience/brain-tumor-classification/data/raw/brain_mri/test/no_tumor/flip_horz_254_7840.png,2,1,0.5166164
/Users/nafisebahoosh/Developer/DataScience/brain-tumor-classification/data/raw/brain_mri/test/no_tumor/flip_horz_268_7855.png,2,2,0.948415
/Users/nafisebahoosh/Developer/DataScience/brain-tumor-classification/data/raw/brain_mri/test/no_tumor/flip_horz_271_7859.png,2,2,0.6198135
/Users/nafisebahoosh/Developer/DataScience/brain-tumor-classification/data/raw/brain_mri/test/no_tumor/flip_horz_274_7862.png,2,2,0.7810554
/Users/nafisebahoosh/Developer/DataScience/brain-tumor-classification/data/raw/brain_mri/test/no_tumor/flip_horz_275_7863.png,2,0,0.48733526
/Users/nafisebahoosh/Developer/DataScience/brain-tumor-classification/data/raw/brain_mri/test/no_tumor/flip_horz_276_7864.png,2,2,0.9501491
/Users/nafisebahoosh/Developer/DataScience/brain-tumor-classification/data/raw/brain_mri/test/no_tumor/flip_horz_278_7866.png,2,2,0.9689173
/Users/nafisebahoosh/Developer/DataScience/brain-tumor-classification/data/raw/brain_mri/test/no_tumor/flip_horz_27_851.png,2,2,0.52479887
/Users/nafisebahoosh/Developer/DataScience/brain-tumor-classification/data/raw/brain_mri/test/no_tumor/flip_horz_280_7869.png,2,1,0.8726975
/Users/nafisebahoosh/Developer/DataScience/brain-tumor-classification/data/raw/brain_mri/test/no_tumor/flip_horz_302_7894.png,2,2,0.63247025
/Users/nafisebahoosh/Developer/DataScience/brain-tumor-classification/data/raw/brain_mri/test/no_tumor/flip_horz_310_7903.png,2,2,0.6749851
/Users/nafisebahoosh/Developer/DataScience/brain-tumor-classification/data/raw/brain_mri/test/no_tumor/flip_horz_319_7912.png,2,3,0.80070513
/Users/nafisebahoosh/Developer/DataScience/brain-tumor-classification/data/raw/brain_mri/test/no_tumor/flip_horz_31_7902.png,2,3,0.9881309
/Users/nafisebahoosh/Developer/DataScience/brain-tumor-classification/data/raw/brain_mri/test/no_tumor/flip_horz_325_7919.png,2,2,0.9948096
/Users/nafisebahoosh/Developer/DataScience/brain-tumor-classification/data/raw/brain_mri/test/no_tumor/flip_horz_32_857.png,2,2,0.6290955
/Users/nafisebahoosh/Developer/DataScience/brain-tumor-classification/data/raw/brain_mri/test/no_tumor/flip_horz_348_7944.png,2,2,0.79555076
/Users/nafisebahoosh/Developer/DataScience/brain-tumor-classification/data/raw/brain_mri/test/no_tumor/flip_horz_350_7947.png,2,2,0.949996
/Users/nafisebahoosh/Developer/DataScience/brain-tumor-classification/data/raw/brain_mri/test/no_tumor/flip_horz_356_7953.png,2,2,0.92011344
/Users/nafisebahoosh/Developer/DataScience/brain-tumor-classification/data/raw/brain_mri/test/no_tumor/flip_horz_360_7958.png,2,2,0.9235256
/Users/nafisebahoosh/Developer/DataScience/brain-tumor-classification/data/raw/brain_mri/test/no_tumor/flip_horz_365_7963.png,2,2,0.8289505
/Users/nafisebahoosh/Developer/DataScience/brain-tumor-classification/data/raw/brain_mri/test/no_tumor/flip_horz_36_12541.png,2,3,0.45494524
/Users/nafisebahoosh/Developer/DataScience/brain-tumor-classification/data/raw/brain_mri/test/no_tumor/flip_horz_36_861.png,2,2,0.9989421
/Users/nafisebahoosh/Developer/DataScience/brain-tumor-classification/data/raw/brain_mri/test/no_tumor/flip_horz_370_7969.png,2,1,0.496629
/Users/nafisebahoosh/Developer/DataScience/brain-tumor-classification/data/raw/brain_mri/test/no_tumor/flip_horz_37_7968.png,2,2,0.4355987
/Users/nafisebahoosh/Developer/DataScience/brain-tumor-classification/data/raw/brain_mri/test/no_tumor/flip_horz_381_7981.png,2,2,0.9494028
/Users/nafisebahoosh/Developer/DataScience/brain-tumor-classification/data/raw/brain_mri/test/no_tumor/flip_horz_386_7986.png,2,1,0.74518204
/Users/nafisebahoosh/Developer/DataScience/brain-tumor-classification/data/raw/brain_mri/test/no_tumor/flip_horz_387_7987.png,2,3,0.53024435
/Users/nafisebahoosh/Developer/DataScience/brain-tumor-classification/data/raw/brain_mri/test/no_tumor/flip_horz_388_7988.png,2,0,0.6242631
/Users/nafisebahoosh/Developer/DataScience/brain-tumor-classification/data/raw/brain_mri/test/no_tumor/flip_horz_38_12543.png,2,2,0.9173453
/Users/nafisebahoosh/Developer/DataScience/brain-tumor-classification/data/raw/brain_mri/test/no_tumor/flip_horz_38_863.png,2,3,0.3388372
/Users/nafisebahoosh/Developer/DataScience/brain-tumor-classification/data/raw/brain_mri/test/no_tumor/flip_horz_390_7991.png,2,2,0.9616148
/Users/nafisebahoosh/Developer/DataScience/brain-tumor-classification/data/raw/brain_mri/test/no_tumor/flip_horz_43_7997.png,2,2,0.70229506
/Users/nafisebahoosh/Developer/DataScience/brain-tumor-classification/data/raw/brain_mri/test/no_tumor/flip_horz_45_12551.png,2,2,0.5903918
/Users/nafisebahoosh/Developer/DataScience/brain-tumor-classification/data/raw/brain_mri/test/no_tumor/flip_horz_45_7999.png,2,2,0.92011344
/Users/nafisebahoosh/Developer/DataScience/brain-tumor-classification/data/raw/brain_mri/test/no_tumor/flip_horz_4_12545.png,2,2,0.6269678
/Users/nafisebahoosh/Developer/DataScience/brain-tumor-classification/data/raw/brain_mri/test/no_tumor/flip_horz_4_7993.png,2,2,0.9255344
/Users/nafisebahoosh/Developer/DataScience/brain-tumor-classification/data/raw/brain_mri/test/no_tumor/flip_horz_55_8010.png,2,2,0.7810554
/Users/nafisebahoosh/Developer/DataScience/brain-tumor-classification/data/raw/brain_mri/test/no_tumor/flip_horz_60_8016.png,2,2,0.7468058
/Users/nafisebahoosh/Developer/DataScience/brain-tumor-classification/data/raw/brain_mri/test/no_tumor/flip_horz_6_8015.png,2,3,0.6229507
/Users/nafisebahoosh/Developer/DataScience/brain-tumor-classification/data/raw/brain_mri/test/no_tumor/flip_horz_73_8030.png,2,2,0.8367872
/Users/nafisebahoosh/Developer/DataScience/brain-tumor-classification/data/raw/brain_mri/test/no_tumor/flip_horz_86_8044.png,2,1,0.5274204
/Users/nafisebahoosh/Developer/DataScience/brain-tumor-classification/data/raw/brain_mri/test/no_tumor/flip_horz_88_8046.png,2,2,0.96582216
/Users/nafisebahoosh/Developer/DataScience/brain-tumor-classification/data/raw/brain_mri/test/no_tumor/flip_horz_8_12577.png,2,2,0.97078395
/Users/nafisebahoosh/Developer/DataScience/brain-tumor-classification/data/raw/brain_mri/test/no_tumor/flip_horz_9_12578.png,2,2,0.6897909
/Users/nafisebahoosh/Developer/DataScience/brain-tumor-classification/data/raw/brain_mri/test/no_tumor/flip_horz_9_8048.png,2,2,0.8332444
/Users/nafisebahoosh/Developer/DataScience/brain-tumor-classification/data/raw/brain_mri/test/no_tumor/flip_vert_11_12581.png,2,0,0.6590386
/Users/nafisebahoosh/Developer/DataScience/brain-tumor-classification/data/raw/brain_mri/test/no_tumor/flip_vert_11_8071.png,2,2,0.96296936
/Users/nafisebahoosh/Developer/DataScience/brain-tumor-classification/data/raw/brain_mri/test/no_tumor/flip_vert_13_8093.png,2,2,0.9465808
/Users/nafisebahoosh/Developer/DataScience/brain-tumor-classification/data/raw/brain_mri/test/no_tumor/flip_vert_146_8111.png,2,2,0.9605987
/Users/nafisebahoosh/Developer/DataScience/brain-tumor-classification/data/raw/brain_mri/test/no_tumor/flip_vert_155_8121.png,2,0,0.44328338
/Users/nafisebahoosh/Developer/DataScience/brain-tumor-classification/data/raw/brain_mri/test/no_tumor/flip_vert_163_8130.png,2,2,0.77649665
/Users/nafisebahoosh/Developer/DataScience/brain-tumor-classification/data/raw/brain_mri/test/no_tumor/flip_vert_16_882.png,2,2,0.5748541
/Users/nafisebahoosh/Developer/DataScience/brain-tumor-classification/data/raw/brain_mri/test/no_tumor/flip_vert_17_883.png,2,1,0.5089098
/Users/nafisebahoosh/Developer/DataScience/brain-tumor-classification/data/raw/brain_mri/test/no_tumor/flip_vert_183_8152.png,2,2,0.52023184
/Users/nafisebahoosh/Developer/DataScience/brain-tumor-classification/data/raw/brain_mri/test/no_tumor/flip_vert_184_8153.png,2,2,0.48518577
/Users/nafisebahoosh/Developer/DataScience/brain-tumor-classification/data/raw/brain_mri/test/no_tumor/flip_vert_194_8164.png,2,2,0.88099355
/Users/nafisebahoosh/Developer/DataScience/brain-tumor-classification/data/raw/brain_mri/test/no_tumor/flip_vert_196_8166.png,2,2,0.45392865
/Users/nafisebahoosh/Developer/DataScience/brain-tumor-classification/data/raw/brain_mri/test/no_tumor/flip_vert_197_8167.png,2,2,0.8202523
/Users/nafisebahoosh/Developer/DataScience/brain-tumor-classification/data/raw/brain_mri/test/no_tumor/flip_vert_199_8169.png,2,2,0.97940093
/Users/nafisebahoosh/Developer/DataScience/brain-tumor-classification/data/raw/brain_mri/test/no_tumor/flip_vert_206_8178.png,2,2,0.703485
/Users/nafisebahoosh/Developer/DataScience/brain-tumor-classification/data/raw/brain_mri/test/no_tumor/flip_vert_208_8180.png,2,2,0.7160484
/Users/nafisebahoosh/Developer/DataScience/brain-tumor-classification/data/raw/brain_mri/test/no_tumor/flip_vert_209_8181.png,2,2,0.9509976
/Users/nafisebahoosh/Developer/DataScience/brain-tumor-classification/data/raw/brain_mri/test/no_tumor/flip_vert_20_12591.png,2,2,0.94050545
/Users/nafisebahoosh/Developer/DataScience/brain-tumor-classification/data/raw/brain_mri/test/no_tumor/flip_vert_20_8171.png,2,2,0.7903806
/Users/nafisebahoosh/Developer/DataScience/brain-tumor-classification/data/raw/brain_mri/test/no_tumor/flip_vert_213_8186.png,2,2,0.9269657
/Users/nafisebahoosh/Developer/DataScience/brain-tumor-classification/data/raw/brain_mri/test/no_tumor/flip_vert_215_8188.png,2,2,0.40536928
/Users/nafisebahoosh/Developer/DataScience/brain-tumor-classification/data/raw/brain_mri/test/no_tumor/flip_vert_218_8191.png,2,2,0.76425713
/Users/nafisebahoosh/Developer/DataScience/brain-tumor-classification/data/raw/brain_mri/test/no_tumor/flip_vert_21_8182.png,2,2,0.766754
/Users/nafisebahoosh/Developer/DataScience/brain-tumor-classification/data/raw/brain_mri/test/no_tumor/flip_vert_228_8202.png,2,2,0.95490354
/Users/nafisebahoosh/Developer/DataScience/brain-tumor-classification/data/raw/brain_mri/test/no_tumor/flip_vert_237_8212.png,2,2,0.6009344
/Users/nafisebahoosh/Developer/DataScience/brain-tumor-classification/data/raw/brain_mri/test/no_tumor/flip_vert_24_891.png,2,2,0.97940093
/Users/nafisebahoosh/Developer/DataScience/brain-tumor-classification/data/raw/brain_mri/test/no_tumor/flip_vert_253_8230.png,2,1,0.49490646
/Users/nafisebahoosh/Developer/DataScience/brain-tumor-classification/data/raw/brain_mri/test/no_tumor/flip_vert_259_8236.png,2,2,0.50475293
/Users/nafisebahoosh/Developer/DataScience/brain-tumor-classification/data/raw/brain_mri/test/no_tumor/flip_vert_25_12596.png,2,2,0.4667963
/Users/nafisebahoosh/Developer/DataScience/brain-tumor-classification/data/raw/brain_mri/test/no_tumor/flip_vert_25_8226.png,2,2,0.8353813
/Users/nafisebahoosh/Developer/DataScience/brain-tumor-classification/data/raw/brain_mri/test/no_tumor/flip_vert_261_8239.png,2,1,0.47770274
/Users/nafisebahoosh/Developer/DataScience/brain-tumor-classification/data/raw/brain_mri/test/no_tumor/flip_vert_281_8261.png,2,2,0.95941603
/Users/nafisebahoosh/Developer/DataScience/brain-tumor-classification/data/raw/brain_mri/test/no_tumor/flip_vert_299_8280.png,2,2,0.76088166
/Users/nafisebahoosh/Developer/DataScience/brain-tumor-classification/data/raw/brain_mri/test/no_tumor/flip_vert_302_8285.png,2,2,0.8926165
/Users/nafisebahoosh/Developer/DataScience/brain-tumor-classification/data/raw/brain_mri/test/no_tumor/flip_vert_30_8282.png,2,2,0.95941603
/Users/nafisebahoosh/Developer/DataScience/brain-tumor-classification/data/raw/brain_mri/test/no_tumor/flip_vert_31_8293.png,2,2,0.66458404
/Users/nafisebahoosh/Developer/DataScience/brain-tumor-classification/data/raw/brain_mri/test/no_tumor/flip_vert_320_8305.png,2,2,0.86085004
/Users/nafisebahoosh/Developer/DataScience/brain-tumor-classification/data/raw/brain_mri/test/no_tumor/flip_vert_331_8317.png,2,2,0.63454586
/Users/nafisebahoosh/Developer/DataScience/brain-tumor-classification/data/raw/brain_mri/test/no_tumor/flip_vert_348_8335.png,2,2,0.88856256
/Users/nafisebahoosh/Developer/DataScience/brain-tumor-classification/data/raw/brain_mri/test/no_tumor/flip_vert_349_8336.png,2,2,0.8928287
/Users/nafisebahoosh/Developer/DataScience/brain-tumor-classification/data/raw/brain_mri/test/no_tumor/flip_vert_374_8364.png,2,2,0.96498656
/Users/nafisebahoosh/Developer/DataScience/brain-tumor-classification/data/raw/brain_mri/test/no_tumor/flip_vert_37_905.png,2,2,0.9802381
/Users/nafisebahoosh/Developer/DataScience/brain-tumor-classification/data/raw/brain_mri/test/no_tumor/flip_vert_382_8373.png,2,2,0.9170734
/Users/nafisebahoosh/Developer/DataScience/brain-tumor-classification/data/raw/brain_mri/test/no_tumor/flip_vert_388_8379.png,2,2,0.9581361
/Users/nafisebahoosh/Developer/DataScience/brain-tumor-classification/data/raw/brain_mri/test/no_tumor/flip_vert_38_906.png,2,2,0.50475293
/Users/nafisebahoosh/Developer/DataScience/brain-tumor-classification/data/raw/brain_mri/test/no_tumor/flip_vert_3_8281.png,2,2,0.4341196
/Users/nafisebahoosh/Developer/DataScience/brain-tumor-classification/data/raw/brain_mri/test/no_tumor/flip_vert_3_897.png,2,2,0.88166875
/Users/nafisebahoosh/Developer/DataScience/brain-tumor-classification/data/raw/brain_mri/test/no_tumor/flip_vert_42_911.png,2,2,0.45392865
/Users/nafisebahoosh/Developer/DataScience/brain-tumor-classification/data/raw/brain_mri/test/no_tumor/flip_vert_43_8388.png,2,2,0.80735916
/Users/nafisebahoosh/Developer/DataScience/brain-tumor-classification/data/raw/brain_mri/test/no_tumor/flip_vert_45_8390.png,2,2,0.95941603
/Users/nafisebahoosh/Developer/DataScience/brain-tumor-classification/data/raw/brain_mri/test/no_tumor/flip_vert_47_12620.png,2,2,0.989061
/Users/nafisebahoosh/Developer/DataScience/brain-tumor-classification/data/raw/brain_mri/test/no_tumor/flip_vert_49_12622.png,2,2,0.9076907
/Users/nafisebahoosh/Developer/DataScience/brain-tumor-classification/data/raw/brain_mri/test/no_tumor/flip_vert_51_12625.png,2,2,0.9451048
/Users/nafisebahoosh/Developer/DataScience/brain-tumor-classification/data/raw/brain_mri/test/no_tumor/flip_vert_52_12626.png,2,2,0.9170734
/Users/nafisebahoosh/Developer/DataScience/brain-tumor-classification/data/raw/brain_mri/test/no_tumor/flip_vert_53_12627.png,2,2,0.9938122
/Users/nafisebahoosh/Developer/DataScience/brain-tumor-classification/data/raw/brain_mri/test/no_tumor/flip_vert_55_8401.png,2,2,0.7179319
/Users/nafisebahoosh/Developer/DataScience/brain-tumor-classification/data/raw/brain_mri/test/no_tumor/flip_vert_56_8402.png,2,2,0.9662179
/Users/nafisebahoosh/Developer/DataScience/brain-tumor-classification/data/raw/brain_mri/test/no_tumor/flip_vert_57_8403.png,2,1,0.5777847
/Users/nafisebahoosh/Developer/DataScience/brain-tumor-classification/data/raw/brain_mri/test/no_tumor/flip_vert_62_8409.png,2,1,0.44373244
/Users/nafisebahoosh/Developer/DataScience/brain-tumor-classification/data/raw/brain_mri/test/no_tumor/flip_vert_66_8413.png,2,2,0.94650704
/Users/nafisebahoosh/Developer/DataScience/brain-tumor-classification/data/raw/brain_mri/test/no_tumor/flip_vert_81_8430.png,2,2,0.6474996
/Users/nafisebahoosh/Developer/DataScience/brain-tumor-classification/data/raw/brain_mri/test/no_tumor/flip_vert_86_8435.png,2,2,0.6009344
/Users/nafisebahoosh/Developer/DataScience/brain-tumor-classification/data/raw/brain_mri/test/no_tumor/flip_vert_88_8437.png,2,2,0.98111033
/Users/nafisebahoosh/Developer/DataScience/brain-tumor-classification/data/raw/brain_mri/test/no_tumor/flip_vert_8_916.png,2,2,0.96606964
/Users/nafisebahoosh/Developer/DataScience/brain-tumor-classification/data/raw/brain_mri/test/no_tumor/flip_vert_9_917.png,2,2,0.85659087
/Users/nafisebahoosh/Developer/DataScience/brain-tumor-classification/data/raw/brain_mri/test/no_tumor/original_11_8462.png,2,2,0.9808108
/Users/nafisebahoosh/Developer/DataScience/brain-tumor-classification/data/raw/brain_mri/test/no_tumor/original_12_921.png,2,1,0.48304302
/Users/nafisebahoosh/Developer/DataScience/brain-tumor-classification/data/raw/brain_mri/test/no_tumor/original_140_8496.png,2,2,0.95843154
/Users/nafisebahoosh/Developer/DataScience/brain-tumor-classification/data/raw/brain_mri/test/no_tumor/original_143_8499.png,2,2,0.94071555
/Users/nafisebahoosh/Developer/DataScience/brain-tumor-classification/data/raw/brain_mri/test/no_tumor/original_145_8501.png,2,3,0.30197546
/Users/nafisebahoosh/Developer/DataScience/brain-tumor-classification/data/raw/brain_mri/test/no_tumor/original_150_8507.png,2,2,0.9735246
/Users/nafisebahoosh/Developer/DataScience/brain-tumor-classification/data/raw/brain_mri/test/no_tumor/original_202_8565.png,2,2,0.6003487
/Users/nafisebahoosh/Developer/DataScience/brain-tumor-classification/data/raw/brain_mri/test/no_tumor/original_214_8578.png,2,2,0.5738218
/Users/nafisebahoosh/Developer/DataScience/brain-tumor-classification/data/raw/brain_mri/test/no_tumor/original_22_8584.png,2,2,0.9817586
/Users/nafisebahoosh/Developer/DataScience/brain-tumor-classification/data/raw/brain_mri/test/no_tumor/original_234_8600.png,2,2,0.6635144
/Users/nafisebahoosh/Developer/DataScience/brain-tumor-classification/data/raw/brain_mri/test/no_tumor/original_245_8612.png,2,2,0.879138
/Users/nafisebahoosh/Developer/DataScience/brain-tumor-classification/data/raw/brain_mri/test/no_tumor/original_246_8613.png,2,2,0.982748
/Users/nafisebahoosh/Developer/DataScience/brain-tumor-classification/data/raw/brain_mri/test/no_tumor/original_247_8614.png,2,2,0.8586106
/Users/nafisebahoosh/Developer/DataScience/brain-tumor-classification/data/raw/brain_mri/test/no_tumor/original_24_934.png,2,2,0.9765236
/Users/nafisebahoosh/Developer/DataScience/brain-tumor-classification/data/raw/brain_mri/test/no_tumor/original_26_12664.png,2,2,0.7677652
/Users/nafisebahoosh/Developer/DataScience/brain-tumor-classification/data/raw/brain_mri/test/no_tumor/original_271_8641.png,2,2,0.8586106
/Users/nafisebahoosh/Developer/DataScience/brain-tumor-classification/data/raw/brain_mri/test/no_tumor/original_272_8642.png,2,2,0.45797765
/Users/nafisebahoosh/Developer/DataScience/brain-tumor-classification/data/raw/brain_mri/test/no_tumor/original_275_8645.png,2,2,0.65416986
/Users/nafisebahoosh/Developer/DataScience/brain-tumor-classification/data/raw/brain_mri/test/no_tumor/original_279_8649.png,2,2,0.83258194
/Users/nafisebahoosh/Developer/DataScience/brain-tumor-classification/data/raw/brain_mri/test/no_tumor/original_27_937.png,2,2,0.64388436
/Users/nafisebahoosh/Developer/DataScience/brain-tumor-classification/data/raw/brain_mri/test/no_tumor/original_288_8659.png,2,2,0.97609633
/Users/nafisebahoosh/Developer/DataScience/brain-tumor-classification/data/raw/brain_mri/test/no_tumor/original_291_8663.png,2,2,0.459301
/Users/nafisebahoosh/Developer/DataScience/brain-tumor-classification/data/raw/brain_mri/test/no_tumor/original_298_8670.png,2,2,0.982748
/Users/nafisebahoosh/Developer/DataScience/brain-tumor-classification/data/raw/brain_mri/test/no_tumor/original_325_8701.png,2,2,0.9945814
/Users/nafisebahoosh/Developer/DataScience/brain-tumor-classification/data/raw/brain_mri/test/no_tumor/original_327_8703.png,2,2,0.7308983
/Users/nafisebahoosh/Developer/DataScience/brain-tumor-classification/data/raw/brain_mri/test/no_tumor/original_32_8695.png,2,2,0.6762118
/Users/nafisebahoosh/Developer/DataScience/brain-tumor-classification/data/raw/brain_mri/test/no_tumor/original_32_943.png,2,1,0.4321188
/Users/nafisebahoosh/Developer/DataScience/brain-tumor-classification/data/raw/brain_mri/test/no_tumor/original_345_8723.png,2,1,0.69137174
/Users/nafisebahoosh/Developer/DataScience/brain-tumor-classification/data/raw/brain_mri/test/no_tumor/original_41_953.png,2,2,0.9430392
/Users/nafisebahoosh/Developer/DataScience/brain-tumor-classification/data/raw/brain_mri/test/no_tumor/original_47_8783.png,2,2,0.56961346
/Users/nafisebahoosh/Developer/DataScience/brain-tumor-classification/data/raw/brain_mri/test/no_tumor/original_48_8784.png,2,2,0.98328155
/Users/nafisebahoosh/Developer/DataScience/brain-tumor-classification/data/raw/brain_mri/test/no_tumor/original_50_12691.png,2,2,0.6759631
/Users/nafisebahoosh/Developer/DataScience/brain-tumor-classification/data/raw/brain_mri/test/no_tumor/original_53_8790.png,2,1,0.55872184
/Users/nafisebahoosh/Developer/DataScience/brain-tumor-classification/data/raw/brain_mri/test/no_tumor/original_65_12707.png,2,2,0.7479175
/Users/nafisebahoosh/Developer/DataScience/brain-tumor-classification/data/raw/brain_mri/test/no_tumor/original_6_12701.png,2,2,0.9478555
/Users/nafisebahoosh/Developer/DataScience/brain-tumor-classification/data/raw/brain_mri/test/no_tumor/original_72_8811.png,2,2,0.97533536
/Users/nafisebahoosh/Developer/DataScience/brain-tumor-classification/data/raw/brain_mri/test/no_tumor/original_78_8817.png,2,0,0.37989303
/Users/nafisebahoosh/Developer/DataScience/brain-tumor-classification/data/raw/brain_mri/test/no_tumor/original_84_8824.png,2,2,0.9379245
/Users/nafisebahoosh/Developer/DataScience/brain-tumor-classification/data/raw/brain_mri/test/no_tumor/original_8_8819.png,2,2,0.9867393
/Users/nafisebahoosh/Developer/DataScience/brain-tumor-classification/data/raw/brain_mri/test/no_tumor/original_9_8830.png,2,2,0.9303781
/Users/nafisebahoosh/Developer/DataScience/brain-tumor-classification/data/raw/brain_mri/test/pituitary_tumor/bright_img_10_12714.png,3,3,0.9580666
/Users/nafisebahoosh/Developer/DataScience/brain-tumor-classification/data/raw/brain_mri/test/pituitary_tumor/bright_img_129_8874.png,3,3,0.873997
/Users/nafisebahoosh/Developer/DataScience/brain-tumor-classification/data/raw/brain_mri/test/pituitary_tumor/bright_img_12_964.png,3,3,0.94095105
/Users/nafisebahoosh/Developer/DataScience/brain-tumor-classification/data/raw/brain_mri/test/pituitary_tumor/bright_img_130_8876.png,3,3,0.9982198
/Users/nafisebahoosh/Developer/DataScience/brain-tumor-classification/data/raw/brain_mri/test/pituitary_tumor/bright_img_13_8875.png,3,3,0.8342804
/Users/nafisebahoosh/Developer/DataScience/brain-tumor-classification/data/raw/brain_mri/test/pituitary_tumor/bright_img_155_8903.png,3,3,0.81786674
/Users/nafisebahoosh/Developer/DataScience/brain-tumor-classification/data/raw/brain_mri/test/pituitary_tumor/bright_img_15_8897.png,3,3,0.8598914
/Users/nafisebahoosh/Developer/DataScience/brain-tumor-classification/data/raw/brain_mri/test/pituitary_tumor/bright_img_16_968.png,3,3,0.99845123
/Users/nafisebahoosh/Developer/DataScience/brain-tumor-classification/data/raw/brain_mri/test/pituitary_tumor/bright_img_180_8931.png,3,3,0.9658843
/Users/nafisebahoosh/Developer/DataScience/brain-tumor-classification/data/raw/brain_mri/test/pituitary_tumor/bright_img_200_8954.png,3,3,0.9880713
/Users/nafisebahoosh/Developer/DataScience/brain-tumor-classification/data/raw/brain_mri/test/pituitary_tumor/bright_img_201_8955.png,3,3,0.3772344
/Users/nafisebahoosh/Developer/DataScience/brain-tumor-classification/data/raw/brain_mri/test/pituitary_tumor/bright_img_212_8967.png,3,3,0.9411147
/Users/nafisebahoosh/Developer/DataScience/brain-tumor-classification/data/raw/brain_mri/test/pituitary_tumor/bright_img_21_12726.png,3,1,0.34463274
/Users/nafisebahoosh/Developer/DataScience/brain-tumor-classification/data/raw/brain_mri/test/pituitary_tumor/bright_img_220_8976.png,3,3,0.8660505
/Users/nafisebahoosh/Developer/DataScience/brain-tumor-classification/data/raw/brain_mri/test/pituitary_tumor/bright_img_234_8991.png,3,3,0.9166026
/Users/nafisebahoosh/Developer/DataScience/brain-tumor-classification/data/raw/brain_mri/test/pituitary_tumor/bright_img_259_9018.png,3,1,0.5977541
/Users/nafisebahoosh/Developer/DataScience/brain-tumor-classification/data/raw/brain_mri/test/pituitary_tumor/bright_img_278_9039.png,3,3,0.9608795
/Users/nafisebahoosh/Developer/DataScience/brain-tumor-classification/data/raw/brain_mri/test/pituitary_tumor/bright_img_27_980.png,3,3,0.9470288
/Users/nafisebahoosh/Developer/DataScience/brain-tumor-classification/data/raw/brain_mri/test/pituitary_tumor/bright_img_280_9042.png,3,3,0.9661777
/Users/nafisebahoosh/Developer/DataScience/brain-tumor-classification/data/raw/brain_mri/test/pituitary_tumor/bright_img_286_9048.png,3,3,0.739851
/Users/nafisebahoosh/Developer/DataScience/brain-tumor-classification/data/raw/brain_mri/test/pituitary_tumor/bright_img_28_9041.png,3,3,0.61512965
/Users/nafisebahoosh/Developer/DataScience/brain-tumor-classification/data/raw/brain_mri/test/pituitary_tumor/bright_img_297_9060.png,3,3,0.9812517
/Users/nafisebahoosh/Developer/DataScience/brain-tumor-classification/data/raw/brain_mri/test/pituitary_tumor/bright_img_303_9068.png,3,3,0.9572186
/Users/nafisebahoosh/Developer/DataScience/brain-tumor-classification/data/raw/brain_mri/test/pituitary_tumor/bright_img_320_9087.png,3,3,0.8769155
/Users/nafisebahoosh/Developer/DataScience/brain-tumor-classification/data/raw/brain_mri/test/pituitary_tumor/bright_img_328_9095.png,3,3,0.7470626
/Users/nafisebahoosh/Developer/DataScience/brain-tumor-classification/data/raw/brain_mri/test/pituitary_tumor/bright_img_333_9101.png,3,3,0.7755001
/Users/nafisebahoosh/Developer/DataScience/brain-tumor-classification/data/raw/brain_mri/test/pituitary_tumor/bright_img_339_9107.png,3,3,0.6980107
/Users/nafisebahoosh/Developer/DataScience/brain-tumor-classification/data/raw/brain_mri/test/pituitary_tumor/bright_img_353_9123.png,3,3,0.81791085
/Users/nafisebahoosh/Developer/DataScience/brain-tumor-classification/data/raw/brain_mri/test/pituitary_tumor/bright_img_371_9143.png,3,1,0.3088462
/Users/nafisebahoosh/Developer/DataScience/brain-tumor-classification/data/raw/brain_mri/test/pituitary_tumor/bright_img_3_9063.png,3,3,0.9779407
/Users/nafisebahoosh/Developer/DataScience/brain-tumor-classification/data/raw/brain_mri/test/pituitary_tumor/bright_img_403_9179.png,3,3,0.90331084
/Users/nafisebahoosh/Developer/DataScience/brain-tumor-classification/data/raw/brain_mri/test/pituitary_tumor/bright_img_413_9190.png,3,1,0.502818
/Users/nafisebahoosh/Developer/DataScience/brain-tumor-classification/data/raw/brain_mri/test/pituitary_tumor/bright_img_418_9195.png,3,3,0.7037691
/Users/nafisebahoosh/Developer/DataScience/brain-tumor-classification/data/raw/brain_mri/test/pituitary_tumor/bright_img_419_9196.png,3,3,0.82357734
/Users/nafisebahoosh/Developer/DataScience/brain-tumor-classification/data/raw/brain_mri/test/pituitary_tumor/bright_img_439_9218.png,3,3,0.7063916
/Users/nafisebahoosh/Developer/DataScience/brain-tumor-classification/data/raw/brain_mri/test/pituitary_tumor/bright_img_440_9220.png,3,3,0.7048686
/Users/nafisebahoosh/Developer/DataScience/brain-tumor-classification/data/raw/brain_mri/test/pituitary_tumor/bright_img_441_9221.png,3,3,0.9962859
/Users/nafisebahoosh/Developer/DataScience/brain-tumor-classification/data/raw/brain_mri/test/pituitary_tumor/bright_img_465_9247.png,3,3,0.9943997
/Users/nafisebahoosh/Developer/DataScience/brain-tumor-classification/data/raw/brain_mri/test/pituitary_tumor/bright_img_486_9270.png,3,1,0.7682278
/Users/nafisebahoosh/Developer/DataScience/brain-tumor-classification/data/raw/brain_mri/test/pituitary_tumor/bright_img_50_12758.png,3,3,0.8565438
/Users/nafisebahoosh/Developer/DataScience/brain-tumor-classification/data/raw/brain_mri/test/pituitary_tumor/bright_img_527_9316.png,3,1,0.47660646
/Users/nafisebahoosh/Developer/DataScience/brain-tumor-classification/data/raw/brain_mri/test/pituitary_tumor/bright_img_533_9323.png,3,3,0.7865074
/Users/nafisebahoosh/Developer/DataScience/brain-tumor-classification/data/raw/brain_mri/test/pituitary_tumor/bright_img_534_9324.png,3,3,0.9790507
/Users/nafisebahoosh/Developer/DataScience/brain-tumor-classification/data/raw/brain_mri/test/pituitary_tumor/bright_img_544_9335.png,3,3,0.9243186
/Users/nafisebahoosh/Developer/DataScience/brain-tumor-classification/data/raw/brain_mri/test/pituitary_tumor/bright_img_547_9338.png,3,3,0.87789565
/Users/nafisebahoosh/Developer/DataScience/brain-tumor-classification/data/raw/brain_mri/test/pituitary_tumor/bright_img_560_9353.png,3,3,0.96290314
/Users/nafisebahoosh/Developer/DataScience/brain-tumor-classification/data/raw/brain_mri/test/pituitary_tumor/bright_img_570_9364.png,3,2,0.7170038
/Users/nafisebahoosh/Developer/DataScience/brain-tumor-classification/data/raw/brain_mri/test/pituitary_tumor/bright_img_577_9371.png,3,3,0.9247765
/Users/nafisebahoosh/Developer/DataScience/brain-tumor-classification/data/raw/brain_mri/test/pituitary_tumor/bright_img_578_9372.png,3,3,0.9095751
/Users/nafisebahoosh/Developer/DataScience/brain-tumor-classification/data/raw/brain_mri/test/pituitary_tumor/bright_img_583_9378.png,3,3,0.9957129
/Users/nafisebahoosh/Developer/DataScience/brain-tumor-classification/data/raw/brain_mri/test/pituitary_tumor/bright_img_595_9391.png,3,3,0.6149175
/Users/nafisebahoosh/Developer/DataScience/brain-tumor-classification/data/raw/brain_mri/test/pituitary_tumor/bright_img_597_9393.png,3,3,0.9425187
/Users/nafisebahoosh/Developer/DataScience/brain-tumor-classification/data/raw/brain_mri/test/pituitary_tumor/bright_img_5_12757.png,3,3,0.8794156
/Users/nafisebahoosh/Developer/DataScience/brain-tumor-classification/data/raw/brain_mri/test/pituitary_tumor/bright_img_602_9400.png,3,3,0.99739045
/Users/nafisebahoosh/Developer/DataScience/brain-tumor-classification/data/raw/brain_mri/test/pituitary_tumor/bright_img_612_9411.png,3,3,0.948786
/Users/nafisebahoosh/Developer/DataScience/brain-tumor-classification/data/raw/brain_mri/test/pituitary_tumor/bright_img_619_9418.png,3,1,0.37256622
/Users/nafisebahoosh/Developer/DataScience/brain-tumor-classification/data/raw/brain_mri/test/pituitary_tumor/bright_img_625_9425.png,3,3,0.8846178
/Users/nafisebahoosh/Developer/DataScience/brain-tumor-classification/data/raw/brain_mri/test/pituitary_tumor/bright_img_630_9431.png,3,3,0.9926294
/Users/nafisebahoosh/Developer/DataScience/brain-tumor-classification/data/raw/brain_mri/test/pituitary_tumor/bright_img_638_9439.png,3,3,0.9160567
/Users/nafisebahoosh/Developer/DataScience/brain-tumor-classification/data/raw/brain_mri/test/pituitary_tumor/bright_img_63_12772.png,3,3,0.9638511
/Users/nafisebahoosh/Developer/DataScience/brain-tumor-classification/data/raw/brain_mri/test/pituitary_tumor/bright_img_642_9444.png,3,3,0.994978
/Users/nafisebahoosh/Developer/DataScience/brain-tumor-classification/data/raw/brain_mri/test/pituitary_tumor/bright_img_647_9449.png,3,3,0.75995076
/Users/nafisebahoosh/Developer/DataScience/brain-tumor-classification/data/raw/brain_mri/test/pituitary_tumor/bright_img_660_9464.png,3,3,0.79814106
/Users/nafisebahoosh/Developer/DataScience/brain-tumor-classification/data/raw/brain_mri/test/pituitary_tumor/bright_img_670_9475.png,3,0,0.57355875
/Users/nafisebahoosh/Developer/DataScience/brain-tumor-classification/data/raw/brain_mri/test/pituitary_tumor/bright_img_682_9488.png,3,3,0.6985748
/Users/nafisebahoosh/Developer/DataScience/brain-tumor-classification/data/raw/brain_mri/test/pituitary_tumor/bright_img_684_9490.png,3,3,0.75959665
/Users/nafisebahoosh/Developer/DataScience/brain-tumor-classification/data/raw/brain_mri/test/pituitary_tumor/bright_img_686_9492.png,3,3,0.8125305
/Users/nafisebahoosh/Developer/DataScience/brain-tumor-classification/data/raw/brain_mri/test/pituitary_tumor/bright_img_68_12777.png,3,3,0.9425187
/Users/nafisebahoosh/Developer/DataScience/brain-tumor-classification/data/raw/brain_mri/test/pituitary_tumor/bright_img_68_9485.png,3,3,0.93552476
/Users/nafisebahoosh/Developer/DataScience/brain-tumor-classification/data/raw/brain_mri/test/pituitary_tumor/bright_img_6_12768.png,3,1,0.5450713
/Users/nafisebahoosh/Developer/DataScience/brain-tumor-classification/data/raw/brain_mri/test/pituitary_tumor/bright_img_705_9514.png,3,3,0.88518876
/Users/nafisebahoosh/Developer/DataScience/brain-tumor-classification/data/raw/brain_mri/test/pituitary_tumor/bright_img_706_9515.png,3,3,0.6948312
/Users/nafisebahoosh/Developer/DataScience/brain-tumor-classification/data/raw/brain_mri/test/pituitary_tumor/bright_img_726_9537.png,3,3,0.89374655
/Users/nafisebahoosh/Developer/DataScience/brain-tumor-classification/data/raw/brain_mri/test/pituitary_tumor/bright_img_77_1035.png,3,3,0.95359606
/Users/nafisebahoosh/Developer/DataScience/brain-tumor-classification/data/raw/brain_mri/test/pituitary_tumor/bright_img_77_12787.png,3,3,0.9944782
/Users/nafisebahoosh/Developer/DataScience/brain-tumor-classification/data/raw/brain_mri/test/pituitary_tumor/bright_img_80_9548.png,3,3,0.58829445
/Users/nafisebahoosh/Developer/DataScience/brain-tumor-classification/data/raw/brain_mri/test/pituitary_tumor/bright_img_83_1042.png,3,3,0.88457566
/Users/nafisebahoosh/Developer/DataScience/brain-tumor-classification/data/raw/brain_mri/test/pituitary_tumor/bright_img_84_12795.png,3,3,0.8560822
/Users/nafisebahoosh/Developer/DataScience/brain-tumor-classification/data/raw/brain_mri/test/pituitary_tumor/bright_img_8_1038.png,3,3,0.9696581
/Users/nafisebahoosh/Developer/DataScience/brain-tumor-classification/data/raw/brain_mri/test/pituitary_tumor/bright_img_8_9547.png,3,3,0.48970938
/Users/nafisebahoosh/Developer/DataScience/brain-tumor-classification/data/raw/brain_mri/test/pituitary_tumor/bright_img_98_9567.png,3,3,0.993192
/Users/nafisebahoosh/Developer/DataScience/brain-tumor-classification/data/raw/brain_mri/test/pituitary_tumor/flip_horz_104_9575.png,3,3,0.97892326
/Users/nafisebahoosh/Developer/DataScience/brain-tumor-classification/data/raw/brain_mri/test/pituitary_tumor/flip_horz_106_9577.png,3,3,0.9841914
/Users/nafisebahoosh/Developer/DataScience/brain-tumor-classification/data/raw/brain_mri/test/pituitary_tumor/flip_horz_110_9582.png,3,3,0.85242075
/Users/nafisebahoosh/Developer/DataScience/brain-tumor-classification/data/raw/brain_mri/test/pituitary_tumor/flip_horz_113_9585.png,3,3,0.9235754
/Users/nafisebahoosh/Developer/DataScience/brain-tumor-classification/data/raw/brain_mri/test/pituitary_tumor/flip_horz_123_9596.png,3,3,0.67378485
/Users/nafisebahoosh/Developer/DataScience/brain-tumor-classification/data/raw/brain_mri/test/pituitary_tumor/flip_horz_129_9602.png,3,3,0.98894227
/Users/nafisebahoosh/Developer/DataScience/brain-tumor-classification/data/raw/brain_mri/test/pituitary_tumor/flip_horz_14_12805.png,3,3,0.973847
/Users/nafisebahoosh/Developer/DataScience/brain-tumor-classification/data/raw/brain_mri/test/pituitary_tumor/flip_horz_157_9633.png,3,3,0.9964479
/Users/nafisebahoosh/Developer/DataScience/brain-tumor-classification/data/raw/brain_mri/test/pituitary_tumor/flip_horz_161_9638.png,3,3,0.9506486
/Users/nafisebahoosh/Developer/DataScience/brain-tumor-classification/data/raw/brain_mri/test/pituitary_tumor/flip_horz_168_9645.png,3,3,0.8414671
/Users/nafisebahoosh/Developer/DataScience/brain-tumor-classification/data/raw/brain_mri/test/pituitary_tumor/flip_horz_175_9653.png,3,3,0.86422485
/Users/nafisebahoosh/Developer/DataScience/brain-tumor-classification/data/raw/brain_mri/test/pituitary_tumor/flip_horz_199_9679.png,3,3,0.82992417
/Users/nafisebahoosh/Developer/DataScience/brain-tumor-classification/data/raw/brain_mri/test/pituitary_tumor/flip_horz_19_12810.png,3,3,0.9872147
/Users/nafisebahoosh/Developer/DataScience/brain-tumor-classification/data/raw/brain_mri/test/pituitary_tumor/flip_horz_1_12800.png,3,3,0.98967874
/Users/nafisebahoosh/Developer/DataScience/brain-tumor-classification/data/raw/brain_mri/test/pituitary_tumor/flip_horz_212_9695.png,3,1,0.6335293
/Users/nafisebahoosh/Developer/DataScience/brain-tumor-classification/data/raw/brain_mri/test/pituitary_tumor/flip_horz_21_12813.png,3,3,0.83088034
/Users/nafisebahoosh/Developer/DataScience/brain-tumor-classification/data/raw/brain_mri/test/pituitary_tumor/flip_horz_229_9713.png,3,3,0.790018
/Users/nafisebahoosh/Developer/DataScience/brain-tumor-classification/data/raw/brain_mri/test/pituitary_tumor/flip_horz_231_9716.png,3,2,0.82451034
/Users/nafisebahoosh/Developer/DataScience/brain-tumor-classification/data/raw/brain_mri/test/pituitary_tumor/flip_horz_243_9729.png,3,3,0.9417515
/Users/nafisebahoosh/Developer/DataScience/brain-tumor-classification/data/raw/brain_mri/test/pituitary_tumor/flip_horz_24_9725.png,3,3,0.76568455
/Users/nafisebahoosh/Developer/DataScience/brain-tumor-classification/data/raw/brain_mri/test/pituitary_tumor/flip_horz_251_9738.png,3,3,0.9788786
/Users/nafisebahoosh/Developer/DataScience/brain-tumor-classification/data/raw/brain_mri/test/pituitary_tumor/flip_horz_252_9739.png,3,3,0.9896026
/Users/nafisebahoosh/Developer/DataScience/brain-tumor-classification/data/raw/brain_mri/test/pituitary_tumor/flip_horz_257_9744.png,3,3,0.94680727
/Users/nafisebahoosh/Developer/DataScience/brain-tumor-classification/data/raw/brain_mri/test/pituitary_tumor/flip_horz_260_9748.png,3,3,0.99332786
/Users/nafisebahoosh/Developer/DataScience/brain-tumor-classification/data/raw/brain_mri/test/pituitary_tumor/flip_horz_280_9770.png,3,3,0.95678604
/Users/nafisebahoosh/Developer/DataScience/brain-tumor-classification/data/raw/brain_mri/test/pituitary_tumor/flip_horz_290_9781.png,3,3,0.8335622
/Users/nafisebahoosh/Developer/DataScience/brain-tumor-classification/data/raw/brain_mri/test/pituitary_tumor/flip_horz_293_9784.png,3,3,0.98247176
/Users/nafisebahoosh/Developer/DataScience/brain-tumor-classification/data/raw/brain_mri/test/pituitary_tumor/flip_horz_304_9797.png,3,3,0.9731669
/Users/nafisebahoosh/Developer/DataScience/brain-tumor-classification/data/raw/brain_mri/test/pituitary_tumor/flip_horz_318_9812.png,3,3,0.69464654
/Users/nafisebahoosh/Developer/DataScience/brain-tumor-classification/data/raw/brain_mri/test/pituitary_tumor/flip_horz_321_9816.png,3,3,0.96182626
/Users/nafisebahoosh/Developer/DataScience/brain-tumor-classification/data/raw/brain_mri/test/pituitary_tumor/flip_horz_32_12825.png,3,3,0.9697795
/Users/nafisebahoosh/Developer/DataScience/brain-tumor-classification/data/raw/brain_mri/test/pituitary_tumor/flip_horz_341_9838.png,3,3,0.7550058
/Users/nafisebahoosh/Developer/DataScience/brain-tumor-classification/data/raw/brain_mri/test/pituitary_tumor/flip_horz_348_9845.png,3,3,0.4046912
/Users/nafisebahoosh/Developer/DataScience/brain-tumor-classification/data/raw/brain_mri/test/pituitary_tumor/flip_horz_34_12827.png,3,3,0.9352142
/Users/nafisebahoosh/Developer/DataScience/brain-tumor-classification/data/raw/brain_mri/test/pituitary_tumor/flip_horz_357_9855.png,3,3,0.5015035
/Users/nafisebahoosh/Developer/DataScience/brain-tumor-classification/data/raw/brain_mri/test/pituitary_tumor/flip_horz_36_12829.png,3,3,0.9306708
/Users/nafisebahoosh/Developer/DataScience/brain-tumor-classification/data/raw/brain_mri/test/pituitary_tumor/flip_horz_370_9870.png,3,3,0.7456468
/Users/nafisebahoosh/Developer/DataScience/brain-tumor-classification/data/raw/brain_mri/test/pituitary_tumor/flip_horz_376_9876.png,3,1,0.54294854
/Users/nafisebahoosh/Developer/DataScience/brain-tumor-classification/data/raw/brain_mri/test/pituitary_tumor/flip_horz_377_9877.png,3,3,0.87306243
/Users/nafisebahoosh/Developer/DataScience/brain-tumor-classification/data/raw/brain_mri/test/pituitary_tumor/flip_horz_378_9878.png,3,3,0.97215456
/Users/nafisebahoosh/Developer/DataScience/brain-tumor-classification/data/raw/brain_mri/test/pituitary_tumor/flip_horz_383_9884.png,3,3,0.97048014
/Users/nafisebahoosh/Developer/DataScience/brain-tumor-classification/data/raw/brain_mri/test/pituitary_tumor/flip_horz_386_9887.png,3,3,0.91716367
/Users/nafisebahoosh/Developer/DataScience/brain-tumor-classification/data/raw/brain_mri/test/pituitary_tumor/flip_horz_387_9888.png,3,3,0.9266299
/Users/nafisebahoosh/Developer/DataScience/brain-tumor-classification/data/raw/brain_mri/test/pituitary_tumor/flip_horz_38_1078.png,3,3,0.8186001
/Users/nafisebahoosh/Developer/DataScience/brain-tumor-classification/data/raw/brain_mri/test/pituitary_tumor/flip_horz_39_1079.png,3,3,0.64124423
/Users/nafisebahoosh/Developer/DataScience/brain-tumor-classification/data/raw/brain_mri/test/pituitary_tumor/flip_horz_39_9891.png,3,3,0.7550081
/Users/nafisebahoosh/Developer/DataScience/brain-tumor-classification/data/raw/brain_mri/test/pituitary_tumor/flip_horz_430_9937.png,3,3,0.9160227
/Users/nafisebahoosh/Developer/DataScience/brain-tumor-classification/data/raw/brain_mri/test/pituitary_tumor/flip_horz_438_9945.png,3,3,0.90312755
/Users/nafisebahoosh/Developer/DataScience/brain-tumor-classification/data/raw/brain_mri/test/pituitary_tumor/flip_horz_443_9951.png,3,3,0.9159501
/Users/nafisebahoosh/Developer/DataScience/brain-tumor-classification/data/raw/brain_mri/test/pituitary_tumor/flip_horz_462_9972.png,3,3,0.9901958
/Users/nafisebahoosh/Developer/DataScience/brain-tumor-classification/data/raw/brain_mri/test/pituitary_tumor/flip_horz_465_9975.png,3,3,0.9943386
/Users/nafisebahoosh/Developer/DataScience/brain-tumor-classification/data/raw/brain_mri/test/pituitary_tumor/flip_horz_469_9979.png,3,1,0.661124
/Users/nafisebahoosh/Developer/DataScience/brain-tumor-classification/data/raw/brain_mri/test/pituitary_tumor/flip_horz_46_9969.png,3,0,0.55140096
/Users/nafisebahoosh/Developer/DataScience/brain-tumor-classification/data/raw/brain_mri/test/pituitary_tumor/flip_horz_479_9990.png,3,3,0.93717724
/Users/nafisebahoosh/Developer/DataScience/brain-tumor-classification/data/raw/brain_mri/test/pituitary_tumor/flip_horz_492_10005.png,3,3,0.84704083
/Users/nafisebahoosh/Developer/DataScience/brain-tumor-classification/data/raw/brain_mri/test/pituitary_tumor/flip_horz_4_12833.png,3,3,0.9913551
/Users/nafisebahoosh/Developer/DataScience/brain-tumor-classification/data/raw/brain_mri/test/pituitary_tumor/flip_horz_500_10015.png,3,3,0.9597237
/Users/nafisebahoosh/Developer/DataScience/brain-tumor-classification/data/raw/brain_mri/test/pituitary_tumor/flip_horz_528_10045.png,3,3,0.9876939
/Users/nafisebahoosh/Developer/DataScience/brain-tumor-classification/data/raw/brain_mri/test/pituitary_tumor/flip_horz_52_12847.png,3,3,0.8830914
/Users/nafisebahoosh/Developer/DataScience/brain-tumor-classification/data/raw/brain_mri/test/pituitary_tumor/flip_horz_534_10052.png,3,3,0.7595461
/Users/nafisebahoosh/Developer/DataScience/brain-tumor-classification/data/raw/brain_mri/test/pituitary_tumor/flip_horz_53_1095.png,3,3,0.94991404
/Users/nafisebahoosh/Developer/DataScience/brain-tumor-classification/data/raw/brain_mri/test/pituitary_tumor/flip_horz_547_10066.png,3,3,0.9531322
/Users/nafisebahoosh/Developer/DataScience/brain-tumor-classification/data/raw/brain_mri/test/pituitary_tumor/flip_horz_549_10068.png,3,3,0.97823536
/Users/nafisebahoosh/Developer/DataScience/brain-tumor-classification/data/raw/brain_mri/test/pituitary_tumor/flip_horz_550_10070.png,3,3,0.56402
/Users/nafisebahoosh/Developer/DataScience/brain-tumor-classification/data/raw/brain_mri/test/pituitary_tumor/flip_horz_559_10079.png,3,3,0.94426507
/Users/nafisebahoosh/Developer/DataScience/brain-tumor-classification/data/raw/brain_mri/test/pituitary_tumor/flip_horz_55_12850.png,3,3,0.9269138
/Users/nafisebahoosh/Developer/DataScience/brain-tumor-classification/data/raw/brain_mri/test/pituitary_tumor/flip_horz_565_10086.png,3,3,0.5784507
/Users/nafisebahoosh/Developer/DataScience/brain-tumor-classification/data/raw/brain_mri/test/pituitary_tumor/flip_horz_566_10087.png,3,3,0.996635
/Users/nafisebahoosh/Developer/DataScience/brain-tumor-classification/data/raw/brain_mri/test/pituitary_tumor/flip_horz_576_10098.png,3,3,0.9229878
/Users/nafisebahoosh/Developer/DataScience/brain-tumor-classification/data/raw/brain_mri/test/pituitary_tumor/flip_horz_579_10101.png,3,3,0.62359005
/Users/nafisebahoosh/Developer/DataScience/brain-tumor-classification/data/raw/brain_mri/test/pituitary_tumor/flip_horz_590_10114.png,3,3,0.96823084
/Users/nafisebahoosh/Developer/DataScience/brain-tumor-classification/data/raw/brain_mri/test/pituitary_tumor/flip_horz_5_12844.png,3,3,0.9774646
/Users/nafisebahoosh/Developer/DataScience/brain-tumor-classification/data/raw/brain_mri/test/pituitary_tumor/flip_horz_601_10127.png,3,3,0.9701081
/Users/nafisebahoosh/Developer/DataScience/brain-tumor-classification/data/raw/brain_mri/test/pituitary_tumor/flip_horz_61_10136.png,3,3,0.6767487
/Users/nafisebahoosh/Developer/DataScience/brain-tumor-classification/data/raw/brain_mri/test/pituitary_tumor/flip_horz_628_10156.png,3,1,0.684436
/Users/nafisebahoosh/Developer/DataScience/brain-tumor-classification/data/raw/brain_mri/test/pituitary_tumor/flip_horz_629_10157.png,3,3,0.9901087
/Users/nafisebahoosh/Developer/DataScience/brain-tumor-classification/data/raw/brain_mri/test/pituitary_tumor/flip_horz_634_10163.png,3,3,0.526348
/Users/nafisebahoosh/Developer/DataScience/brain-tumor-classification/data/raw/brain_mri/test/pituitary_tumor/flip_horz_642_10172.png,3,3,0.9583118
/Users/nafisebahoosh/Developer/DataScience/brain-tumor-classification/data/raw/brain_mri/test/pituitary_tumor/flip_horz_651_10182.png,3,3,0.9300973
/Users/nafisebahoosh/Developer/DataScience/brain-tumor-classification/data/raw/brain_mri/test/pituitary_tumor/flip_horz_652_10183.png,3,3,0.9852691
/Users/nafisebahoosh/Developer/DataScience/brain-tumor-classification/data/raw/brain_mri/test/pituitary_tumor/flip_horz_656_10187.png,3,3,0.99720097
/Users/nafisebahoosh/Developer/DataScience/brain-tumor-classification/data/raw/brain_mri/test/pituitary_tumor/flip_horz_65_12861.png,3,3,0.80475235
/Users/nafisebahoosh/Developer/DataScience/brain-tumor-classification/data/raw/brain_mri/test/pituitary_tumor/flip_horz_665_10197.png,3,3,0.98645663
/Users/nafisebahoosh/Developer/DataScience/brain-tumor-classification/data/raw/brain_mri/test/pituitary_tumor/flip_horz_671_10204.png,3,3,0.6799319
/Users/nafisebahoosh/Developer/DataScience/brain-tumor-classification/data/raw/brain_mri/test/pituitary_tumor/flip_horz_679_10212.png,3,3,0.97612584
/Users/nafisebahoosh/Developer/DataScience/brain-tumor-classification/data/raw/brain_mri/test/pituitary_tumor/flip_horz_680_10214.png,3,3,0.4115708
/Users/nafisebahoosh/Developer/DataScience/brain-tumor-classification/data/raw/brain_mri/test/pituitary_tumor/flip_horz_684_10218.png,3,3,0.9339324
/Users/nafisebahoosh/Developer/DataScience/brain-tumor-classification/data/raw/brain_mri/test/pituitary_tumor/flip_horz_68_1111.png,3,3,0.9881379
/Users/nafisebahoosh/Developer/DataScience/brain-tumor-classification/data/raw/brain_mri/test/pituitary_tumor/flip_horz_696_10231.png,3,3,0.7957515
/Users/nafisebahoosh/Developer/DataScience/brain-tumor-classification/data/raw/brain_mri/test/pituitary_tumor/flip_horz_6_1102.png,3,3,0.64796597
/Users/nafisebahoosh/Developer/DataScience/brain-tumor-classification/data/raw/brain_mri/test/pituitary_tumor/flip_horz_715_10253.png,3,3,0.9542402
/Users/nafisebahoosh/Developer/DataScience/brain-tumor-classification/data/raw/brain_mri/test/pituitary_tumor/flip_horz_72_10258.png,3,3,0.86551434
/Users/nafisebahoosh/Developer/DataScience/brain-tumor-classification/data/raw/brain_mri/test/pituitary_tumor/flip_horz_73_10268.png,3,3,0.64513314
/Users/nafisebahoosh/Developer/DataScience/brain-tumor-classification/data/raw/brain_mri/test/pituitary_tumor/flip_horz_73_12870.png,3,1,0.5792416
/Users/nafisebahoosh/Developer/DataScience/brain-tumor-classification/data/raw/brain_mri/test/pituitary_tumor/flip_horz_75_1119.png,3,3,0.8799206
/Users/nafisebahoosh/Developer/DataScience/brain-tumor-classification/data/raw/brain_mri/test/pituitary_tumor/flip_horz_76_1120.png,3,3,0.898817
/Users/nafisebahoosh/Developer/DataScience/brain-tumor-classification/data/raw/brain_mri/test/pituitary_tumor/flip_horz_77_10272.png,3,3,0.60265034
/Users/nafisebahoosh/Developer/DataScience/brain-tumor-classification/data/raw/brain_mri/test/pituitary_tumor/flip_horz_7_10235.png,3,3,0.7218491
/Users/nafisebahoosh/Developer/DataScience/brain-tumor-classification/data/raw/brain_mri/test/pituitary_tumor/flip_horz_81_1126.png,3,3,0.9975217
/Users/nafisebahoosh/Developer/DataScience/brain-tumor-classification/data/raw/brain_mri/test/pituitary_tumor/flip_horz_91_10288.png,3,3,0.9384012
/Users/nafisebahoosh/Developer/DataScience/brain-tumor-classification/data/raw/brain_mri/test/pituitary_tumor/flip_horz_96_10293.png,3,3,0.9342145
/Users/nafisebahoosh/Developer/DataScience/brain-tumor-classification/data/raw/brain_mri/test/pituitary_tumor/flip_vert_100_10299.png,3,3,0.98942274
/Users/nafisebahoosh/Developer/DataScience/brain-tumor-classification/data/raw/brain_mri/test/pituitary_tumor/flip_vert_104_10303.png,3,3,0.9949884
/Users/nafisebahoosh/Developer/DataScience/brain-tumor-classification/data/raw/brain_mri/test/pituitary_tumor/flip_vert_106_10305.png,3,3,0.9949315
/Users/nafisebahoosh/Developer/DataScience/brain-tumor-classification/data/raw/brain_mri/test/pituitary_tumor/flip_vert_10_12888.png,3,3,0.9868939
/Users/nafisebahoosh/Developer/DataScience/brain-tumor-classification/data/raw/brain_mri/test/pituitary_tumor/flip_vert_119_10319.png,3,3,0.9923888
/Users/nafisebahoosh/Developer/DataScience/brain-tumor-classification/data/raw/brain_mri/test/pituitary_tumor/flip_vert_11_1135.png,3,3,0.9929415
/Users/nafisebahoosh/Developer/DataScience/brain-tumor-classification/data/raw/brain_mri/test/pituitary_tumor/flip_vert_125_10326.png,3,3,0.95540285
/Users/nafisebahoosh/Developer/DataScience/brain-tumor-classification/data/raw/brain_mri/test/pituitary_tumor/flip_vert_132_10334.png,3,3,0.99009794
/Users/nafisebahoosh/Developer/DataScience/brain-tumor-classification/data/raw/brain_mri/test/pituitary_tumor/flip_vert_137_10339.png,3,3,0.6425852
/Users/nafisebahoosh/Developer/DataScience/brain-tumor-classification/data/raw/brain_mri/test/pituitary_tumor/flip_vert_142_10345.png,3,3,0.7414375
/Users/nafisebahoosh/Developer/DataScience/brain-tumor-classification/data/raw/brain_mri/test/pituitary_tumor/flip_vert_161_10366.png,3,3,0.99137187
/Users/nafisebahoosh/Developer/DataScience/brain-tumor-classification/data/raw/brain_mri/test/pituitary_tumor/flip_vert_16_12894.png,3,3,0.97647506
/Users/nafisebahoosh/Developer/DataScience/brain-tumor-classification/data/raw/brain_mri/test/pituitary_tumor/flip_vert_182_10389.png,3,3,0.97137094
/Users/nafisebahoosh/Developer/DataScience/brain-tumor-classification/data/raw/brain_mri/test/pituitary_tumor/flip_vert_186_10393.png,3,3,0.97028
/Users/nafisebahoosh/Developer/DataScience/brain-tumor-classification/data/raw/brain_mri/test/pituitary_tumor/flip_vert_18_1142.png,3,3,0.9968867
/Users/nafisebahoosh/Developer/DataScience/brain-tumor-classification/data/raw/brain_mri/test/pituitary_tumor/flip_vert_207_10417.png,3,3,0.9987551
/Users/nafisebahoosh/Developer/DataScience/brain-tumor-classification/data/raw/brain_mri/test/pituitary_tumor/flip_vert_209_10419.png,3,3,0.9848733
/Users/nafisebahoosh/Developer/DataScience/brain-tumor-classification/data/raw/brain_mri/test/pituitary_tumor/flip_vert_21_1146.png,3,3,0.98914987
/Users/nafisebahoosh/Developer/DataScience/brain-tumor-classification/data/raw/brain_mri/test/pituitary_tumor/flip_vert_231_10444.png,3,2,0.6276724
/Users/nafisebahoosh/Developer/DataScience/brain-tumor-classification/data/raw/brain_mri/test/pituitary_tumor/flip_vert_242_10456.png,3,3,0.9202058
/Users/nafisebahoosh/Developer/DataScience/brain-tumor-classification/data/raw/brain_mri/test/pituitary_tumor/flip_vert_24_10453.png,3,3,0.8919208
/Users/nafisebahoosh/Developer/DataScience/brain-tumor-classification/data/raw/brain_mri/test/pituitary_tumor/flip_vert_252_10467.png,3,3,0.98515946
/Users/nafisebahoosh/Developer/DataScience/brain-tumor-classification/data/raw/brain_mri/test/pituitary_tumor/flip_vert_256_10471.png,3,3,0.8142688
/Users/nafisebahoosh/Developer/DataScience/brain-tumor-classification/data/raw/brain_mri/test/pituitary_tumor/flip_vert_280_10498.png,3,3,0.993026
/Users/nafisebahoosh/Developer/DataScience/brain-tumor-classification/data/raw/brain_mri/test/pituitary_tumor/flip_vert_287_10505.png,3,3,0.9132921
/Users/nafisebahoosh/Developer/DataScience/brain-tumor-classification/data/raw/brain_mri/test/pituitary_tumor/flip_vert_293_10512.png,3,3,0.97657317
/Users/nafisebahoosh/Developer/DataScience/brain-tumor-classification/data/raw/brain_mri/test/pituitary_tumor/flip_vert_298_10517.png,3,1,0.4726588
/Users/nafisebahoosh/Developer/DataScience/brain-tumor-classification/data/raw/brain_mri/test/pituitary_tumor/flip_vert_302_10523.png,3,3,0.9578302
/Users/nafisebahoosh/Developer/DataScience/brain-tumor-classification/data/raw/brain_mri/test/pituitary_tumor/flip_vert_313_10535.png,3,3,0.9867079
/Users/nafisebahoosh/Developer/DataScience/brain-tumor-classification/data/raw/brain_mri/test/pituitary_tumor/flip_vert_319_10541.png,3,3,0.9437007
/Users/nafisebahoosh/Developer/DataScience/brain-tumor-classification/data/raw/brain_mri/test/pituitary_tumor/flip_vert_330_10554.png,3,3,0.96831125
/Users/nafisebahoosh/Developer/DataScience/brain-tumor-classification/data/raw/brain_mri/test/pituitary_tumor/flip_vert_342_10567.png,3,3,0.996238
/Users/nafisebahoosh/Developer/DataScience/brain-tumor-classification/data/raw/brain_mri/test/pituitary_tumor/flip_vert_351_10577.png,3,3,0.98555565
/Users/nafisebahoosh/Developer/DataScience/brain-tumor-classification/data/raw/brain_mri/test/pituitary_tumor/flip_vert_357_10583.png,3,3,0.7603014
/Users/nafisebahoosh/Developer/DataScience/brain-tumor-classification/data/raw/brain_mri/test/pituitary_tumor/flip_vert_360_10587.png,3,3,0.99580693
/Users/nafisebahoosh/Developer/DataScience/brain-tumor-classification/data/raw/brain_mri/test/pituitary_tumor/flip_vert_373_10601.png,3,3,0.9913413
/Users/nafisebahoosh/Developer/DataScience/brain-tumor-classification/data/raw/brain_mri/test/pituitary_tumor/flip_vert_3_12909.png,3,3,0.9489149
/Users/nafisebahoosh/Developer/DataScience/brain-tumor-classification/data/raw/brain_mri/test/pituitary_tumor/flip_vert_40_12921.png,3,3,0.98665005
/Users/nafisebahoosh/Developer/DataScience/brain-tumor-classification/data/raw/brain_mri/test/pituitary_tumor/flip_vert_427_10661.png,3,3,0.93314594
/Users/nafisebahoosh/Developer/DataScience/brain-tumor-classification/data/raw/brain_mri/test/pituitary_tumor/flip_vert_42_1169.png,3,3,0.71895707
/Users/nafisebahoosh/Developer/DataScience/brain-tumor-classification/data/raw/brain_mri/test/pituitary_tumor/flip_vert_44_1171.png,3,3,0.9534721
/Users/nafisebahoosh/Developer/DataScience/brain-tumor-classification/data/raw/brain_mri/test/pituitary_tumor/flip_vert_451_10688.png,3,3,0.9508679
/Users/nafisebahoosh/Developer/DataScience/brain-tumor-classification/data/raw/brain_mri/test/pituitary_tumor/flip_vert_467_10705.png,3,3,0.99854636
/Users/nafisebahoosh/Developer/DataScience/brain-tumor-classification/data/raw/brain_mri/test/pituitary_tumor/flip_vert_46_1173.png,3,0,0.81941926
/Users/nafisebahoosh/Developer/DataScience/brain-tumor-classification/data/raw/brain_mri/test/pituitary_tumor/flip_vert_47_1174.png,3,3,0.8462913
/Users/nafisebahoosh/Developer/DataScience/brain-tumor-classification/data/raw/brain_mri/test/pituitary_tumor/flip_vert_484_10724.png,3,1,0.4699664
/Users/nafisebahoosh/Developer/DataScience/brain-tumor-classification/data/raw/brain_mri/test/pituitary_tumor/flip_vert_488_10728.png,3,3,0.9747941
/Users/nafisebahoosh/Developer/DataScience/brain-tumor-classification/data/raw/brain_mri/test/pituitary_tumor/flip_vert_48_12929.png,3,3,0.85531795
/Users/nafisebahoosh/Developer/DataScience/brain-tumor-classification/data/raw/brain_mri/test/pituitary_tumor/flip_vert_496_10737.png,3,3,0.9006881
/Users/nafisebahoosh/Developer/DataScience/brain-tumor-classification/data/raw/brain_mri/test/pituitary_tumor/flip_vert_506_10749.png,3,3,0.9557304
/Users/nafisebahoosh/Developer/DataScience/brain-tumor-classification/data/raw/brain_mri/test/pituitary_tumor/flip_vert_511_10755.png,3,3,0.95948166
/Users/nafisebahoosh/Developer/DataScience/brain-tumor-classification/data/raw/brain_mri/test/pituitary_tumor/flip_vert_516_10760.png,3,3,0.98504096
/Users/nafisebahoosh/Developer/DataScience/brain-tumor-classification/data/raw/brain_mri/test/pituitary_tumor/flip_vert_531_10777.png,3,3,0.99791914
/Users/nafisebahoosh/Developer/DataScience/brain-tumor-classification/data/raw/brain_mri/test/pituitary_tumor/flip_vert_55_1183.png,3,3,0.99186194
/Users/nafisebahoosh/Developer/DataScience/brain-tumor-classification/data/raw/brain_mri/test/pituitary_tumor/flip_vert_56_10808.png,3,3,0.93238527
/Users/nafisebahoosh/Developer/DataScience/brain-tumor-classification/data/raw/brain_mri/test/pituitary_tumor/flip_vert_56_12938.png,3,1,0.80657613
/Users/nafisebahoosh/Developer/DataScience/brain-tumor-classification/data/raw/brain_mri/test/pituitary_tumor/flip_vert_571_10821.png,3,3,0.99374133
/Users/nafisebahoosh/Developer/DataScience/brain-tumor-classification/data/raw/brain_mri/test/pituitary_tumor/flip_vert_574_10824.png,3,3,0.99080783
/Users/nafisebahoosh/Developer/DataScience/brain-tumor-classification/data/raw/brain_mri/test/pituitary_tumor/flip_vert_575_10825.png,3,3,0.9837646
/Users/nafisebahoosh/Developer/DataScience/brain-tumor-classification/data/raw/brain_mri/test/pituitary_tumor/flip_vert_579_10829.png,3,3,0.9860011
/Users/nafisebahoosh/Developer/DataScience/brain-tumor-classification/data/raw/brain_mri/test/pituitary_tumor/flip_vert_582_10833.png,3,3,0.96131325
/Users/nafisebahoosh/Developer/DataScience/brain-tumor-classification/data/raw/brain_mri/test/pituitary_tumor/flip_vert_585_10836.png,3,3,0.5655668
/Users/nafisebahoosh/Developer/DataScience/brain-tumor-classification/data/raw/brain_mri/test/pituitary_tumor/flip_vert_589_10840.png,3,3,0.9901417
/Users/nafisebahoosh/Developer/DataScience/brain-tumor-classification/data/raw/brain_mri/test/pituitary_tumor/flip_vert_592_10844.png,3,3,0.9476654
/Users/nafisebahoosh/Developer/DataScience/brain-tumor-classification/data/raw/brain_mri/test/pituitary_tumor/flip_vert_594_10846.png,3,3,0.7697795
/Users/nafisebahoosh/Developer/DataScience/brain-tumor-classification/data/raw/brain_mri/test/pituitary_tumor/flip_vert_596_10848.png,3,3,0.9966068
/Users/nafisebahoosh/Developer/DataScience/brain-tumor-classification/data/raw/brain_mri/test/pituitary_tumor/flip_vert_605_10859.png,3,3,0.924148
/Users/nafisebahoosh/Developer/DataScience/brain-tumor-classification/data/raw/brain_mri/test/pituitary_tumor/flip_vert_624_10880.png,3,3,0.9991818
/Users/nafisebahoosh/Developer/DataScience/brain-tumor-classification/data/raw/brain_mri/test/pituitary_tumor/flip_vert_62_12945.png,3,3,0.96248573
/Users/nafisebahoosh/Developer/DataScience/brain-tumor-classification/data/raw/brain_mri/test/pituitary_tumor/flip_vert_635_10892.png,3,3,0.9866961
/Users/nafisebahoosh/Developer/DataScience/brain-tumor-classification/data/raw/brain_mri/test/pituitary_tumor/flip_vert_639_10896.png,3,3,0.9178109
/Users/nafisebahoosh/Developer/DataScience/brain-tumor-classification/data/raw/brain_mri/test/pituitary_tumor/flip_vert_63_12946.png,3,3,0.9833219
/Users/nafisebahoosh/Developer/DataScience/brain-tumor-classification/data/raw/brain_mri/test/pituitary_tumor/flip_vert_651_10910.png,3,3,0.96568555
/Users/nafisebahoosh/Developer/DataScience/brain-tumor-classification/data/raw/brain_mri/test/pituitary_tumor/flip_vert_65_10908.png,3,3,0.96788967
/Users/nafisebahoosh/Developer/DataScience/brain-tumor-classification/data/raw/brain_mri/test/pituitary_tumor/flip_vert_663_10923.png,3,3,0.95824337
/Users/nafisebahoosh/Developer/DataScience/brain-tumor-classification/data/raw/brain_mri/test/pituitary_tumor/flip_vert_684_10946.png,3,3,0.9644144
/Users/nafisebahoosh/Developer/DataScience/brain-tumor-classification/data/raw/brain_mri/test/pituitary_tumor/flip_vert_687_10949.png,3,3,0.99369216
/Users/nafisebahoosh/Developer/DataScience/brain-tumor-classification/data/raw/brain_mri/test/pituitary_tumor/flip_vert_695_10958.png,3,3,0.98291785
/Users/nafisebahoosh/Developer/DataScience/brain-tumor-classification/data/raw/brain_mri/test/pituitary_tumor/flip_vert_69_1198.png,3,3,0.96282977
/Users/nafisebahoosh/Developer/DataScience/brain-tumor-classification/data/raw/brain_mri/test/pituitary_tumor/flip_vert_707_10972.png,3,3,0.9869222
/Users/nafisebahoosh/Developer/DataScience/brain-tumor-classification/data/raw/brain_mri/test/pituitary_tumor/flip_vert_70_12954.png,3,3,0.975474
/Users/nafisebahoosh/Developer/DataScience/brain-tumor-classification/data/raw/brain_mri/test/pituitary_tumor/flip_vert_718_10984.png,3,3,0.96171457
/Users/nafisebahoosh/Developer/DataScience/brain-tumor-classification/data/raw/brain_mri/test/pituitary_tumor/flip_vert_71_12955.png,3,3,0.99021494
/Users/nafisebahoosh/Developer/DataScience/brain-tumor-classification/data/raw/brain_mri/test/pituitary_tumor/flip_vert_722_10989.png,3,3,0.9898164
/Users/nafisebahoosh/Developer/DataScience/brain-tumor-classification/data/raw/brain_mri/test/pituitary_tumor/flip_vert_73_12957.png,3,1,0.3552644
/Users/nafisebahoosh/Developer/DataScience/brain-tumor-classification/data/raw/brain_mri/test/pituitary_tumor/flip_vert_75_12959.png,3,3,0.97360724
/Users/nafisebahoosh/Developer/DataScience/brain-tumor-classification/data/raw/brain_mri/test/pituitary_tumor/flip_vert_79_11002.png,3,3,0.9798462
/Users/nafisebahoosh/Developer/DataScience/brain-tumor-classification/data/raw/brain_mri/test/pituitary_tumor/flip_vert_84_1215.png,3,3,0.973355
/Users/nafisebahoosh/Developer/DataScience/brain-tumor-classification/data/raw/brain_mri/test/pituitary_tumor/flip_vert_84_12969.png,3,3,0.9916169
/Users/nafisebahoosh/Developer/DataScience/brain-tumor-classification/data/raw/brain_mri/test/pituitary_tumor/flip_vert_86_1217.png,3,3,0.98933417
/Users/nafisebahoosh/Developer/DataScience/brain-tumor-classification/data/raw/brain_mri/test/pituitary_tumor/flip_vert_90_11015.png,3,3,0.9625687
/Users/nafisebahoosh/Developer/DataScience/brain-tumor-classification/data/raw/brain_mri/test/pituitary_tumor/flip_vert_9_11014.png,3,3,0.99430263
/Users/nafisebahoosh/Developer/DataScience/brain-tumor-classification/data/raw/brain_mri/test/pituitary_tumor/flip_vert_9_12973.png,3,3,0.95277214
/Users/nafisebahoosh/Developer/DataScience/brain-tumor-classification/data/raw/brain_mri/test/pituitary_tumor/original_101_11028.png,3,3,0.90360314
/Users/nafisebahoosh/Developer/DataScience/brain-tumor-classification/data/raw/brain_mri/test/pituitary_tumor/original_104_11031.png,3,3,0.9986644
/Users/nafisebahoosh/Developer/DataScience/brain-tumor-classification/data/raw/brain_mri/test/pituitary_tumor/original_106_11033.png,3,3,0.99193645
/Users/nafisebahoosh/Developer/DataScience/brain-tumor-classification/data/raw/brain_mri/test/pituitary_tumor/original_10_11026.png,3,3,0.9984463
/Users/nafisebahoosh/Developer/DataScience/brain-tumor-classification/data/raw/brain_mri/test/pituitary_tumor/original_10_12975.png,3,3,0.97961366
/Users/nafisebahoosh/Developer/DataScience/brain-tumor-classification/data/raw/brain_mri/test/pituitary_tumor/original_120_11049.png,3,3,0.8890343
/Users/nafisebahoosh/Developer/DataScience/brain-tumor-classification/data/raw/brain_mri/test/pituitary_tumor/original_12_1222.png,3,3,0.97950244
/Users/nafisebahoosh/Developer/DataScience/brain-tumor-classification/data/raw/brain_mri/test/pituitary_tumor/original_144_11075.png,3,3,0.9914048
/Users/nafisebahoosh/Developer/DataScience/brain-tumor-classification/data/raw/brain_mri/test/pituitary_tumor/original_14_1224.png,3,3,0.91253424
/Users/nafisebahoosh/Developer/DataScience/brain-tumor-classification/data/raw/brain_mri/test/pituitary_tumor/original_14_12979.png,3,3,0.6289469
/Users/nafisebahoosh/Developer/DataScience/brain-tumor-classification/data/raw/brain_mri/test/pituitary_tumor/original_160_11093.png,3,3,0.71535337
/Users/nafisebahoosh/Developer/DataScience/brain-tumor-classification/data/raw/brain_mri/test/pituitary_tumor/original_161_11094.png,3,3,0.9928907
/Users/nafisebahoosh/Developer/DataScience/brain-tumor-classification/data/raw/brain_mri/test/pituitary_tumor/original_168_11101.png,3,3,0.75525457
/Users/nafisebahoosh/Developer/DataScience/brain-tumor-classification/data/raw/brain_mri/test/pituitary_tumor/original_194_11130.png,3,3,0.97997403
/Users/nafisebahoosh/Developer/DataScience/brain-tumor-classification/data/raw/brain_mri/test/pituitary_tumor/original_200_11138.png,3,3,0.99499077
/Users/nafisebahoosh/Developer/DataScience/brain-tumor-classification/data/raw/brain_mri/test/pituitary_tumor/original_20_1231.png,3,3,0.9483267
/Users/nafisebahoosh/Developer/DataScience/brain-tumor-classification/data/raw/brain_mri/test/pituitary_tumor/original_20_12986.png,3,3,0.99689806
/Users/nafisebahoosh/Developer/DataScience/brain-tumor-classification/data/raw/brain_mri/test/pituitary_tumor/original_220_11160.png,3,3,0.93155676
/Users/nafisebahoosh/Developer/DataScience/brain-tumor-classification/data/raw/brain_mri/test/pituitary_tumor/original_22_1233.png,3,3,0.99918455
/Users/nafisebahoosh/Developer/DataScience/brain-tumor-classification/data/raw/brain_mri/test/pituitary_tumor/original_254_11197.png,3,3,0.9959313
/Users/nafisebahoosh/Developer/DataScience/brain-tumor-classification/data/raw/brain_mri/test/pituitary_tumor/original_28_11225.png,3,3,0.60816014
/Users/nafisebahoosh/Developer/DataScience/brain-tumor-classification/data/raw/brain_mri/test/pituitary_tumor/original_297_11244.png,3,3,0.9734222
/Users/nafisebahoosh/Developer/DataScience/brain-tumor-classification/data/raw/brain_mri/test/pituitary_tumor/original_303_11252.png,3,3,0.9863223
/Users/nafisebahoosh/Developer/DataScience/brain-tumor-classification/data/raw/brain_mri/test/pituitary_tumor/original_308_11257.png,3,3,0.97085136
/Users/nafisebahoosh/Developer/DataScience/brain-tumor-classification/data/raw/brain_mri/test/pituitary_tumor/original_310_11260.png,3,3,0.7600308
/Users/nafisebahoosh/Developer/DataScience/brain-tumor-classification/data/raw/brain_mri/test/pituitary_tumor/original_327_11278.png,3,3,0.898791
/Users/nafisebahoosh/Developer/DataScience/brain-tumor-classification/data/raw/brain_mri/test/pituitary_tumor/original_32_11270.png,3,3,0.96409136
/Users/nafisebahoosh/Developer/DataScience/brain-tumor-classification/data/raw/brain_mri/test/pituitary_tumor/original_335_11287.png,3,3,0.9844838
/Users/nafisebahoosh/Developer/DataScience/brain-tumor-classification/data/raw/brain_mri/test/pituitary_tumor/original_345_11298.png,3,3,0.9208722
/Users/nafisebahoosh/Developer/DataScience/brain-tumor-classification/data/raw/brain_mri/test/pituitary_tumor/original_359_11313.png,3,3,0.98384297
/Users/nafisebahoosh/Developer/DataScience/brain-tumor-classification/data/raw/brain_mri/test/pituitary_tumor/original_362_11317.png,3,3,0.93569034
/Users/nafisebahoosh/Developer/DataScience/brain-tumor-classification/data/raw/brain_mri/test/pituitary_tumor/original_36_13003.png,3,3,0.947174
/Users/nafisebahoosh/Developer/DataScience/brain-tumor-classification/data/raw/brain_mri/test/pituitary_tumor/original_375_11331.png,3,3,0.99715793
/Users/nafisebahoosh/Developer/DataScience/brain-tumor-classification/data/raw/brain_mri/test/pituitary_tumor/original_378_11334.png,3,3,0.94960195
/Users/nafisebahoosh/Developer/DataScience/brain-tumor-classification/data/raw/brain_mri/test/pituitary_tumor/original_385_11342.png,3,3,0.71271986
/Users/nafisebahoosh/Developer/DataScience/brain-tumor-classification/data/raw/brain_mri/test/pituitary_tumor/original_39_1251.png,3,3,0.86178267
/Users/nafisebahoosh/Developer/DataScience/brain-tumor-classification/data/raw/brain_mri/test/pituitary_tumor/original_39_13006.png,3,3,0.98364025
/Users/nafisebahoosh/Developer/DataScience/brain-tumor-classification/data/raw/brain_mri/test/pituitary_tumor/original_404_11364.png,3,3,0.82817125
/Users/nafisebahoosh/Developer/DataScience/brain-tumor-classification/data/raw/brain_mri/test/pituitary_tumor/original_40_1253.png,3,3,0.8841194
/Users/nafisebahoosh/Developer/DataScience/brain-tumor-classification/data/raw/brain_mri/test/pituitary_tumor/original_40_13008.png,3,3,0.9983746
/Users/nafisebahoosh/Developer/DataScience/brain-tumor-classification/data/raw/brain_mri/test/pituitary_tumor/original_412_11373.png,3,3,0.98925424
/Users/nafisebahoosh/Developer/DataScience/brain-tumor-classification/data/raw/brain_mri/test/pituitary_tumor/original_416_11377.png,3,3,0.80200225
/Users/nafisebahoosh/Developer/DataScience/brain-tumor-classification/data/raw/brain_mri/test/pituitary_tumor/original_419_11380.png,3,3,0.9139337
/Users/nafisebahoosh/Developer/DataScience/brain-tumor-classification/data/raw/brain_mri/test/pituitary_tumor/original_446_11410.png,3,3,0.9548655
/Users/nafisebahoosh/Developer/DataScience/brain-tumor-classification/data/raw/brain_mri/test/pituitary_tumor/original_453_11418.png,3,3,0.9767695
/Users/nafisebahoosh/Developer/DataScience/brain-tumor-classification/data/raw/brain_mri/test/pituitary_tumor/original_458_11423.png,3,3,0.9585301
/Users/nafisebahoosh/Developer/DataScience/brain-tumor-classification/data/raw/brain_mri/test/pituitary_tumor/original_459_11424.png,3,3,0.9916325
/Users/nafisebahoosh/Developer/DataScience/brain-tumor-classification/data/raw/brain_mri/test/pituitary_tumor/original_475_11442.png,3,3,0.9934663
/Users/nafisebahoosh/Developer/DataScience/brain-tumor-classification/data/raw/brain_mri/test/pituitary_tumor/original_481_11449.png,3,3,0.6497049
/Users/nafisebahoosh/Developer/DataScience/brain-tumor-classification/data/raw/brain_mri/test/pituitary_tumor/original_482_11450.png,3,3,0.8955399
/Users/nafisebahoosh/Developer/DataScience/brain-tumor-classification/data/raw/brain_mri/test/pituitary_tumor/original_484_11452.png,3,3,0.36044326
/Users/nafisebahoosh/Developer/DataScience/brain-tumor-classification/data/raw/brain_mri/test/pituitary_tumor/original_494_11463.png,3,3,0.9844557
/Users/nafisebahoosh/Developer/DataScience/brain-tumor-classification/data/raw/brain_mri/test/pituitary_tumor/original_504_11475.png,3,3,0.71535337
/Users/nafisebahoosh/Developer/DataScience/brain-tumor-classification/data/raw/brain_mri/test/pituitary_tumor/original_50_13019.png,3,3,0.94401574
/Users/nafisebahoosh/Developer/DataScience/brain-tumor-classification/data/raw/brain_mri/test/pituitary_tumor/original_524_11497.png,3,3,0.98258764
/Users/nafisebahoosh/Developer/DataScience/brain-tumor-classification/data/raw/brain_mri/test/pituitary_tumor/original_526_11499.png,3,3,0.96208715
/Users/nafisebahoosh/Developer/DataScience/brain-tumor-classification/data/raw/brain_mri/test/pituitary_tumor/original_531_11505.png,3,3,0.9984463
/Users/nafisebahoosh/Developer/DataScience/brain-tumor-classification/data/raw/brain_mri/test/pituitary_tumor/original_534_11508.png,3,3,0.98880494
/Users/nafisebahoosh/Developer/DataScience/brain-tumor-classification/data/raw/brain_mri/test/pituitary_tumor/original_536_11510.png,3,3,0.99212575
/Users/nafisebahoosh/Developer/DataScience/brain-tumor-classification/data/raw/brain_mri/test/pituitary_tumor/original_537_11511.png,3,3,0.98585004
/Users/nafisebahoosh/Developer/DataScience/brain-tumor-classification/data/raw/brain_mri/test/pituitary_tumor/original_557_11533.png,3,3,0.9637881
/Users/nafisebahoosh/Developer/DataScience/brain-tumor-classification/data/raw/brain_mri/test/pituitary_tumor/original_55_1269.png,3,3,0.9868658
/Users/nafisebahoosh/Developer/DataScience/brain-tumor-classification/data/raw/brain_mri/test/pituitary_tumor/original_560_11537.png,3,3,0.98047584
/Users/nafisebahoosh/Developer/DataScience/brain-tumor-classification/data/raw/brain_mri/test/pituitary_tumor/original_562_11539.png,3,3,0.9867888
/Users/nafisebahoosh/Developer/DataScience/brain-tumor-classification/data/raw/brain_mri/test/pituitary_tumor/original_569_11546.png,3,3,0.97798264
/Users/nafisebahoosh/Developer/DataScience/brain-tumor-classification/data/raw/brain_mri/test/pituitary_tumor/original_58_1272.png,3,3,0.96113175
/Users/nafisebahoosh/Developer/DataScience/brain-tumor-classification/data/raw/brain_mri/test/pituitary_tumor/original_590_11570.png,3,3,0.9948778
/Users/nafisebahoosh/Developer/DataScience/brain-tumor-classification/data/raw/brain_mri/test/pituitary_tumor/original_592_11572.png,3,3,0.9781928
/Users/nafisebahoosh/Developer/DataScience/brain-tumor-classification/data/raw/brain_mri/test/pituitary_tumor/original_596_11576.png,3,3,0.99798065
/Users/nafisebahoosh/Developer/DataScience/brain-tumor-classification/data/raw/brain_mri/test/pituitary_tumor/original_5_11469.png,3,3,0.98707134
/Users/nafisebahoosh/Developer/DataScience/brain-tumor-classification/data/raw/brain_mri/test/pituitary_tumor/original_608_11590.png,3,3,0.94292134
/Users/nafisebahoosh/Developer/DataScience/brain-tumor-classification/data/raw/brain_mri/test/pituitary_tumor/original_60_11581.png,3,3,0.96056175
/Users/nafisebahoosh/Developer/DataScience/brain-tumor-classification/data/raw/brain_mri/test/pituitary_tumor/original_60_1275.png,3,3,0.9979869
/Users/nafisebahoosh/Developer/DataScience/brain-tumor-classification/data/raw/brain_mri/test/pituitary_tumor/original_616_11599.png,3,3,0.97607577
/Users/nafisebahoosh/Developer/DataScience/brain-tumor-classification/data/raw/brain_mri/test/pituitary_tumor/original_623_11607.png,3,3,0.9953843
/Users/nafisebahoosh/Developer/DataScience/brain-tumor-classification/data/raw/brain_mri/test/pituitary_tumor/original_637_11622.png,3,3,0.9492986
/Users/nafisebahoosh/Developer/DataScience/brain-tumor-classification/data/raw/brain_mri/test/pituitary_tumor/original_660_11648.png,3,3,0.9627396
/Users/nafisebahoosh/Developer/DataScience/brain-tumor-classification/data/raw/brain_mri/test/pituitary_tumor/original_664_11652.png,3,3,0.94273585
/Users/nafisebahoosh/Developer/DataScience/brain-tumor-classification/data/raw/brain_mri/test/pituitary_tumor/original_66_13036.png,3,3,0.99490994
/Users/nafisebahoosh/Developer/DataScience/brain-tumor-classification/data/raw/brain_mri/test/pituitary_tumor/original_681_11671.png,3,3,0.9622634
/Users/nafisebahoosh/Developer/DataScience/brain-tumor-classification/data/raw/brain_mri/test/pituitary_tumor/original_700_11693.png,3,3,0.71535337
/Users/nafisebahoosh/Developer/DataScience/brain-tumor-classification/data/raw/brain_mri/test/pituitary_tumor/original_704_11697.png,3,3,0.7909347
/Users/nafisebahoosh/Developer/DataScience/brain-tumor-classification/data/raw/brain_mri/test/pituitary_tumor/original_70_1286.png,3,3,0.97121555
/Users/nafisebahoosh/Developer/DataScience/brain-tumor-classification/data/raw/brain_mri/test/pituitary_tumor/original_76_13047.png,3,3,0.98052615
/Users/nafisebahoosh/Developer/DataScience/brain-tumor-classification/data/raw/brain_mri/test/pituitary_tumor/original_88_11740.png,3,3,0.85028815
/Users/nafisebahoosh/Developer/DataScience/brain-tumor-classification/data/raw/brain_mri/test/pituitary_tumor/original_89_11741.png,3,3,0.9829624
